[     374ms] [ERROR] Failed to load resource: the server responded with a status of 404 (Not Found) @ http://localhost:3000/sites/intarcs-redesign/images/hero-visual.jpg:0
[     439ms] [INFO] %cDownload the React DevTools for a better development experience: https://react.dev/link/react-devtools font-weight:bold @ http://localhost:3000/_next/static/chunks/node_modules_next_dist_1e8vcs8._.js:776
[     533ms] [LOG] [HMR] connected @ http://localhost:3000/_next/static/chunks/node_modules_next_dist_1e8vcs8._.js:776
[     771ms] [LOG] [Fast Refresh] done in 177ms @ http://localhost:3000/_next/static/chunks/node_modules_next_dist_1e8vcs8._.js:776
[     817ms] [LOG] [Fast Refresh] done in 177ms @ http://localhost:3000/_next/static/chunks/node_modules_next_dist_1e8vcs8._.js:776
[     866ms] [LOG] [Fast Refresh] done in 177ms @ http://localhost:3000/_next/static/chunks/node_modules_next_dist_1e8vcs8._.js:776
[     915ms] [LOG] [Fast Refresh] done in 177ms @ http://localhost:3000/_next/static/chunks/node_modules_next_dist_1e8vcs8._.js:776
[     968ms] [LOG] [Fast Refresh] done in 177ms @ http://localhost:3000/_next/static/chunks/node_modules_next_dist_1e8vcs8._.js:776
[    1015ms] [LOG] [Fast Refresh] done in 177ms @ http://localhost:3000/_next/static/chunks/node_modules_next_dist_1e8vcs8._.js:776
[    1053ms] [LOG] [Fast Refresh] done in 177ms @ http://localhost:3000/_next/static/chunks/node_modules_next_dist_1e8vcs8._.js:776
[    1101ms] [LOG] [Fast Refresh] done in 177ms @ http://localhost:3000/_next/static/chunks/node_modules_next_dist_1e8vcs8._.js:776
[    1147ms] [LOG] [Fast Refresh] done in 177ms @ http://localhost:3000/_next/static/chunks/node_modules_next_dist_1e8vcs8._.js:776
[    1194ms] [LOG] [Fast Refresh] done in 177ms @ http://localhost:3000/_next/static/chunks/node_modules_next_dist_1e8vcs8._.js:776
[    1240ms] [LOG] [Fast Refresh] done in 177ms @ http://localhost:3000/_next/static/chunks/node_modules_next_dist_1e8vcs8._.js:776
[    1287ms] [LOG] [Fast Refresh] done in 177ms @ http://localhost:3000/_next/static/chunks/node_modules_next_dist_1e8vcs8._.js:776
[    1336ms] [LOG] [Fast Refresh] done in 177ms @ http://localhost:3000/_next/static/chunks/node_modules_next_dist_1e8vcs8._.js:776
[    1384ms] [LOG] [Fast Refresh] done in 177ms @ http://localhost:3000/_next/static/chunks/node_modules_next_dist_1e8vcs8._.js:776
[    1429ms] [LOG] [Fast Refresh] done in 177ms @ http://localhost:3000/_next/static/chunks/node_modules_next_dist_1e8vcs8._.js:776
[    1476ms] [LOG] [Fast Refresh] done in 177ms @ http://localhost:3000/_next/static/chunks/node_modules_next_dist_1e8vcs8._.js:776
[    1525ms] [LOG] [Fast Refresh] done in 177ms @ http://localhost:3000/_next/static/chunks/node_modules_next_dist_1e8vcs8._.js:776
[    1573ms] [LOG] [Fast Refresh] done in 177ms @ http://localhost:3000/_next/static/chunks/node_modules_next_dist_1e8vcs8._.js:776
[    1624ms] [LOG] [Fast Refresh] done in 177ms @ http://localhost:3000/_next/static/chunks/node_modules_next_dist_1e8vcs8._.js:776
[    1673ms] [LOG] [Fast Refresh] done in 177ms @ http://localhost:3000/_next/static/chunks/node_modules_next_dist_1e8vcs8._.js:776
[    1719ms] [LOG] [Fast Refresh] done in 177ms @ http://localhost:3000/_next/static/chunks/node_modules_next_dist_1e8vcs8._.js:776
[    1770ms] [LOG] [Fast Refresh] done in 1181ms @ http://localhost:3000/_next/static/chunks/node_modules_next_dist_1e8vcs8._.js:776
[    1822ms] [LOG] [Fast Refresh] done in 1181ms @ http://localhost:3000/_next/static/chunks/node_modules_next_dist_1e8vcs8._.js:776
[    1869ms] [LOG] [Fast Refresh] done in 1181ms @ http://localhost:3000/_next/static/chunks/node_modules_next_dist_1e8vcs8._.js:776
[    1917ms] [LOG] [Fast Refresh] done in 1181ms @ http://localhost:3000/_next/static/chunks/node_modules_next_dist_1e8vcs8._.js:776
[    1963ms] [LOG] [Fast Refresh] done in 1181ms @ http://localhost:3000/_next/static/chunks/node_modules_next_dist_1e8vcs8._.js:776
[    2010ms] [LOG] [Fast Refresh] done in 1181ms @ http://localhost:3000/_next/static/chunks/node_modules_next_dist_1e8vcs8._.js:776
[    2056ms] [LOG] [Fast Refresh] done in 1181ms @ http://localhost:3000/_next/static/chunks/node_modules_next_dist_1e8vcs8._.js:776
[    2102ms] [LOG] [Fast Refresh] done in 1181ms @ http://localhost:3000/_next/static/chunks/node_modules_next_dist_1e8vcs8._.js:776
[    2147ms] [LOG] [Fast Refresh] done in 1181ms @ http://localhost:3000/_next/static/chunks/node_modules_next_dist_1e8vcs8._.js:776
[    2193ms] [LOG] [Fast Refresh] done in 1181ms @ http://localhost:3000/_next/static/chunks/node_modules_next_dist_1e8vcs8._.js:776
[    2239ms] [LOG] [Fast Refresh] done in 1181ms @ http://localhost:3000/_next/static/chunks/node_modules_next_dist_1e8vcs8._.js:776
[    2286ms] [LOG] [Fast Refresh] done in 1181ms @ http://localhost:3000/_next/static/chunks/node_modules_next_dist_1e8vcs8._.js:776
[    2333ms] [LOG] [Fast Refresh] done in 1181ms @ http://localhost:3000/_next/static/chunks/node_modules_next_dist_1e8vcs8._.js:776
[    2373ms] [LOG] [Fast Refresh] done in 1181ms @ http://localhost:3000/_next/static/chunks/node_modules_next_dist_1e8vcs8._.js:776
[    2421ms] [LOG] [Fast Refresh] done in 1181ms @ http://localhost:3000/_next/static/chunks/node_modules_next_dist_1e8vcs8._.js:776
[    2470ms] [LOG] [Fast Refresh] done in 1181ms @ http://localhost:3000/_next/static/chunks/node_modules_next_dist_1e8vcs8._.js:776
[    2518ms] [LOG] [Fast Refresh] done in 1181ms @ http://localhost:3000/_next/static/chunks/node_modules_next_dist_1e8vcs8._.js:776
[    2569ms] [LOG] [Fast Refresh] done in 1181ms @ http://localhost:3000/_next/static/chunks/node_modules_next_dist_1e8vcs8._.js:776
[    2620ms] [LOG] [Fast Refresh] done in 1181ms @ http://localhost:3000/_next/static/chunks/node_modules_next_dist_1e8vcs8._.js:776
[    2668ms] [LOG] [Fast Refresh] done in 1181ms @ http://localhost:3000/_next/static/chunks/node_modules_next_dist_1e8vcs8._.js:776
[    2711ms] [LOG] [Fast Refresh] done in 1181ms @ http://localhost:3000/_next/static/chunks/node_modules_next_dist_1e8vcs8._.js:776
[    2779ms] [LOG] [Fast Refresh] done in 2185ms @ http://localhost:3000/_next/static/chunks/node_modules_next_dist_1e8vcs8._.js:776
[    2832ms] [LOG] [Fast Refresh] done in 2185ms @ http://localhost:3000/_next/static/chunks/node_modules_next_dist_1e8vcs8._.js:776
[    2876ms] [LOG] [Fast Refresh] done in 2185ms @ http://localhost:3000/_next/static/chunks/node_modules_next_dist_1e8vcs8._.js:776
[    2923ms] [LOG] [Fast Refresh] done in 2185ms @ http://localhost:3000/_next/static/chunks/node_modules_next_dist_1e8vcs8._.js:776
[    2976ms] [LOG] [Fast Refresh] done in 2185ms @ http://localhost:3000/_next/static/chunks/node_modules_next_dist_1e8vcs8._.js:776
[    3030ms] [LOG] [Fast Refresh] done in 2185ms @ http://localhost:3000/_next/static/chunks/node_modules_next_dist_1e8vcs8._.js:776
[    3080ms] [LOG] [Fast Refresh] done in 2185ms @ http://localhost:3000/_next/static/chunks/node_modules_next_dist_1e8vcs8._.js:776
[    3132ms] [LOG] [Fast Refresh] done in 2185ms @ http://localhost:3000/_next/static/chunks/node_modules_next_dist_1e8vcs8._.js:776
[    3181ms] [LOG] [Fast Refresh] done in 2185ms @ http://localhost:3000/_next/static/chunks/node_modules_next_dist_1e8vcs8._.js:776
[    3235ms] [LOG] [Fast Refresh] done in 2185ms @ http://localhost:3000/_next/static/chunks/node_modules_next_dist_1e8vcs8._.js:776
[    3287ms] [LOG] [Fast Refresh] done in 2185ms @ http://localhost:3000/_next/static/chunks/node_modules_next_dist_1e8vcs8._.js:776
[    3336ms] [LOG] [Fast Refresh] done in 2185ms @ http://localhost:3000/_next/static/chunks/node_modules_next_dist_1e8vcs8._.js:776
[    3386ms] [LOG] [Fast Refresh] done in 2185ms @ http://localhost:3000/_next/static/chunks/node_modules_next_dist_1e8vcs8._.js:776
[    3444ms] [LOG] [Fast Refresh] done in 2185ms @ http://localhost:3000/_next/static/chunks/node_modules_next_dist_1e8vcs8._.js:776
[    3494ms] [LOG] [Fast Refresh] done in 2185ms @ http://localhost:3000/_next/static/chunks/node_modules_next_dist_1e8vcs8._.js:776
[    3547ms] [LOG] [Fast Refresh] done in 2185ms @ http://localhost:3000/_next/static/chunks/node_modules_next_dist_1e8vcs8._.js:776
[    3596ms] [LOG] [Fast Refresh] done in 2185ms @ http://localhost:3000/_next/static/chunks/node_modules_next_dist_1e8vcs8._.js:776
[    3647ms] [LOG] [Fast Refresh] done in 2185ms @ http://localhost:3000/_next/static/chunks/node_modules_next_dist_1e8vcs8._.js:776
[    3699ms] [LOG] [Fast Refresh] done in 2185ms @ http://localhost:3000/_next/static/chunks/node_modules_next_dist_1e8vcs8._.js:776
[    3773ms] [LOG] [Fast Refresh] done in 3209ms @ http://localhost:3000/_next/static/chunks/node_modules_next_dist_1e8vcs8._.js:776
[    3820ms] [LOG] [Fast Refresh] done in 3209ms @ http://localhost:3000/_next/static/chunks/node_modules_next_dist_1e8vcs8._.js:776
[    3878ms] [LOG] [Fast Refresh] done in 3209ms @ http://localhost:3000/_next/static/chunks/node_modules_next_dist_1e8vcs8._.js:776
[    3927ms] [LOG] [Fast Refresh] done in 3209ms @ http://localhost:3000/_next/static/chunks/node_modules_next_dist_1e8vcs8._.js:776
[    3977ms] [LOG] [Fast Refresh] done in 3209ms @ http://localhost:3000/_next/static/chunks/node_modules_next_dist_1e8vcs8._.js:776
[    4025ms] [LOG] [Fast Refresh] done in 3209ms @ http://localhost:3000/_next/static/chunks/node_modules_next_dist_1e8vcs8._.js:776
[    4074ms] [LOG] [Fast Refresh] done in 3209ms @ http://localhost:3000/_next/static/chunks/node_modules_next_dist_1e8vcs8._.js:776
[    4138ms] [LOG] [Fast Refresh] done in 3209ms @ http://localhost:3000/_next/static/chunks/node_modules_next_dist_1e8vcs8._.js:776
[    4191ms] [LOG] [Fast Refresh] done in 3209ms @ http://localhost:3000/_next/static/chunks/node_modules_next_dist_1e8vcs8._.js:776
[    4241ms] [LOG] [Fast Refresh] done in 3209ms @ http://localhost:3000/_next/static/chunks/node_modules_next_dist_1e8vcs8._.js:776
[    4289ms] [LOG] [Fast Refresh] done in 3209ms @ http://localhost:3000/_next/static/chunks/node_modules_next_dist_1e8vcs8._.js:776
[    4336ms] [LOG] [Fast Refresh] done in 3209ms @ http://localhost:3000/_next/static/chunks/node_modules_next_dist_1e8vcs8._.js:776
[    4384ms] [LOG] [Fast Refresh] done in 3209ms @ http://localhost:3000/_next/static/chunks/node_modules_next_dist_1e8vcs8._.js:776
[    4431ms] [LOG] [Fast Refresh] done in 3209ms @ http://localhost:3000/_next/static/chunks/node_modules_next_dist_1e8vcs8._.js:776
[    4484ms] [LOG] [Fast Refresh] done in 3209ms @ http://localhost:3000/_next/static/chunks/node_modules_next_dist_1e8vcs8._.js:776
[    4610ms] [LOG] [Fast Refresh] done in 3209ms @ http://localhost:3000/_next/static/chunks/node_modules_next_dist_1e8vcs8._.js:776
[    4657ms] [LOG] [Fast Refresh] done in 3209ms @ http://localhost:3000/_next/static/chunks/node_modules_next_dist_1e8vcs8._.js:776
[    4707ms] [LOG] [Fast Refresh] done in 3209ms @ http://localhost:3000/_next/static/chunks/node_modules_next_dist_1e8vcs8._.js:776
[    4759ms] [LOG] [Fast Refresh] done in 4214ms @ http://localhost:3000/_next/static/chunks/node_modules_next_dist_1e8vcs8._.js:776
[    4801ms] [LOG] [Fast Refresh] done in 4214ms @ http://localhost:3000/_next/static/chunks/node_modules_next_dist_1e8vcs8._.js:776
[    4847ms] [LOG] [Fast Refresh] done in 4214ms @ http://localhost:3000/_next/static/chunks/node_modules_next_dist_1e8vcs8._.js:776
[    4886ms] [LOG] [Fast Refresh] done in 4214ms @ http://localhost:3000/_next/static/chunks/node_modules_next_dist_1e8vcs8._.js:776
[    4932ms] [LOG] [Fast Refresh] done in 4214ms @ http://localhost:3000/_next/static/chunks/node_modules_next_dist_1e8vcs8._.js:776
[    4980ms] [LOG] [Fast Refresh] done in 4214ms @ http://localhost:3000/_next/static/chunks/node_modules_next_dist_1e8vcs8._.js:776
[    5027ms] [LOG] [Fast Refresh] done in 4214ms @ http://localhost:3000/_next/static/chunks/node_modules_next_dist_1e8vcs8._.js:776
[    5078ms] [LOG] [Fast Refresh] done in 4214ms @ http://localhost:3000/_next/static/chunks/node_modules_next_dist_1e8vcs8._.js:776
[    5134ms] [LOG] [Fast Refresh] done in 4214ms @ http://localhost:3000/_next/static/chunks/node_modules_next_dist_1e8vcs8._.js:776
[    5200ms] [LOG] [Fast Refresh] done in 4214ms @ http://localhost:3000/_next/static/chunks/node_modules_next_dist_1e8vcs8._.js:776
[    5249ms] [LOG] [Fast Refresh] done in 4214ms @ http://localhost:3000/_next/static/chunks/node_modules_next_dist_1e8vcs8._.js:776
[    5438ms] [LOG] [Fast Refresh] done in 4214ms @ http://localhost:3000/_next/static/chunks/node_modules_next_dist_1e8vcs8._.js:776
[    5480ms] [LOG] [Fast Refresh] done in 4214ms @ http://localhost:3000/_next/static/chunks/node_modules_next_dist_1e8vcs8._.js:776
[    5528ms] [LOG] [Fast Refresh] done in 4214ms @ http://localhost:3000/_next/static/chunks/node_modules_next_dist_1e8vcs8._.js:776
[    5563ms] [LOG] [Fast Refresh] done in 4214ms @ http://localhost:3000/_next/static/chunks/node_modules_next_dist_1e8vcs8._.js:776
[    5664ms] [LOG] [Fast Refresh] done in 4214ms @ http://localhost:3000/_next/static/chunks/node_modules_next_dist_1e8vcs8._.js:776
[    5710ms] [LOG] [Fast Refresh] done in 4214ms @ http://localhost:3000/_next/static/chunks/node_modules_next_dist_1e8vcs8._.js:776
[    5757ms] [LOG] [Fast Refresh] done in 4214ms @ http://localhost:3000/_next/static/chunks/node_modules_next_dist_1e8vcs8._.js:776
[    5830ms] [LOG] [Fast Refresh] done in 5219ms @ http://localhost:3000/_next/static/chunks/node_modules_next_dist_1e8vcs8._.js:776
[    5903ms] [LOG] [Fast Refresh] done in 5219ms @ http://localhost:3000/_next/static/chunks/node_modules_next_dist_1e8vcs8._.js:776
[    5950ms] [LOG] [Fast Refresh] done in 5219ms @ http://localhost:3000/_next/static/chunks/node_modules_next_dist_1e8vcs8._.js:776
[    5997ms] [LOG] [Fast Refresh] done in 5219ms @ http://localhost:3000/_next/static/chunks/node_modules_next_dist_1e8vcs8._.js:776
[    6044ms] [LOG] [Fast Refresh] done in 5219ms @ http://localhost:3000/_next/static/chunks/node_modules_next_dist_1e8vcs8._.js:776
[    6091ms] [LOG] [Fast Refresh] done in 5219ms @ http://localhost:3000/_next/static/chunks/node_modules_next_dist_1e8vcs8._.js:776
[    6139ms] [LOG] [Fast Refresh] done in 5219ms @ http://localhost:3000/_next/static/chunks/node_modules_next_dist_1e8vcs8._.js:776
[    6189ms] [LOG] [Fast Refresh] done in 5219ms @ http://localhost:3000/_next/static/chunks/node_modules_next_dist_1e8vcs8._.js:776
[    6241ms] [LOG] [Fast Refresh] done in 5219ms @ http://localhost:3000/_next/static/chunks/node_modules_next_dist_1e8vcs8._.js:776
[    6289ms] [LOG] [Fast Refresh] done in 5219ms @ http://localhost:3000/_next/static/chunks/node_modules_next_dist_1e8vcs8._.js:776
[    6337ms] [LOG] [Fast Refresh] done in 5219ms @ http://localhost:3000/_next/static/chunks/node_modules_next_dist_1e8vcs8._.js:776
[    6390ms] [LOG] [Fast Refresh] done in 5219ms @ http://localhost:3000/_next/static/chunks/node_modules_next_dist_1e8vcs8._.js:776
[    6436ms] [LOG] [Fast Refresh] done in 5219ms @ http://localhost:3000/_next/static/chunks/node_modules_next_dist_1e8vcs8._.js:776
[    6488ms] [LOG] [Fast Refresh] done in 5219ms @ http://localhost:3000/_next/static/chunks/node_modules_next_dist_1e8vcs8._.js:776
[    6539ms] [LOG] [Fast Refresh] done in 5219ms @ http://localhost:3000/_next/static/chunks/node_modules_next_dist_1e8vcs8._.js:776
[    6590ms] [LOG] [Fast Refresh] done in 5219ms @ http://localhost:3000/_next/static/chunks/node_modules_next_dist_1e8vcs8._.js:776
[    6640ms] [LOG] [Fast Refresh] done in 5219ms @ http://localhost:3000/_next/static/chunks/node_modules_next_dist_1e8vcs8._.js:776
[    6690ms] [LOG] [Fast Refresh] done in 5219ms @ http://localhost:3000/_next/static/chunks/node_modules_next_dist_1e8vcs8._.js:776
[    6739ms] [LOG] [Fast Refresh] done in 5219ms @ http://localhost:3000/_next/static/chunks/node_modules_next_dist_1e8vcs8._.js:776
[    6814ms] [LOG] [Fast Refresh] done in 6221ms @ http://localhost:3000/_next/static/chunks/node_modules_next_dist_1e8vcs8._.js:776
[    6865ms] [LOG] [Fast Refresh] done in 6221ms @ http://localhost:3000/_next/static/chunks/node_modules_next_dist_1e8vcs8._.js:776
[    6911ms] [LOG] [Fast Refresh] done in 6221ms @ http://localhost:3000/_next/static/chunks/node_modules_next_dist_1e8vcs8._.js:776
[    6957ms] [LOG] [Fast Refresh] done in 6221ms @ http://localhost:3000/_next/static/chunks/node_modules_next_dist_1e8vcs8._.js:776
[    7005ms] [LOG] [Fast Refresh] done in 6221ms @ http://localhost:3000/_next/static/chunks/node_modules_next_dist_1e8vcs8._.js:776
[    7052ms] [LOG] [Fast Refresh] done in 6221ms @ http://localhost:3000/_next/static/chunks/node_modules_next_dist_1e8vcs8._.js:776
[    7106ms] [LOG] [Fast Refresh] done in 6221ms @ http://localhost:3000/_next/static/chunks/node_modules_next_dist_1e8vcs8._.js:776
[    7158ms] [LOG] [Fast Refresh] done in 6221ms @ http://localhost:3000/_next/static/chunks/node_modules_next_dist_1e8vcs8._.js:776
[    7206ms] [LOG] [Fast Refresh] done in 6221ms @ http://localhost:3000/_next/static/chunks/node_modules_next_dist_1e8vcs8._.js:776
[    7254ms] [LOG] [Fast Refresh] done in 6221ms @ http://localhost:3000/_next/static/chunks/node_modules_next_dist_1e8vcs8._.js:776
[    7305ms] [LOG] [Fast Refresh] done in 6221ms @ http://localhost:3000/_next/static/chunks/node_modules_next_dist_1e8vcs8._.js:776
[    7354ms] [LOG] [Fast Refresh] done in 6221ms @ http://localhost:3000/_next/static/chunks/node_modules_next_dist_1e8vcs8._.js:776
[    7404ms] [LOG] [Fast Refresh] done in 6221ms @ http://localhost:3000/_next/static/chunks/node_modules_next_dist_1e8vcs8._.js:776
[    7457ms] [LOG] [Fast Refresh] done in 6221ms @ http://localhost:3000/_next/static/chunks/node_modules_next_dist_1e8vcs8._.js:776
[    7508ms] [LOG] [Fast Refresh] done in 6221ms @ http://localhost:3000/_next/static/chunks/node_modules_next_dist_1e8vcs8._.js:776
[    7556ms] [LOG] [Fast Refresh] done in 6221ms @ http://localhost:3000/_next/static/chunks/node_modules_next_dist_1e8vcs8._.js:776
[    7603ms] [LOG] [Fast Refresh] done in 6221ms @ http://localhost:3000/_next/static/chunks/node_modules_next_dist_1e8vcs8._.js:776
[    7650ms] [LOG] [Fast Refresh] done in 6221ms @ http://localhost:3000/_next/static/chunks/node_modules_next_dist_1e8vcs8._.js:776
[    7688ms] [LOG] [Fast Refresh] done in 6221ms @ http://localhost:3000/_next/static/chunks/node_modules_next_dist_1e8vcs8._.js:776
[    7734ms] [LOG] [Fast Refresh] done in 6221ms @ http://localhost:3000/_next/static/chunks/node_modules_next_dist_1e8vcs8._.js:776
[    7809ms] [LOG] [Fast Refresh] done in 7227ms @ http://localhost:3000/_next/static/chunks/node_modules_next_dist_1e8vcs8._.js:776
[    7849ms] [LOG] [Fast Refresh] done in 7227ms @ http://localhost:3000/_next/static/chunks/node_modules_next_dist_1e8vcs8._.js:776
[    7894ms] [LOG] [Fast Refresh] done in 7227ms @ http://localhost:3000/_next/static/chunks/node_modules_next_dist_1e8vcs8._.js:776
[    7941ms] [LOG] [Fast Refresh] done in 7227ms @ http://localhost:3000/_next/static/chunks/node_modules_next_dist_1e8vcs8._.js:776
[    7987ms] [LOG] [Fast Refresh] done in 7227ms @ http://localhost:3000/_next/static/chunks/node_modules_next_dist_1e8vcs8._.js:776
[    8032ms] [LOG] [Fast Refresh] done in 7227ms @ http://localhost:3000/_next/static/chunks/node_modules_next_dist_1e8vcs8._.js:776
[    8082ms] [LOG] [Fast Refresh] done in 7227ms @ http://localhost:3000/_next/static/chunks/node_modules_next_dist_1e8vcs8._.js:776
[    8134ms] [LOG] [Fast Refresh] done in 7227ms @ http://localhost:3000/_next/static/chunks/node_modules_next_dist_1e8vcs8._.js:776
[    8187ms] [LOG] [Fast Refresh] done in 7227ms @ http://localhost:3000/_next/static/chunks/node_modules_next_dist_1e8vcs8._.js:776
[    8238ms] [LOG] [Fast Refresh] done in 7227ms @ http://localhost:3000/_next/static/chunks/node_modules_next_dist_1e8vcs8._.js:776
[    8286ms] [LOG] [Fast Refresh] done in 7227ms @ http://localhost:3000/_next/static/chunks/node_modules_next_dist_1e8vcs8._.js:776
[    8334ms] [LOG] [Fast Refresh] done in 7227ms @ http://localhost:3000/_next/static/chunks/node_modules_next_dist_1e8vcs8._.js:776
[    8385ms] [LOG] [Fast Refresh] done in 7227ms @ http://localhost:3000/_next/static/chunks/node_modules_next_dist_1e8vcs8._.js:776
[    8436ms] [LOG] [Fast Refresh] done in 7227ms @ http://localhost:3000/_next/static/chunks/node_modules_next_dist_1e8vcs8._.js:776
[    8491ms] [LOG] [Fast Refresh] done in 7227ms @ http://localhost:3000/_next/static/chunks/node_modules_next_dist_1e8vcs8._.js:776
[    8544ms] [LOG] [Fast Refresh] done in 7227ms @ http://localhost:3000/_next/static/chunks/node_modules_next_dist_1e8vcs8._.js:776
[    8597ms] [LOG] [Fast Refresh] done in 7227ms @ http://localhost:3000/_next/static/chunks/node_modules_next_dist_1e8vcs8._.js:776
[    8653ms] [LOG] [Fast Refresh] done in 7227ms @ http://localhost:3000/_next/static/chunks/node_modules_next_dist_1e8vcs8._.js:776
[    8703ms] [LOG] [Fast Refresh] done in 7227ms @ http://localhost:3000/_next/static/chunks/node_modules_next_dist_1e8vcs8._.js:776
[    8751ms] [LOG] [Fast Refresh] done in 7227ms @ http://localhost:3000/_next/static/chunks/node_modules_next_dist_1e8vcs8._.js:776
[    8814ms] [LOG] [Fast Refresh] done in 8230ms @ http://localhost:3000/_next/static/chunks/node_modules_next_dist_1e8vcs8._.js:776
[    8855ms] [LOG] [Fast Refresh] done in 8230ms @ http://localhost:3000/_next/static/chunks/node_modules_next_dist_1e8vcs8._.js:776
[    8892ms] [LOG] [Fast Refresh] done in 8230ms @ http://localhost:3000/_next/static/chunks/node_modules_next_dist_1e8vcs8._.js:776
[    8939ms] [LOG] [Fast Refresh] done in 8230ms @ http://localhost:3000/_next/static/chunks/node_modules_next_dist_1e8vcs8._.js:776
[    8987ms] [LOG] [Fast Refresh] done in 8230ms @ http://localhost:3000/_next/static/chunks/node_modules_next_dist_1e8vcs8._.js:776
[    9036ms] [LOG] [Fast Refresh] done in 8230ms @ http://localhost:3000/_next/static/chunks/node_modules_next_dist_1e8vcs8._.js:776
[    9088ms] [LOG] [Fast Refresh] done in 8230ms @ http://localhost:3000/_next/static/chunks/node_modules_next_dist_1e8vcs8._.js:776
[    9139ms] [LOG] [Fast Refresh] done in 8230ms @ http://localhost:3000/_next/static/chunks/node_modules_next_dist_1e8vcs8._.js:776
[    9188ms] [LOG] [Fast Refresh] done in 8230ms @ http://localhost:3000/_next/static/chunks/node_modules_next_dist_1e8vcs8._.js:776
[    9237ms] [LOG] [Fast Refresh] done in 8230ms @ http://localhost:3000/_next/static/chunks/node_modules_next_dist_1e8vcs8._.js:776
[    9288ms] [LOG] [Fast Refresh] done in 8230ms @ http://localhost:3000/_next/static/chunks/node_modules_next_dist_1e8vcs8._.js:776
[    9336ms] [LOG] [Fast Refresh] done in 8230ms @ http://localhost:3000/_next/static/chunks/node_modules_next_dist_1e8vcs8._.js:776
[    9383ms] [LOG] [Fast Refresh] done in 8230ms @ http://localhost:3000/_next/static/chunks/node_modules_next_dist_1e8vcs8._.js:776
[    9436ms] [LOG] [Fast Refresh] done in 8230ms @ http://localhost:3000/_next/static/chunks/node_modules_next_dist_1e8vcs8._.js:776
[    9489ms] [LOG] [Fast Refresh] done in 8230ms @ http://localhost:3000/_next/static/chunks/node_modules_next_dist_1e8vcs8._.js:776
[    9546ms] [LOG] [Fast Refresh] done in 8230ms @ http://localhost:3000/_next/static/chunks/node_modules_next_dist_1e8vcs8._.js:776
[    9598ms] [LOG] [Fast Refresh] done in 8230ms @ http://localhost:3000/_next/static/chunks/node_modules_next_dist_1e8vcs8._.js:776
[    9642ms] [LOG] [Fast Refresh] done in 8230ms @ http://localhost:3000/_next/static/chunks/node_modules_next_dist_1e8vcs8._.js:776
[    9697ms] [LOG] [Fast Refresh] done in 8230ms @ http://localhost:3000/_next/static/chunks/node_modules_next_dist_1e8vcs8._.js:776
[    9749ms] [LOG] [Fast Refresh] done in 8230ms @ http://localhost:3000/_next/static/chunks/node_modules_next_dist_1e8vcs8._.js:776
[    9839ms] [LOG] [Fast Refresh] done in 9241ms @ http://localhost:3000/_next/static/chunks/node_modules_next_dist_1e8vcs8._.js:776
[    9895ms] [LOG] [Fast Refresh] done in 9241ms @ http://localhost:3000/_next/static/chunks/node_modules_next_dist_1e8vcs8._.js:776
[    9941ms] [LOG] [Fast Refresh] done in 9241ms @ http://localhost:3000/_next/static/chunks/node_modules_next_dist_1e8vcs8._.js:776
[    9988ms] [LOG] [Fast Refresh] done in 9241ms @ http://localhost:3000/_next/static/chunks/node_modules_next_dist_1e8vcs8._.js:776
[   10035ms] [LOG] [Fast Refresh] done in 9241ms @ http://localhost:3000/_next/static/chunks/node_modules_next_dist_1e8vcs8._.js:776
[   10082ms] [LOG] [Fast Refresh] done in 9241ms @ http://localhost:3000/_next/static/chunks/node_modules_next_dist_1e8vcs8._.js:776
[   10133ms] [LOG] [Fast Refresh] done in 9241ms @ http://localhost:3000/_next/static/chunks/node_modules_next_dist_1e8vcs8._.js:776
[   10172ms] [LOG] [Fast Refresh] done in 9241ms @ http://localhost:3000/_next/static/chunks/node_modules_next_dist_1e8vcs8._.js:776
[   10207ms] [LOG] [Fast Refresh] done in 9241ms @ http://localhost:3000/_next/static/chunks/node_modules_next_dist_1e8vcs8._.js:776
[   10254ms] [LOG] [Fast Refresh] done in 9241ms @ http://localhost:3000/_next/static/chunks/node_modules_next_dist_1e8vcs8._.js:776
[   10301ms] [LOG] [Fast Refresh] done in 9241ms @ http://localhost:3000/_next/static/chunks/node_modules_next_dist_1e8vcs8._.js:776
[   10345ms] [LOG] [Fast Refresh] done in 9241ms @ http://localhost:3000/_next/static/chunks/node_modules_next_dist_1e8vcs8._.js:776
[   10391ms] [LOG] [Fast Refresh] done in 9241ms @ http://localhost:3000/_next/static/chunks/node_modules_next_dist_1e8vcs8._.js:776
[   10436ms] [LOG] [Fast Refresh] done in 9241ms @ http://localhost:3000/_next/static/chunks/node_modules_next_dist_1e8vcs8._.js:776
[   10482ms] [LOG] [Fast Refresh] done in 9241ms @ http://localhost:3000/_next/static/chunks/node_modules_next_dist_1e8vcs8._.js:776
[   10532ms] [LOG] [Fast Refresh] done in 9241ms @ http://localhost:3000/_next/static/chunks/node_modules_next_dist_1e8vcs8._.js:776
[   10590ms] [LOG] [Fast Refresh] done in 9241ms @ http://localhost:3000/_next/static/chunks/node_modules_next_dist_1e8vcs8._.js:776
[   10642ms] [LOG] [Fast Refresh] done in 9241ms @ http://localhost:3000/_next/static/chunks/node_modules_next_dist_1e8vcs8._.js:776
[   10697ms] [LOG] [Fast Refresh] done in 9241ms @ http://localhost:3000/_next/static/chunks/node_modules_next_dist_1e8vcs8._.js:776
[   10746ms] [LOG] [Fast Refresh] done in 9241ms @ http://localhost:3000/_next/static/chunks/node_modules_next_dist_1e8vcs8._.js:776
[   10840ms] [LOG] [Fast Refresh] done in 10245ms @ http://localhost:3000/_next/static/chunks/node_modules_next_dist_1e8vcs8._.js:776
[   10887ms] [LOG] [Fast Refresh] done in 10245ms @ http://localhost:3000/_next/static/chunks/node_modules_next_dist_1e8vcs8._.js:776
[   10933ms] [LOG] [Fast Refresh] done in 10245ms @ http://localhost:3000/_next/static/chunks/node_modules_next_dist_1e8vcs8._.js:776
[   10977ms] [LOG] [Fast Refresh] done in 10245ms @ http://localhost:3000/_next/static/chunks/node_modules_next_dist_1e8vcs8._.js:776
[   11024ms] [LOG] [Fast Refresh] done in 10245ms @ http://localhost:3000/_next/static/chunks/node_modules_next_dist_1e8vcs8._.js:776
[   11070ms] [LOG] [Fast Refresh] done in 10245ms @ http://localhost:3000/_next/static/chunks/node_modules_next_dist_1e8vcs8._.js:776
[   11119ms] [LOG] [Fast Refresh] done in 10245ms @ http://localhost:3000/_next/static/chunks/node_modules_next_dist_1e8vcs8._.js:776
[   11167ms] [LOG] [Fast Refresh] done in 10245ms @ http://localhost:3000/_next/static/chunks/node_modules_next_dist_1e8vcs8._.js:776
[   11214ms] [LOG] [Fast Refresh] done in 10245ms @ http://localhost:3000/_next/static/chunks/node_modules_next_dist_1e8vcs8._.js:776
[   11261ms] [LOG] [Fast Refresh] done in 10245ms @ http://localhost:3000/_next/static/chunks/node_modules_next_dist_1e8vcs8._.js:776
[   11310ms] [LOG] [Fast Refresh] done in 10245ms @ http://localhost:3000/_next/static/chunks/node_modules_next_dist_1e8vcs8._.js:776
[   11363ms] [LOG] [Fast Refresh] done in 10245ms @ http://localhost:3000/_next/static/chunks/node_modules_next_dist_1e8vcs8._.js:776
[   11415ms] [LOG] [Fast Refresh] done in 10245ms @ http://localhost:3000/_next/static/chunks/node_modules_next_dist_1e8vcs8._.js:776
[   11469ms] [LOG] [Fast Refresh] done in 10245ms @ http://localhost:3000/_next/static/chunks/node_modules_next_dist_1e8vcs8._.js:776
[   11523ms] [LOG] [Fast Refresh] done in 10245ms @ http://localhost:3000/_next/static/chunks/node_modules_next_dist_1e8vcs8._.js:776
[   11580ms] [LOG] [Fast Refresh] done in 10245ms @ http://localhost:3000/_next/static/chunks/node_modules_next_dist_1e8vcs8._.js:776
[   11640ms] [LOG] [Fast Refresh] done in 10245ms @ http://localhost:3000/_next/static/chunks/node_modules_next_dist_1e8vcs8._.js:776
[   11693ms] [LOG] [Fast Refresh] done in 10245ms @ http://localhost:3000/_next/static/chunks/node_modules_next_dist_1e8vcs8._.js:776
[   11742ms] [LOG] [Fast Refresh] done in 10245ms @ http://localhost:3000/_next/static/chunks/node_modules_next_dist_1e8vcs8._.js:776
[   11793ms] [LOG] [Fast Refresh] done in 11248ms @ http://localhost:3000/_next/static/chunks/node_modules_next_dist_1e8vcs8._.js:776
[   11833ms] [LOG] [Fast Refresh] done in 11248ms @ http://localhost:3000/_next/static/chunks/node_modules_next_dist_1e8vcs8._.js:776
[   11883ms] [LOG] [Fast Refresh] done in 11248ms @ http://localhost:3000/_next/static/chunks/node_modules_next_dist_1e8vcs8._.js:776
[   11929ms] [LOG] [Fast Refresh] done in 11248ms @ http://localhost:3000/_next/static/chunks/node_modules_next_dist_1e8vcs8._.js:776
[   11976ms] [LOG] [Fast Refresh] done in 11248ms @ http://localhost:3000/_next/static/chunks/node_modules_next_dist_1e8vcs8._.js:776
[   12024ms] [LOG] [Fast Refresh] done in 11248ms @ http://localhost:3000/_next/static/chunks/node_modules_next_dist_1e8vcs8._.js:776
[   12072ms] [LOG] [Fast Refresh] done in 11248ms @ http://localhost:3000/_next/static/chunks/node_modules_next_dist_1e8vcs8._.js:776
[   12120ms] [LOG] [Fast Refresh] done in 11248ms @ http://localhost:3000/_next/static/chunks/node_modules_next_dist_1e8vcs8._.js:776
[   12170ms] [LOG] [Fast Refresh] done in 11248ms @ http://localhost:3000/_next/static/chunks/node_modules_next_dist_1e8vcs8._.js:776
[   12218ms] [LOG] [Fast Refresh] done in 11248ms @ http://localhost:3000/_next/static/chunks/node_modules_next_dist_1e8vcs8._.js:776
[   12266ms] [LOG] [Fast Refresh] done in 11248ms @ http://localhost:3000/_next/static/chunks/node_modules_next_dist_1e8vcs8._.js:776
[   12313ms] [LOG] [Fast Refresh] done in 11248ms @ http://localhost:3000/_next/static/chunks/node_modules_next_dist_1e8vcs8._.js:776
[   12359ms] [LOG] [Fast Refresh] done in 11248ms @ http://localhost:3000/_next/static/chunks/node_modules_next_dist_1e8vcs8._.js:776
[   12424ms] [LOG] [Fast Refresh] done in 11248ms @ http://localhost:3000/_next/static/chunks/node_modules_next_dist_1e8vcs8._.js:776
[   12470ms] [LOG] [Fast Refresh] done in 11248ms @ http://localhost:3000/_next/static/chunks/node_modules_next_dist_1e8vcs8._.js:776
[   12515ms] [LOG] [Fast Refresh] done in 11248ms @ http://localhost:3000/_next/static/chunks/node_modules_next_dist_1e8vcs8._.js:776
[   12561ms] [LOG] [Fast Refresh] done in 11248ms @ http://localhost:3000/_next/static/chunks/node_modules_next_dist_1e8vcs8._.js:776
[   12609ms] [LOG] [Fast Refresh] done in 11248ms @ http://localhost:3000/_next/static/chunks/node_modules_next_dist_1e8vcs8._.js:776
[   12657ms] [LOG] [Fast Refresh] done in 11248ms @ http://localhost:3000/_next/static/chunks/node_modules_next_dist_1e8vcs8._.js:776
[   12705ms] [LOG] [Fast Refresh] done in 11248ms @ http://localhost:3000/_next/static/chunks/node_modules_next_dist_1e8vcs8._.js:776
[   12753ms] [LOG] [Fast Refresh] done in 11248ms @ http://localhost:3000/_next/static/chunks/node_modules_next_dist_1e8vcs8._.js:776
[   12842ms] [LOG] [Fast Refresh] done in 12250ms @ http://localhost:3000/_next/static/chunks/node_modules_next_dist_1e8vcs8._.js:776
[   12890ms] [LOG] [Fast Refresh] done in 12250ms @ http://localhost:3000/_next/static/chunks/node_modules_next_dist_1e8vcs8._.js:776
[   12936ms] [LOG] [Fast Refresh] done in 12250ms @ http://localhost:3000/_next/static/chunks/node_modules_next_dist_1e8vcs8._.js:776
[   12984ms] [LOG] [Fast Refresh] done in 12250ms @ http://localhost:3000/_next/static/chunks/node_modules_next_dist_1e8vcs8._.js:776
[   13030ms] [LOG] [Fast Refresh] done in 12250ms @ http://localhost:3000/_next/static/chunks/node_modules_next_dist_1e8vcs8._.js:776
[   13077ms] [LOG] [Fast Refresh] done in 12250ms @ http://localhost:3000/_next/static/chunks/node_modules_next_dist_1e8vcs8._.js:776
[   13132ms] [LOG] [Fast Refresh] done in 12250ms @ http://localhost:3000/_next/static/chunks/node_modules_next_dist_1e8vcs8._.js:776
[   13178ms] [LOG] [Fast Refresh] done in 12250ms @ http://localhost:3000/_next/static/chunks/node_modules_next_dist_1e8vcs8._.js:776
[   13225ms] [LOG] [Fast Refresh] done in 12250ms @ http://localhost:3000/_next/static/chunks/node_modules_next_dist_1e8vcs8._.js:776
[   13271ms] [LOG] [Fast Refresh] done in 12250ms @ http://localhost:3000/_next/static/chunks/node_modules_next_dist_1e8vcs8._.js:776
[   13318ms] [LOG] [Fast Refresh] done in 12250ms @ http://localhost:3000/_next/static/chunks/node_modules_next_dist_1e8vcs8._.js:776
[   13365ms] [LOG] [Fast Refresh] done in 12250ms @ http://localhost:3000/_next/static/chunks/node_modules_next_dist_1e8vcs8._.js:776
[   13412ms] [LOG] [Fast Refresh] done in 12250ms @ http://localhost:3000/_next/static/chunks/node_modules_next_dist_1e8vcs8._.js:776
[   13459ms] [LOG] [Fast Refresh] done in 12250ms @ http://localhost:3000/_next/static/chunks/node_modules_next_dist_1e8vcs8._.js:776
[   13505ms] [LOG] [Fast Refresh] done in 12250ms @ http://localhost:3000/_next/static/chunks/node_modules_next_dist_1e8vcs8._.js:776
[   13552ms] [LOG] [Fast Refresh] done in 12250ms @ http://localhost:3000/_next/static/chunks/node_modules_next_dist_1e8vcs8._.js:776
[   13602ms] [LOG] [Fast Refresh] done in 12250ms @ http://localhost:3000/_next/static/chunks/node_modules_next_dist_1e8vcs8._.js:776
[   13648ms] [LOG] [Fast Refresh] done in 12250ms @ http://localhost:3000/_next/static/chunks/node_modules_next_dist_1e8vcs8._.js:776
[   13696ms] [LOG] [Fast Refresh] done in 12250ms @ http://localhost:3000/_next/static/chunks/node_modules_next_dist_1e8vcs8._.js:776
[   13735ms] [LOG] [Fast Refresh] done in 12250ms @ http://localhost:3000/_next/static/chunks/node_modules_next_dist_1e8vcs8._.js:776
[   13783ms] [LOG] [Fast Refresh] done in 12250ms @ http://localhost:3000/_next/static/chunks/node_modules_next_dist_1e8vcs8._.js:776
[   13845ms] [LOG] [Fast Refresh] done in 13255ms @ http://localhost:3000/_next/static/chunks/node_modules_next_dist_1e8vcs8._.js:776
[   13887ms] [LOG] [Fast Refresh] done in 13255ms @ http://localhost:3000/_next/static/chunks/node_modules_next_dist_1e8vcs8._.js:776
[   13936ms] [LOG] [Fast Refresh] done in 13255ms @ http://localhost:3000/_next/static/chunks/node_modules_next_dist_1e8vcs8._.js:776
[   13982ms] [LOG] [Fast Refresh] done in 13255ms @ http://localhost:3000/_next/static/chunks/node_modules_next_dist_1e8vcs8._.js:776
[   14029ms] [LOG] [Fast Refresh] done in 13255ms @ http://localhost:3000/_next/static/chunks/node_modules_next_dist_1e8vcs8._.js:776
[   14076ms] [LOG] [Fast Refresh] done in 13255ms @ http://localhost:3000/_next/static/chunks/node_modules_next_dist_1e8vcs8._.js:776
[   14124ms] [LOG] [Fast Refresh] done in 13255ms @ http://localhost:3000/_next/static/chunks/node_modules_next_dist_1e8vcs8._.js:776
[   14173ms] [LOG] [Fast Refresh] done in 13255ms @ http://localhost:3000/_next/static/chunks/node_modules_next_dist_1e8vcs8._.js:776
[   14220ms] [LOG] [Fast Refresh] done in 13255ms @ http://localhost:3000/_next/static/chunks/node_modules_next_dist_1e8vcs8._.js:776
[   14266ms] [LOG] [Fast Refresh] done in 13255ms @ http://localhost:3000/_next/static/chunks/node_modules_next_dist_1e8vcs8._.js:776
[   14313ms] [LOG] [Fast Refresh] done in 13255ms @ http://localhost:3000/_next/static/chunks/node_modules_next_dist_1e8vcs8._.js:776
[   14360ms] [LOG] [Fast Refresh] done in 13255ms @ http://localhost:3000/_next/static/chunks/node_modules_next_dist_1e8vcs8._.js:776
[   14407ms] [LOG] [Fast Refresh] done in 13255ms @ http://localhost:3000/_next/static/chunks/node_modules_next_dist_1e8vcs8._.js:776
[   14455ms] [LOG] [Fast Refresh] done in 13255ms @ http://localhost:3000/_next/static/chunks/node_modules_next_dist_1e8vcs8._.js:776
[   14501ms] [LOG] [Fast Refresh] done in 13255ms @ http://localhost:3000/_next/static/chunks/node_modules_next_dist_1e8vcs8._.js:776
[   14539ms] [LOG] [Fast Refresh] done in 13255ms @ http://localhost:3000/_next/static/chunks/node_modules_next_dist_1e8vcs8._.js:776
[   14585ms] [LOG] [Fast Refresh] done in 13255ms @ http://localhost:3000/_next/static/chunks/node_modules_next_dist_1e8vcs8._.js:776
[   14632ms] [LOG] [Fast Refresh] done in 13255ms @ http://localhost:3000/_next/static/chunks/node_modules_next_dist_1e8vcs8._.js:776
[   14678ms] [LOG] [Fast Refresh] done in 13255ms @ http://localhost:3000/_next/static/chunks/node_modules_next_dist_1e8vcs8._.js:776
[   14726ms] [LOG] [Fast Refresh] done in 13255ms @ http://localhost:3000/_next/static/chunks/node_modules_next_dist_1e8vcs8._.js:776
[   14777ms] [LOG] [Fast Refresh] done in 13255ms @ http://localhost:3000/_next/static/chunks/node_modules_next_dist_1e8vcs8._.js:776
[   14852ms] [LOG] [Fast Refresh] done in 14258ms @ http://localhost:3000/_next/static/chunks/node_modules_next_dist_1e8vcs8._.js:776
[   14902ms] [LOG] [Fast Refresh] done in 14258ms @ http://localhost:3000/_next/static/chunks/node_modules_next_dist_1e8vcs8._.js:776
[   14946ms] [LOG] [Fast Refresh] done in 14258ms @ http://localhost:3000/_next/static/chunks/node_modules_next_dist_1e8vcs8._.js:776
[   14993ms] [LOG] [Fast Refresh] done in 14258ms @ http://localhost:3000/_next/static/chunks/node_modules_next_dist_1e8vcs8._.js:776
[   15039ms] [LOG] [Fast Refresh] done in 14258ms @ http://localhost:3000/_next/static/chunks/node_modules_next_dist_1e8vcs8._.js:776
[   15087ms] [LOG] [Fast Refresh] done in 14258ms @ http://localhost:3000/_next/static/chunks/node_modules_next_dist_1e8vcs8._.js:776
[   15138ms] [LOG] [Fast Refresh] done in 14258ms @ http://localhost:3000/_next/static/chunks/node_modules_next_dist_1e8vcs8._.js:776
[   15191ms] [LOG] [Fast Refresh] done in 14258ms @ http://localhost:3000/_next/static/chunks/node_modules_next_dist_1e8vcs8._.js:776
[   15242ms] [LOG] [Fast Refresh] done in 14258ms @ http://localhost:3000/_next/static/chunks/node_modules_next_dist_1e8vcs8._.js:776
[   15290ms] [LOG] [Fast Refresh] done in 14258ms @ http://localhost:3000/_next/static/chunks/node_modules_next_dist_1e8vcs8._.js:776
[   15349ms] [LOG] [Fast Refresh] done in 14258ms @ http://localhost:3000/_next/static/chunks/node_modules_next_dist_1e8vcs8._.js:776
[   15395ms] [LOG] [Fast Refresh] done in 14258ms @ http://localhost:3000/_next/static/chunks/node_modules_next_dist_1e8vcs8._.js:776
[   15440ms] [LOG] [Fast Refresh] done in 14258ms @ http://localhost:3000/_next/static/chunks/node_modules_next_dist_1e8vcs8._.js:776
[   15488ms] [LOG] [Fast Refresh] done in 14258ms @ http://localhost:3000/_next/static/chunks/node_modules_next_dist_1e8vcs8._.js:776
[   15539ms] [LOG] [Fast Refresh] done in 14258ms @ http://localhost:3000/_next/static/chunks/node_modules_next_dist_1e8vcs8._.js:776
[   15591ms] [LOG] [Fast Refresh] done in 14258ms @ http://localhost:3000/_next/static/chunks/node_modules_next_dist_1e8vcs8._.js:776
[   15646ms] [LOG] [Fast Refresh] done in 14258ms @ http://localhost:3000/_next/static/chunks/node_modules_next_dist_1e8vcs8._.js:776
[   15698ms] [LOG] [Fast Refresh] done in 14258ms @ http://localhost:3000/_next/static/chunks/node_modules_next_dist_1e8vcs8._.js:776
[   15767ms] [LOG] [Fast Refresh] done in 14258ms @ http://localhost:3000/_next/static/chunks/node_modules_next_dist_1e8vcs8._.js:776
[   15874ms] [LOG] [Fast Refresh] done in 15264ms @ http://localhost:3000/_next/static/chunks/node_modules_next_dist_1e8vcs8._.js:776
[   15932ms] [LOG] [Fast Refresh] done in 15264ms @ http://localhost:3000/_next/static/chunks/node_modules_next_dist_1e8vcs8._.js:776
[   15978ms] [LOG] [Fast Refresh] done in 15264ms @ http://localhost:3000/_next/static/chunks/node_modules_next_dist_1e8vcs8._.js:776
[   16025ms] [LOG] [Fast Refresh] done in 15264ms @ http://localhost:3000/_next/static/chunks/node_modules_next_dist_1e8vcs8._.js:776
[   16072ms] [LOG] [Fast Refresh] done in 15264ms @ http://localhost:3000/_next/static/chunks/node_modules_next_dist_1e8vcs8._.js:776
[   16123ms] [LOG] [Fast Refresh] done in 15264ms @ http://localhost:3000/_next/static/chunks/node_modules_next_dist_1e8vcs8._.js:776
[   16177ms] [LOG] [Fast Refresh] done in 15264ms @ http://localhost:3000/_next/static/chunks/node_modules_next_dist_1e8vcs8._.js:776
[   16229ms] [LOG] [Fast Refresh] done in 15264ms @ http://localhost:3000/_next/static/chunks/node_modules_next_dist_1e8vcs8._.js:776
[   16281ms] [LOG] [Fast Refresh] done in 15264ms @ http://localhost:3000/_next/static/chunks/node_modules_next_dist_1e8vcs8._.js:776
[   16335ms] [LOG] [Fast Refresh] done in 15264ms @ http://localhost:3000/_next/static/chunks/node_modules_next_dist_1e8vcs8._.js:776
[   16389ms] [LOG] [Fast Refresh] done in 15264ms @ http://localhost:3000/_next/static/chunks/node_modules_next_dist_1e8vcs8._.js:776
[   16440ms] [LOG] [Fast Refresh] done in 15264ms @ http://localhost:3000/_next/static/chunks/node_modules_next_dist_1e8vcs8._.js:776
[   16488ms] [LOG] [Fast Refresh] done in 15264ms @ http://localhost:3000/_next/static/chunks/node_modules_next_dist_1e8vcs8._.js:776
[   16535ms] [LOG] [Fast Refresh] done in 15264ms @ http://localhost:3000/_next/static/chunks/node_modules_next_dist_1e8vcs8._.js:776
[   16583ms] [LOG] [Fast Refresh] done in 15264ms @ http://localhost:3000/_next/static/chunks/node_modules_next_dist_1e8vcs8._.js:776
[   16633ms] [LOG] [Fast Refresh] done in 15264ms @ http://localhost:3000/_next/static/chunks/node_modules_next_dist_1e8vcs8._.js:776
[   16684ms] [LOG] [Fast Refresh] done in 15264ms @ http://localhost:3000/_next/static/chunks/node_modules_next_dist_1e8vcs8._.js:776
[   16736ms] [LOG] [Fast Refresh] done in 15264ms @ http://localhost:3000/_next/static/chunks/node_modules_next_dist_1e8vcs8._.js:776
[   16784ms] [LOG] [Fast Refresh] done in 15264ms @ http://localhost:3000/_next/static/chunks/node_modules_next_dist_1e8vcs8._.js:776
[   16846ms] [LOG] [Fast Refresh] done in 16267ms @ http://localhost:3000/_next/static/chunks/node_modules_next_dist_1e8vcs8._.js:776
[   16895ms] [LOG] [Fast Refresh] done in 16267ms @ http://localhost:3000/_next/static/chunks/node_modules_next_dist_1e8vcs8._.js:776
[   16939ms] [LOG] [Fast Refresh] done in 16267ms @ http://localhost:3000/_next/static/chunks/node_modules_next_dist_1e8vcs8._.js:776
[   16985ms] [LOG] [Fast Refresh] done in 16267ms @ http://localhost:3000/_next/static/chunks/node_modules_next_dist_1e8vcs8._.js:776
[   17031ms] [LOG] [Fast Refresh] done in 16267ms @ http://localhost:3000/_next/static/chunks/node_modules_next_dist_1e8vcs8._.js:776
[   17078ms] [LOG] [Fast Refresh] done in 16267ms @ http://localhost:3000/_next/static/chunks/node_modules_next_dist_1e8vcs8._.js:776
[   17126ms] [LOG] [Fast Refresh] done in 16267ms @ http://localhost:3000/_next/static/chunks/node_modules_next_dist_1e8vcs8._.js:776
[   17175ms] [LOG] [Fast Refresh] done in 16267ms @ http://localhost:3000/_next/static/chunks/node_modules_next_dist_1e8vcs8._.js:776
[   17223ms] [LOG] [Fast Refresh] done in 16267ms @ http://localhost:3000/_next/static/chunks/node_modules_next_dist_1e8vcs8._.js:776
[   17270ms] [LOG] [Fast Refresh] done in 16267ms @ http://localhost:3000/_next/static/chunks/node_modules_next_dist_1e8vcs8._.js:776
[   17316ms] [LOG] [Fast Refresh] done in 16267ms @ http://localhost:3000/_next/static/chunks/node_modules_next_dist_1e8vcs8._.js:776
[   17363ms] [LOG] [Fast Refresh] done in 16267ms @ http://localhost:3000/_next/static/chunks/node_modules_next_dist_1e8vcs8._.js:776
[   17461ms] [LOG] [Fast Refresh] done in 16267ms @ http://localhost:3000/_next/static/chunks/node_modules_next_dist_1e8vcs8._.js:776
[   17507ms] [LOG] [Fast Refresh] done in 16267ms @ http://localhost:3000/_next/static/chunks/node_modules_next_dist_1e8vcs8._.js:776
[   17558ms] [LOG] [Fast Refresh] done in 16267ms @ http://localhost:3000/_next/static/chunks/node_modules_next_dist_1e8vcs8._.js:776
[   17609ms] [LOG] [Fast Refresh] done in 16267ms @ http://localhost:3000/_next/static/chunks/node_modules_next_dist_1e8vcs8._.js:776
[   17659ms] [LOG] [Fast Refresh] done in 16267ms @ http://localhost:3000/_next/static/chunks/node_modules_next_dist_1e8vcs8._.js:776
[   17709ms] [LOG] [Fast Refresh] done in 16267ms @ http://localhost:3000/_next/static/chunks/node_modules_next_dist_1e8vcs8._.js:776
[   17759ms] [LOG] [Fast Refresh] done in 16267ms @ http://localhost:3000/_next/static/chunks/node_modules_next_dist_1e8vcs8._.js:776
[   17813ms] [LOG] [Fast Refresh] done in 16267ms @ http://localhost:3000/_next/static/chunks/node_modules_next_dist_1e8vcs8._.js:776
[   17910ms] [LOG] [Fast Refresh] done in 17287ms @ http://localhost:3000/_next/static/chunks/node_modules_next_dist_1e8vcs8._.js:776
[   17964ms] [LOG] [Fast Refresh] done in 17287ms @ http://localhost:3000/_next/static/chunks/node_modules_next_dist_1e8vcs8._.js:776
[   18015ms] [LOG] [Fast Refresh] done in 17287ms @ http://localhost:3000/_next/static/chunks/node_modules_next_dist_1e8vcs8._.js:776
[   18063ms] [LOG] [Fast Refresh] done in 17287ms @ http://localhost:3000/_next/static/chunks/node_modules_next_dist_1e8vcs8._.js:776
[   18103ms] [LOG] [Fast Refresh] done in 17287ms @ http://localhost:3000/_next/static/chunks/node_modules_next_dist_1e8vcs8._.js:776
[   18150ms] [LOG] [Fast Refresh] done in 17287ms @ http://localhost:3000/_next/static/chunks/node_modules_next_dist_1e8vcs8._.js:776
[   18204ms] [LOG] [Fast Refresh] done in 17287ms @ http://localhost:3000/_next/static/chunks/node_modules_next_dist_1e8vcs8._.js:776
[   18256ms] [LOG] [Fast Refresh] done in 17287ms @ http://localhost:3000/_next/static/chunks/node_modules_next_dist_1e8vcs8._.js:776
[   18304ms] [LOG] [Fast Refresh] done in 17287ms @ http://localhost:3000/_next/static/chunks/node_modules_next_dist_1e8vcs8._.js:776
[   18354ms] [LOG] [Fast Refresh] done in 17287ms @ http://localhost:3000/_next/static/chunks/node_modules_next_dist_1e8vcs8._.js:776
[   18415ms] [LOG] [Fast Refresh] done in 17287ms @ http://localhost:3000/_next/static/chunks/node_modules_next_dist_1e8vcs8._.js:776
[   18463ms] [LOG] [Fast Refresh] done in 17287ms @ http://localhost:3000/_next/static/chunks/node_modules_next_dist_1e8vcs8._.js:776
[   18512ms] [LOG] [Fast Refresh] done in 17287ms @ http://localhost:3000/_next/static/chunks/node_modules_next_dist_1e8vcs8._.js:776
[   18564ms] [LOG] [Fast Refresh] done in 17287ms @ http://localhost:3000/_next/static/chunks/node_modules_next_dist_1e8vcs8._.js:776
[   18616ms] [LOG] [Fast Refresh] done in 17287ms @ http://localhost:3000/_next/static/chunks/node_modules_next_dist_1e8vcs8._.js:776
[   18670ms] [LOG] [Fast Refresh] done in 17287ms @ http://localhost:3000/_next/static/chunks/node_modules_next_dist_1e8vcs8._.js:776
[   18725ms] [LOG] [Fast Refresh] done in 17287ms @ http://localhost:3000/_next/static/chunks/node_modules_next_dist_1e8vcs8._.js:776
[   18778ms] [LOG] [Fast Refresh] done in 17287ms @ http://localhost:3000/_next/static/chunks/node_modules_next_dist_1e8vcs8._.js:776
[   18831ms] [LOG] [Fast Refresh] done in 17287ms @ http://localhost:3000/_next/static/chunks/node_modules_next_dist_1e8vcs8._.js:776
[   18886ms] [LOG] [Fast Refresh] done in 18298ms @ http://localhost:3000/_next/static/chunks/node_modules_next_dist_1e8vcs8._.js:776
[   18938ms] [LOG] [Fast Refresh] done in 18298ms @ http://localhost:3000/_next/static/chunks/node_modules_next_dist_1e8vcs8._.js:776
[   18983ms] [LOG] [Fast Refresh] done in 18298ms @ http://localhost:3000/_next/static/chunks/node_modules_next_dist_1e8vcs8._.js:776
[   19031ms] [LOG] [Fast Refresh] done in 18298ms @ http://localhost:3000/_next/static/chunks/node_modules_next_dist_1e8vcs8._.js:776
[   19080ms] [LOG] [Fast Refresh] done in 18298ms @ http://localhost:3000/_next/static/chunks/node_modules_next_dist_1e8vcs8._.js:776
[   19136ms] [LOG] [Fast Refresh] done in 18298ms @ http://localhost:3000/_next/static/chunks/node_modules_next_dist_1e8vcs8._.js:776
[   19232ms] [LOG] [Fast Refresh] done in 18298ms @ http://localhost:3000/_next/static/chunks/node_modules_next_dist_1e8vcs8._.js:776
[   19276ms] [LOG] [Fast Refresh] done in 18298ms @ http://localhost:3000/_next/static/chunks/node_modules_next_dist_1e8vcs8._.js:776
[   19326ms] [LOG] [Fast Refresh] done in 18298ms @ http://localhost:3000/_next/static/chunks/node_modules_next_dist_1e8vcs8._.js:776
[   19379ms] [LOG] [Fast Refresh] done in 18298ms @ http://localhost:3000/_next/static/chunks/node_modules_next_dist_1e8vcs8._.js:776
[   19426ms] [LOG] [Fast Refresh] done in 18298ms @ http://localhost:3000/_next/static/chunks/node_modules_next_dist_1e8vcs8._.js:776
[   19474ms] [LOG] [Fast Refresh] done in 18298ms @ http://localhost:3000/_next/static/chunks/node_modules_next_dist_1e8vcs8._.js:776
[   19521ms] [LOG] [Fast Refresh] done in 18298ms @ http://localhost:3000/_next/static/chunks/node_modules_next_dist_1e8vcs8._.js:776
[   19570ms] [LOG] [Fast Refresh] done in 18298ms @ http://localhost:3000/_next/static/chunks/node_modules_next_dist_1e8vcs8._.js:776
[   19619ms] [LOG] [Fast Refresh] done in 18298ms @ http://localhost:3000/_next/static/chunks/node_modules_next_dist_1e8vcs8._.js:776
[   19674ms] [LOG] [Fast Refresh] done in 18298ms @ http://localhost:3000/_next/static/chunks/node_modules_next_dist_1e8vcs8._.js:776
[   19726ms] [LOG] [Fast Refresh] done in 18298ms @ http://localhost:3000/_next/static/chunks/node_modules_next_dist_1e8vcs8._.js:776
[   19769ms] [LOG] [Fast Refresh] done in 18298ms @ http://localhost:3000/_next/static/chunks/node_modules_next_dist_1e8vcs8._.js:776
[   19820ms] [LOG] [Fast Refresh] done in 18298ms @ http://localhost:3000/_next/static/chunks/node_modules_next_dist_1e8vcs8._.js:776
[   19909ms] [LOG] [Fast Refresh] done in 19315ms @ http://localhost:3000/_next/static/chunks/node_modules_next_dist_1e8vcs8._.js:776
[   19968ms] [LOG] [Fast Refresh] done in 19315ms @ http://localhost:3000/_next/static/chunks/node_modules_next_dist_1e8vcs8._.js:776
[   20018ms] [LOG] [Fast Refresh] done in 19315ms @ http://localhost:3000/_next/static/chunks/node_modules_next_dist_1e8vcs8._.js:776
[   20064ms] [LOG] [Fast Refresh] done in 19315ms @ http://localhost:3000/_next/static/chunks/node_modules_next_dist_1e8vcs8._.js:776
[   20114ms] [LOG] [Fast Refresh] done in 19315ms @ http://localhost:3000/_next/static/chunks/node_modules_next_dist_1e8vcs8._.js:776
[   20161ms] [LOG] [Fast Refresh] done in 19315ms @ http://localhost:3000/_next/static/chunks/node_modules_next_dist_1e8vcs8._.js:776
[   20210ms] [LOG] [Fast Refresh] done in 19315ms @ http://localhost:3000/_next/static/chunks/node_modules_next_dist_1e8vcs8._.js:776
[   20260ms] [LOG] [Fast Refresh] done in 19315ms @ http://localhost:3000/_next/static/chunks/node_modules_next_dist_1e8vcs8._.js:776
[   20311ms] [LOG] [Fast Refresh] done in 19315ms @ http://localhost:3000/_next/static/chunks/node_modules_next_dist_1e8vcs8._.js:776
[   20366ms] [LOG] [Fast Refresh] done in 19315ms @ http://localhost:3000/_next/static/chunks/node_modules_next_dist_1e8vcs8._.js:776
[   20427ms] [LOG] [Fast Refresh] done in 19315ms @ http://localhost:3000/_next/static/chunks/node_modules_next_dist_1e8vcs8._.js:776
[   20477ms] [LOG] [Fast Refresh] done in 19315ms @ http://localhost:3000/_next/static/chunks/node_modules_next_dist_1e8vcs8._.js:776
[   20524ms] [LOG] [Fast Refresh] done in 19315ms @ http://localhost:3000/_next/static/chunks/node_modules_next_dist_1e8vcs8._.js:776
[   20572ms] [LOG] [Fast Refresh] done in 19315ms @ http://localhost:3000/_next/static/chunks/node_modules_next_dist_1e8vcs8._.js:776
[   20634ms] [LOG] [Fast Refresh] done in 19315ms @ http://localhost:3000/_next/static/chunks/node_modules_next_dist_1e8vcs8._.js:776
[   20685ms] [LOG] [Fast Refresh] done in 19315ms @ http://localhost:3000/_next/static/chunks/node_modules_next_dist_1e8vcs8._.js:776
[   20733ms] [LOG] [Fast Refresh] done in 19315ms @ http://localhost:3000/_next/static/chunks/node_modules_next_dist_1e8vcs8._.js:776
[   20784ms] [LOG] [Fast Refresh] done in 19315ms @ http://localhost:3000/_next/static/chunks/node_modules_next_dist_1e8vcs8._.js:776
[   20833ms] [LOG] [Fast Refresh] done in 19315ms @ http://localhost:3000/_next/static/chunks/node_modules_next_dist_1e8vcs8._.js:776
[   20902ms] [LOG] [Fast Refresh] done in 20318ms @ http://localhost:3000/_next/static/chunks/node_modules_next_dist_1e8vcs8._.js:776
[   20951ms] [LOG] [Fast Refresh] done in 20318ms @ http://localhost:3000/_next/static/chunks/node_modules_next_dist_1e8vcs8._.js:776
[   21000ms] [LOG] [Fast Refresh] done in 20318ms @ http://localhost:3000/_next/static/chunks/node_modules_next_dist_1e8vcs8._.js:776
[   21047ms] [LOG] [Fast Refresh] done in 20318ms @ http://localhost:3000/_next/static/chunks/node_modules_next_dist_1e8vcs8._.js:776
[   21094ms] [LOG] [Fast Refresh] done in 20318ms @ http://localhost:3000/_next/static/chunks/node_modules_next_dist_1e8vcs8._.js:776
[   21143ms] [LOG] [Fast Refresh] done in 20318ms @ http://localhost:3000/_next/static/chunks/node_modules_next_dist_1e8vcs8._.js:776
[   21199ms] [LOG] [Fast Refresh] done in 20318ms @ http://localhost:3000/_next/static/chunks/node_modules_next_dist_1e8vcs8._.js:776
[   21255ms] [LOG] [Fast Refresh] done in 20318ms @ http://localhost:3000/_next/static/chunks/node_modules_next_dist_1e8vcs8._.js:776
[   21306ms] [LOG] [Fast Refresh] done in 20318ms @ http://localhost:3000/_next/static/chunks/node_modules_next_dist_1e8vcs8._.js:776
[   21358ms] [LOG] [Fast Refresh] done in 20318ms @ http://localhost:3000/_next/static/chunks/node_modules_next_dist_1e8vcs8._.js:776
[   21409ms] [LOG] [Fast Refresh] done in 20318ms @ http://localhost:3000/_next/static/chunks/node_modules_next_dist_1e8vcs8._.js:776
[   21462ms] [LOG] [Fast Refresh] done in 20318ms @ http://localhost:3000/_next/static/chunks/node_modules_next_dist_1e8vcs8._.js:776
[   21520ms] [LOG] [Fast Refresh] done in 20318ms @ http://localhost:3000/_next/static/chunks/node_modules_next_dist_1e8vcs8._.js:776
[   21572ms] [LOG] [Fast Refresh] done in 20318ms @ http://localhost:3000/_next/static/chunks/node_modules_next_dist_1e8vcs8._.js:776
[   21625ms] [LOG] [Fast Refresh] done in 20318ms @ http://localhost:3000/_next/static/chunks/node_modules_next_dist_1e8vcs8._.js:776
[   21681ms] [LOG] [Fast Refresh] done in 20318ms @ http://localhost:3000/_next/static/chunks/node_modules_next_dist_1e8vcs8._.js:776
[   21730ms] [LOG] [Fast Refresh] done in 20318ms @ http://localhost:3000/_next/static/chunks/node_modules_next_dist_1e8vcs8._.js:776
[   21780ms] [LOG] [Fast Refresh] done in 20318ms @ http://localhost:3000/_next/static/chunks/node_modules_next_dist_1e8vcs8._.js:776
[   21828ms] [LOG] [Fast Refresh] done in 20318ms @ http://localhost:3000/_next/static/chunks/node_modules_next_dist_1e8vcs8._.js:776
[   21901ms] [LOG] [Fast Refresh] done in 21321ms @ http://localhost:3000/_next/static/chunks/node_modules_next_dist_1e8vcs8._.js:776
[   21950ms] [LOG] [Fast Refresh] done in 21321ms @ http://localhost:3000/_next/static/chunks/node_modules_next_dist_1e8vcs8._.js:776
[   21997ms] [LOG] [Fast Refresh] done in 21321ms @ http://localhost:3000/_next/static/chunks/node_modules_next_dist_1e8vcs8._.js:776
[   22044ms] [LOG] [Fast Refresh] done in 21321ms @ http://localhost:3000/_next/static/chunks/node_modules_next_dist_1e8vcs8._.js:776
[   22092ms] [LOG] [Fast Refresh] done in 21321ms @ http://localhost:3000/_next/static/chunks/node_modules_next_dist_1e8vcs8._.js:776
[   22137ms] [LOG] [Fast Refresh] done in 21321ms @ http://localhost:3000/_next/static/chunks/node_modules_next_dist_1e8vcs8._.js:776
[   22189ms] [LOG] [Fast Refresh] done in 21321ms @ http://localhost:3000/_next/static/chunks/node_modules_next_dist_1e8vcs8._.js:776
[   22240ms] [LOG] [Fast Refresh] done in 21321ms @ http://localhost:3000/_next/static/chunks/node_modules_next_dist_1e8vcs8._.js:776
[   22290ms] [LOG] [Fast Refresh] done in 21321ms @ http://localhost:3000/_next/static/chunks/node_modules_next_dist_1e8vcs8._.js:776
[   22338ms] [LOG] [Fast Refresh] done in 21321ms @ http://localhost:3000/_next/static/chunks/node_modules_next_dist_1e8vcs8._.js:776
[   22387ms] [LOG] [Fast Refresh] done in 21321ms @ http://localhost:3000/_next/static/chunks/node_modules_next_dist_1e8vcs8._.js:776
[   22441ms] [LOG] [Fast Refresh] done in 21321ms @ http://localhost:3000/_next/static/chunks/node_modules_next_dist_1e8vcs8._.js:776
[   22494ms] [LOG] [Fast Refresh] done in 21321ms @ http://localhost:3000/_next/static/chunks/node_modules_next_dist_1e8vcs8._.js:776
[   22549ms] [LOG] [Fast Refresh] done in 21321ms @ http://localhost:3000/_next/static/chunks/node_modules_next_dist_1e8vcs8._.js:776
[   22602ms] [LOG] [Fast Refresh] done in 21321ms @ http://localhost:3000/_next/static/chunks/node_modules_next_dist_1e8vcs8._.js:776
[   22652ms] [LOG] [Fast Refresh] done in 21321ms @ http://localhost:3000/_next/static/chunks/node_modules_next_dist_1e8vcs8._.js:776
[   22702ms] [LOG] [Fast Refresh] done in 21321ms @ http://localhost:3000/_next/static/chunks/node_modules_next_dist_1e8vcs8._.js:776
[   22751ms] [LOG] [Fast Refresh] done in 21321ms @ http://localhost:3000/_next/static/chunks/node_modules_next_dist_1e8vcs8._.js:776
[   22802ms] [LOG] [Fast Refresh] done in 21321ms @ http://localhost:3000/_next/static/chunks/node_modules_next_dist_1e8vcs8._.js:776
[   22857ms] [LOG] [Fast Refresh] done in 21321ms @ http://localhost:3000/_next/static/chunks/node_modules_next_dist_1e8vcs8._.js:776
[   22948ms] [LOG] [Fast Refresh] done in 22328ms @ http://localhost:3000/_next/static/chunks/node_modules_next_dist_1e8vcs8._.js:776
[   23002ms] [LOG] [Fast Refresh] done in 22328ms @ http://localhost:3000/_next/static/chunks/node_modules_next_dist_1e8vcs8._.js:776
[   23049ms] [LOG] [Fast Refresh] done in 22328ms @ http://localhost:3000/_next/static/chunks/node_modules_next_dist_1e8vcs8._.js:776
[   23096ms] [LOG] [Fast Refresh] done in 22328ms @ http://localhost:3000/_next/static/chunks/node_modules_next_dist_1e8vcs8._.js:776
[   23145ms] [LOG] [Fast Refresh] done in 22328ms @ http://localhost:3000/_next/static/chunks/node_modules_next_dist_1e8vcs8._.js:776
[   23194ms] [LOG] [Fast Refresh] done in 22328ms @ http://localhost:3000/_next/static/chunks/node_modules_next_dist_1e8vcs8._.js:776
[   23248ms] [LOG] [Fast Refresh] done in 22328ms @ http://localhost:3000/_next/static/chunks/node_modules_next_dist_1e8vcs8._.js:776
[   23307ms] [LOG] [Fast Refresh] done in 22328ms @ http://localhost:3000/_next/static/chunks/node_modules_next_dist_1e8vcs8._.js:776
[   23357ms] [LOG] [Fast Refresh] done in 22328ms @ http://localhost:3000/_next/static/chunks/node_modules_next_dist_1e8vcs8._.js:776
[   23409ms] [LOG] [Fast Refresh] done in 22328ms @ http://localhost:3000/_next/static/chunks/node_modules_next_dist_1e8vcs8._.js:776
[   23466ms] [LOG] [Fast Refresh] done in 22328ms @ http://localhost:3000/_next/static/chunks/node_modules_next_dist_1e8vcs8._.js:776
[   23520ms] [LOG] [Fast Refresh] done in 22328ms @ http://localhost:3000/_next/static/chunks/node_modules_next_dist_1e8vcs8._.js:776
[   23574ms] [LOG] [Fast Refresh] done in 22328ms @ http://localhost:3000/_next/static/chunks/node_modules_next_dist_1e8vcs8._.js:776
[   23626ms] [LOG] [Fast Refresh] done in 22328ms @ http://localhost:3000/_next/static/chunks/node_modules_next_dist_1e8vcs8._.js:776
[   23682ms] [LOG] [Fast Refresh] done in 22328ms @ http://localhost:3000/_next/static/chunks/node_modules_next_dist_1e8vcs8._.js:776
[   23732ms] [LOG] [Fast Refresh] done in 22328ms @ http://localhost:3000/_next/static/chunks/node_modules_next_dist_1e8vcs8._.js:776
[   23789ms] [LOG] [Fast Refresh] done in 22328ms @ http://localhost:3000/_next/static/chunks/node_modules_next_dist_1e8vcs8._.js:776
[   23840ms] [LOG] [Fast Refresh] done in 22328ms @ http://localhost:3000/_next/static/chunks/node_modules_next_dist_1e8vcs8._.js:776
[   23939ms] [LOG] [Fast Refresh] done in 23344ms @ http://localhost:3000/_next/static/chunks/node_modules_next_dist_1e8vcs8._.js:776
[   23987ms] [LOG] [Fast Refresh] done in 23344ms @ http://localhost:3000/_next/static/chunks/node_modules_next_dist_1e8vcs8._.js:776
[   24029ms] [LOG] [Fast Refresh] done in 23344ms @ http://localhost:3000/_next/static/chunks/node_modules_next_dist_1e8vcs8._.js:776
[   24077ms] [LOG] [Fast Refresh] done in 23344ms @ http://localhost:3000/_next/static/chunks/node_modules_next_dist_1e8vcs8._.js:776
[   24127ms] [LOG] [Fast Refresh] done in 23344ms @ http://localhost:3000/_next/static/chunks/node_modules_next_dist_1e8vcs8._.js:776
[   24186ms] [LOG] [Fast Refresh] done in 23344ms @ http://localhost:3000/_next/static/chunks/node_modules_next_dist_1e8vcs8._.js:776
[   24234ms] [LOG] [Fast Refresh] done in 23344ms @ http://localhost:3000/_next/static/chunks/node_modules_next_dist_1e8vcs8._.js:776
[   24287ms] [LOG] [Fast Refresh] done in 23344ms @ http://localhost:3000/_next/static/chunks/node_modules_next_dist_1e8vcs8._.js:776
[   24335ms] [LOG] [Fast Refresh] done in 23344ms @ http://localhost:3000/_next/static/chunks/node_modules_next_dist_1e8vcs8._.js:776
[   24381ms] [LOG] [Fast Refresh] done in 23344ms @ http://localhost:3000/_next/static/chunks/node_modules_next_dist_1e8vcs8._.js:776
[   24429ms] [LOG] [Fast Refresh] done in 23344ms @ http://localhost:3000/_next/static/chunks/node_modules_next_dist_1e8vcs8._.js:776
[   24491ms] [LOG] [Fast Refresh] done in 23344ms @ http://localhost:3000/_next/static/chunks/node_modules_next_dist_1e8vcs8._.js:776
[   24541ms] [LOG] [Fast Refresh] done in 23344ms @ http://localhost:3000/_next/static/chunks/node_modules_next_dist_1e8vcs8._.js:776
[   24590ms] [LOG] [Fast Refresh] done in 23344ms @ http://localhost:3000/_next/static/chunks/node_modules_next_dist_1e8vcs8._.js:776
[   24640ms] [LOG] [Fast Refresh] done in 23344ms @ http://localhost:3000/_next/static/chunks/node_modules_next_dist_1e8vcs8._.js:776
[   24691ms] [LOG] [Fast Refresh] done in 23344ms @ http://localhost:3000/_next/static/chunks/node_modules_next_dist_1e8vcs8._.js:776
[   24753ms] [LOG] [Fast Refresh] done in 23344ms @ http://localhost:3000/_next/static/chunks/node_modules_next_dist_1e8vcs8._.js:776
[   24804ms] [LOG] [Fast Refresh] done in 23344ms @ http://localhost:3000/_next/static/chunks/node_modules_next_dist_1e8vcs8._.js:776
[   24856ms] [LOG] [Fast Refresh] done in 23344ms @ http://localhost:3000/_next/static/chunks/node_modules_next_dist_1e8vcs8._.js:776
[   24959ms] [LOG] [Fast Refresh] done in 24360ms @ http://localhost:3000/_next/static/chunks/node_modules_next_dist_1e8vcs8._.js:776
[   25006ms] [LOG] [Fast Refresh] done in 24360ms @ http://localhost:3000/_next/static/chunks/node_modules_next_dist_1e8vcs8._.js:776
[   25051ms] [LOG] [Fast Refresh] done in 24360ms @ http://localhost:3000/_next/static/chunks/node_modules_next_dist_1e8vcs8._.js:776
[   25098ms] [LOG] [Fast Refresh] done in 24360ms @ http://localhost:3000/_next/static/chunks/node_modules_next_dist_1e8vcs8._.js:776
[   25144ms] [LOG] [Fast Refresh] done in 24360ms @ http://localhost:3000/_next/static/chunks/node_modules_next_dist_1e8vcs8._.js:776
[   25192ms] [LOG] [Fast Refresh] done in 24360ms @ http://localhost:3000/_next/static/chunks/node_modules_next_dist_1e8vcs8._.js:776
[   25242ms] [LOG] [Fast Refresh] done in 24360ms @ http://localhost:3000/_next/static/chunks/node_modules_next_dist_1e8vcs8._.js:776
[   25293ms] [LOG] [Fast Refresh] done in 24360ms @ http://localhost:3000/_next/static/chunks/node_modules_next_dist_1e8vcs8._.js:776
[   25343ms] [LOG] [Fast Refresh] done in 24360ms @ http://localhost:3000/_next/static/chunks/node_modules_next_dist_1e8vcs8._.js:776
[   25399ms] [LOG] [Fast Refresh] done in 24360ms @ http://localhost:3000/_next/static/chunks/node_modules_next_dist_1e8vcs8._.js:776
[   25453ms] [LOG] [Fast Refresh] done in 24360ms @ http://localhost:3000/_next/static/chunks/node_modules_next_dist_1e8vcs8._.js:776
[   25507ms] [LOG] [Fast Refresh] done in 24360ms @ http://localhost:3000/_next/static/chunks/node_modules_next_dist_1e8vcs8._.js:776
[   25558ms] [LOG] [Fast Refresh] done in 24360ms @ http://localhost:3000/_next/static/chunks/node_modules_next_dist_1e8vcs8._.js:776
[   25610ms] [LOG] [Fast Refresh] done in 24360ms @ http://localhost:3000/_next/static/chunks/node_modules_next_dist_1e8vcs8._.js:776
[   25665ms] [LOG] [Fast Refresh] done in 24360ms @ http://localhost:3000/_next/static/chunks/node_modules_next_dist_1e8vcs8._.js:776
[   25715ms] [LOG] [Fast Refresh] done in 24360ms @ http://localhost:3000/_next/static/chunks/node_modules_next_dist_1e8vcs8._.js:776
[   25768ms] [LOG] [Fast Refresh] done in 24360ms @ http://localhost:3000/_next/static/chunks/node_modules_next_dist_1e8vcs8._.js:776
[   25820ms] [LOG] [Fast Refresh] done in 24360ms @ http://localhost:3000/_next/static/chunks/node_modules_next_dist_1e8vcs8._.js:776
[   25874ms] [LOG] [Fast Refresh] done in 24360ms @ http://localhost:3000/_next/static/chunks/node_modules_next_dist_1e8vcs8._.js:776
[   25958ms] [LOG] [Fast Refresh] done in 25369ms @ http://localhost:3000/_next/static/chunks/node_modules_next_dist_1e8vcs8._.js:776
[   26005ms] [LOG] [Fast Refresh] done in 25369ms @ http://localhost:3000/_next/static/chunks/node_modules_next_dist_1e8vcs8._.js:776
[   26052ms] [LOG] [Fast Refresh] done in 25369ms @ http://localhost:3000/_next/static/chunks/node_modules_next_dist_1e8vcs8._.js:776
[   26100ms] [LOG] [Fast Refresh] done in 25369ms @ http://localhost:3000/_next/static/chunks/node_modules_next_dist_1e8vcs8._.js:776
[   26149ms] [LOG] [Fast Refresh] done in 25369ms @ http://localhost:3000/_next/static/chunks/node_modules_next_dist_1e8vcs8._.js:776
[   26199ms] [LOG] [Fast Refresh] done in 25369ms @ http://localhost:3000/_next/static/chunks/node_modules_next_dist_1e8vcs8._.js:776
[   26255ms] [LOG] [Fast Refresh] done in 25369ms @ http://localhost:3000/_next/static/chunks/node_modules_next_dist_1e8vcs8._.js:776
[   26309ms] [LOG] [Fast Refresh] done in 25369ms @ http://localhost:3000/_next/static/chunks/node_modules_next_dist_1e8vcs8._.js:776
[   26350ms] [LOG] [Fast Refresh] done in 25369ms @ http://localhost:3000/_next/static/chunks/node_modules_next_dist_1e8vcs8._.js:776
[   26400ms] [LOG] [Fast Refresh] done in 25369ms @ http://localhost:3000/_next/static/chunks/node_modules_next_dist_1e8vcs8._.js:776
[   26452ms] [LOG] [Fast Refresh] done in 25369ms @ http://localhost:3000/_next/static/chunks/node_modules_next_dist_1e8vcs8._.js:776
[   26505ms] [LOG] [Fast Refresh] done in 25369ms @ http://localhost:3000/_next/static/chunks/node_modules_next_dist_1e8vcs8._.js:776
[   26557ms] [LOG] [Fast Refresh] done in 25369ms @ http://localhost:3000/_next/static/chunks/node_modules_next_dist_1e8vcs8._.js:776
[   26613ms] [LOG] [Fast Refresh] done in 25369ms @ http://localhost:3000/_next/static/chunks/node_modules_next_dist_1e8vcs8._.js:776
[   26665ms] [LOG] [Fast Refresh] done in 25369ms @ http://localhost:3000/_next/static/chunks/node_modules_next_dist_1e8vcs8._.js:776
[   26716ms] [LOG] [Fast Refresh] done in 25369ms @ http://localhost:3000/_next/static/chunks/node_modules_next_dist_1e8vcs8._.js:776
[   26767ms] [LOG] [Fast Refresh] done in 25369ms @ http://localhost:3000/_next/static/chunks/node_modules_next_dist_1e8vcs8._.js:776
[   26816ms] [LOG] [Fast Refresh] done in 25369ms @ http://localhost:3000/_next/static/chunks/node_modules_next_dist_1e8vcs8._.js:776
[   26863ms] [LOG] [Fast Refresh] done in 25369ms @ http://localhost:3000/_next/static/chunks/node_modules_next_dist_1e8vcs8._.js:776
[   26936ms] [LOG] [Fast Refresh] done in 25369ms @ http://localhost:3000/_next/static/chunks/node_modules_next_dist_1e8vcs8._.js:776
[   26991ms] [LOG] [Fast Refresh] done in 26396ms @ http://localhost:3000/_next/static/chunks/node_modules_next_dist_1e8vcs8._.js:776
[   27038ms] [LOG] [Fast Refresh] done in 26396ms @ http://localhost:3000/_next/static/chunks/node_modules_next_dist_1e8vcs8._.js:776
[   27083ms] [LOG] [Fast Refresh] done in 26396ms @ http://localhost:3000/_next/static/chunks/node_modules_next_dist_1e8vcs8._.js:776
[   27134ms] [LOG] [Fast Refresh] done in 26396ms @ http://localhost:3000/_next/static/chunks/node_modules_next_dist_1e8vcs8._.js:776
[   27181ms] [LOG] [Fast Refresh] done in 26396ms @ http://localhost:3000/_next/static/chunks/node_modules_next_dist_1e8vcs8._.js:776
[   27225ms] [LOG] [Fast Refresh] done in 26396ms @ http://localhost:3000/_next/static/chunks/node_modules_next_dist_1e8vcs8._.js:776
[   27270ms] [LOG] [Fast Refresh] done in 26396ms @ http://localhost:3000/_next/static/chunks/node_modules_next_dist_1e8vcs8._.js:776
[   27317ms] [LOG] [Fast Refresh] done in 26396ms @ http://localhost:3000/_next/static/chunks/node_modules_next_dist_1e8vcs8._.js:776
[   27367ms] [LOG] [Fast Refresh] done in 26396ms @ http://localhost:3000/_next/static/chunks/node_modules_next_dist_1e8vcs8._.js:776
[   27415ms] [LOG] [Fast Refresh] done in 26396ms @ http://localhost:3000/_next/static/chunks/node_modules_next_dist_1e8vcs8._.js:776
[   27465ms] [LOG] [Fast Refresh] done in 26396ms @ http://localhost:3000/_next/static/chunks/node_modules_next_dist_1e8vcs8._.js:776
[   27512ms] [LOG] [Fast Refresh] done in 26396ms @ http://localhost:3000/_next/static/chunks/node_modules_next_dist_1e8vcs8._.js:776
[   27561ms] [LOG] [Fast Refresh] done in 26396ms @ http://localhost:3000/_next/static/chunks/node_modules_next_dist_1e8vcs8._.js:776
[   27614ms] [LOG] [Fast Refresh] done in 26396ms @ http://localhost:3000/_next/static/chunks/node_modules_next_dist_1e8vcs8._.js:776
[   27661ms] [LOG] [Fast Refresh] done in 26396ms @ http://localhost:3000/_next/static/chunks/node_modules_next_dist_1e8vcs8._.js:776
[   27710ms] [LOG] [Fast Refresh] done in 26396ms @ http://localhost:3000/_next/static/chunks/node_modules_next_dist_1e8vcs8._.js:776
[   27758ms] [LOG] [Fast Refresh] done in 26396ms @ http://localhost:3000/_next/static/chunks/node_modules_next_dist_1e8vcs8._.js:776
[   27808ms] [LOG] [Fast Refresh] done in 26396ms @ http://localhost:3000/_next/static/chunks/node_modules_next_dist_1e8vcs8._.js:776
[   27858ms] [LOG] [Fast Refresh] done in 26396ms @ http://localhost:3000/_next/static/chunks/node_modules_next_dist_1e8vcs8._.js:776
[   27908ms] [LOG] [Fast Refresh] done in 26396ms @ http://localhost:3000/_next/static/chunks/node_modules_next_dist_1e8vcs8._.js:776
[   28009ms] [LOG] [Fast Refresh] done in 27409ms @ http://localhost:3000/_next/static/chunks/node_modules_next_dist_1e8vcs8._.js:776
[   28064ms] [LOG] [Fast Refresh] done in 27409ms @ http://localhost:3000/_next/static/chunks/node_modules_next_dist_1e8vcs8._.js:776
[   28113ms] [LOG] [Fast Refresh] done in 27409ms @ http://localhost:3000/_next/static/chunks/node_modules_next_dist_1e8vcs8._.js:776
[   28160ms] [LOG] [Fast Refresh] done in 27409ms @ http://localhost:3000/_next/static/chunks/node_modules_next_dist_1e8vcs8._.js:776
[   28208ms] [LOG] [Fast Refresh] done in 27409ms @ http://localhost:3000/_next/static/chunks/node_modules_next_dist_1e8vcs8._.js:776
[   28258ms] [LOG] [Fast Refresh] done in 27409ms @ http://localhost:3000/_next/static/chunks/node_modules_next_dist_1e8vcs8._.js:776
[   28307ms] [LOG] [Fast Refresh] done in 27409ms @ http://localhost:3000/_next/static/chunks/node_modules_next_dist_1e8vcs8._.js:776
[   28358ms] [LOG] [Fast Refresh] done in 27409ms @ http://localhost:3000/_next/static/chunks/node_modules_next_dist_1e8vcs8._.js:776
[   28410ms] [LOG] [Fast Refresh] done in 27409ms @ http://localhost:3000/_next/static/chunks/node_modules_next_dist_1e8vcs8._.js:776
[   28460ms] [LOG] [Fast Refresh] done in 27409ms @ http://localhost:3000/_next/static/chunks/node_modules_next_dist_1e8vcs8._.js:776
[   28512ms] [LOG] [Fast Refresh] done in 27409ms @ http://localhost:3000/_next/static/chunks/node_modules_next_dist_1e8vcs8._.js:776
[   28565ms] [LOG] [Fast Refresh] done in 27409ms @ http://localhost:3000/_next/static/chunks/node_modules_next_dist_1e8vcs8._.js:776
[   28617ms] [LOG] [Fast Refresh] done in 27409ms @ http://localhost:3000/_next/static/chunks/node_modules_next_dist_1e8vcs8._.js:776
[   28669ms] [LOG] [Fast Refresh] done in 27409ms @ http://localhost:3000/_next/static/chunks/node_modules_next_dist_1e8vcs8._.js:776
[   28722ms] [LOG] [Fast Refresh] done in 27409ms @ http://localhost:3000/_next/static/chunks/node_modules_next_dist_1e8vcs8._.js:776
[   28779ms] [LOG] [Fast Refresh] done in 27409ms @ http://localhost:3000/_next/static/chunks/node_modules_next_dist_1e8vcs8._.js:776
[   28833ms] [LOG] [Fast Refresh] done in 27409ms @ http://localhost:3000/_next/static/chunks/node_modules_next_dist_1e8vcs8._.js:776
[   28887ms] [LOG] [Fast Refresh] done in 27409ms @ http://localhost:3000/_next/static/chunks/node_modules_next_dist_1e8vcs8._.js:776
[   28939ms] [LOG] [Fast Refresh] done in 27409ms @ http://localhost:3000/_next/static/chunks/node_modules_next_dist_1e8vcs8._.js:776
[   29005ms] [LOG] [Fast Refresh] done in 28415ms @ http://localhost:3000/_next/static/chunks/node_modules_next_dist_1e8vcs8._.js:776
[   29052ms] [LOG] [Fast Refresh] done in 28415ms @ http://localhost:3000/_next/static/chunks/node_modules_next_dist_1e8vcs8._.js:776
[   29100ms] [LOG] [Fast Refresh] done in 28415ms @ http://localhost:3000/_next/static/chunks/node_modules_next_dist_1e8vcs8._.js:776
[   29146ms] [LOG] [Fast Refresh] done in 28415ms @ http://localhost:3000/_next/static/chunks/node_modules_next_dist_1e8vcs8._.js:776
[   29193ms] [LOG] [Fast Refresh] done in 28415ms @ http://localhost:3000/_next/static/chunks/node_modules_next_dist_1e8vcs8._.js:776
[   29242ms] [LOG] [Fast Refresh] done in 28415ms @ http://localhost:3000/_next/static/chunks/node_modules_next_dist_1e8vcs8._.js:776
[   29302ms] [LOG] [Fast Refresh] done in 28415ms @ http://localhost:3000/_next/static/chunks/node_modules_next_dist_1e8vcs8._.js:776
[   29355ms] [LOG] [Fast Refresh] done in 28415ms @ http://localhost:3000/_next/static/chunks/node_modules_next_dist_1e8vcs8._.js:776
[   29405ms] [LOG] [Fast Refresh] done in 28415ms @ http://localhost:3000/_next/static/chunks/node_modules_next_dist_1e8vcs8._.js:776
[   29455ms] [LOG] [Fast Refresh] done in 28415ms @ http://localhost:3000/_next/static/chunks/node_modules_next_dist_1e8vcs8._.js:776
[   29507ms] [LOG] [Fast Refresh] done in 28415ms @ http://localhost:3000/_next/static/chunks/node_modules_next_dist_1e8vcs8._.js:776
[   29558ms] [LOG] [Fast Refresh] done in 28415ms @ http://localhost:3000/_next/static/chunks/node_modules_next_dist_1e8vcs8._.js:776
[   29610ms] [LOG] [Fast Refresh] done in 28415ms @ http://localhost:3000/_next/static/chunks/node_modules_next_dist_1e8vcs8._.js:776
[   29661ms] [LOG] [Fast Refresh] done in 28415ms @ http://localhost:3000/_next/static/chunks/node_modules_next_dist_1e8vcs8._.js:776
[   29721ms] [LOG] [Fast Refresh] done in 28415ms @ http://localhost:3000/_next/static/chunks/node_modules_next_dist_1e8vcs8._.js:776
[   29773ms] [LOG] [Fast Refresh] done in 28415ms @ http://localhost:3000/_next/static/chunks/node_modules_next_dist_1e8vcs8._.js:776
[   29828ms] [LOG] [Fast Refresh] done in 28415ms @ http://localhost:3000/_next/static/chunks/node_modules_next_dist_1e8vcs8._.js:776
[   29876ms] [LOG] [Fast Refresh] done in 28415ms @ http://localhost:3000/_next/static/chunks/node_modules_next_dist_1e8vcs8._.js:776
[   29922ms] [LOG] [Fast Refresh] done in 28415ms @ http://localhost:3000/_next/static/chunks/node_modules_next_dist_1e8vcs8._.js:776
[   30022ms] [LOG] [Fast Refresh] done in 29423ms @ http://localhost:3000/_next/static/chunks/node_modules_next_dist_1e8vcs8._.js:776
[   30068ms] [LOG] [Fast Refresh] done in 29423ms @ http://localhost:3000/_next/static/chunks/node_modules_next_dist_1e8vcs8._.js:776
[   30111ms] [LOG] [Fast Refresh] done in 29423ms @ http://localhost:3000/_next/static/chunks/node_modules_next_dist_1e8vcs8._.js:776
[   30157ms] [LOG] [Fast Refresh] done in 29423ms @ http://localhost:3000/_next/static/chunks/node_modules_next_dist_1e8vcs8._.js:776
[   30205ms] [LOG] [Fast Refresh] done in 29423ms @ http://localhost:3000/_next/static/chunks/node_modules_next_dist_1e8vcs8._.js:776
[   30262ms] [LOG] [Fast Refresh] done in 29423ms @ http://localhost:3000/_next/static/chunks/node_modules_next_dist_1e8vcs8._.js:776
[   30310ms] [LOG] [Fast Refresh] done in 29423ms @ http://localhost:3000/_next/static/chunks/node_modules_next_dist_1e8vcs8._.js:776
[   30357ms] [LOG] [Fast Refresh] done in 29423ms @ http://localhost:3000/_next/static/chunks/node_modules_next_dist_1e8vcs8._.js:776
[   30404ms] [LOG] [Fast Refresh] done in 29423ms @ http://localhost:3000/_next/static/chunks/node_modules_next_dist_1e8vcs8._.js:776
[   30451ms] [LOG] [Fast Refresh] done in 29423ms @ http://localhost:3000/_next/static/chunks/node_modules_next_dist_1e8vcs8._.js:776
[   30498ms] [LOG] [Fast Refresh] done in 29423ms @ http://localhost:3000/_next/static/chunks/node_modules_next_dist_1e8vcs8._.js:776
[   30543ms] [LOG] [Fast Refresh] done in 29423ms @ http://localhost:3000/_next/static/chunks/node_modules_next_dist_1e8vcs8._.js:776
[   30581ms] [LOG] [Fast Refresh] done in 29423ms @ http://localhost:3000/_next/static/chunks/node_modules_next_dist_1e8vcs8._.js:776
[   30626ms] [LOG] [Fast Refresh] done in 29423ms @ http://localhost:3000/_next/static/chunks/node_modules_next_dist_1e8vcs8._.js:776
[   30674ms] [LOG] [Fast Refresh] done in 29423ms @ http://localhost:3000/_next/static/chunks/node_modules_next_dist_1e8vcs8._.js:776
[   30725ms] [LOG] [Fast Refresh] done in 29423ms @ http://localhost:3000/_next/static/chunks/node_modules_next_dist_1e8vcs8._.js:776
[   30777ms] [LOG] [Fast Refresh] done in 29423ms @ http://localhost:3000/_next/static/chunks/node_modules_next_dist_1e8vcs8._.js:776
[   30826ms] [LOG] [Fast Refresh] done in 29423ms @ http://localhost:3000/_next/static/chunks/node_modules_next_dist_1e8vcs8._.js:776
[   30878ms] [LOG] [Fast Refresh] done in 29423ms @ http://localhost:3000/_next/static/chunks/node_modules_next_dist_1e8vcs8._.js:776
[   30930ms] [LOG] [Fast Refresh] done in 29423ms @ http://localhost:3000/_next/static/chunks/node_modules_next_dist_1e8vcs8._.js:776
[   31020ms] [LOG] [Fast Refresh] done in 30430ms @ http://localhost:3000/_next/static/chunks/node_modules_next_dist_1e8vcs8._.js:776
[   31071ms] [LOG] [Fast Refresh] done in 30430ms @ http://localhost:3000/_next/static/chunks/node_modules_next_dist_1e8vcs8._.js:776
[   31117ms] [LOG] [Fast Refresh] done in 30430ms @ http://localhost:3000/_next/static/chunks/node_modules_next_dist_1e8vcs8._.js:776
[   31163ms] [LOG] [Fast Refresh] done in 30430ms @ http://localhost:3000/_next/static/chunks/node_modules_next_dist_1e8vcs8._.js:776
[   31210ms] [LOG] [Fast Refresh] done in 30430ms @ http://localhost:3000/_next/static/chunks/node_modules_next_dist_1e8vcs8._.js:776
[   31266ms] [LOG] [Fast Refresh] done in 30430ms @ http://localhost:3000/_next/static/chunks/node_modules_next_dist_1e8vcs8._.js:776
[   31317ms] [LOG] [Fast Refresh] done in 30430ms @ http://localhost:3000/_next/static/chunks/node_modules_next_dist_1e8vcs8._.js:776
[   31374ms] [LOG] [Fast Refresh] done in 30430ms @ http://localhost:3000/_next/static/chunks/node_modules_next_dist_1e8vcs8._.js:776
[   31424ms] [LOG] [Fast Refresh] done in 30430ms @ http://localhost:3000/_next/static/chunks/node_modules_next_dist_1e8vcs8._.js:776
[   31478ms] [LOG] [Fast Refresh] done in 30430ms @ http://localhost:3000/_next/static/chunks/node_modules_next_dist_1e8vcs8._.js:776
[   31530ms] [LOG] [Fast Refresh] done in 30430ms @ http://localhost:3000/_next/static/chunks/node_modules_next_dist_1e8vcs8._.js:776
[   31583ms] [LOG] [Fast Refresh] done in 30430ms @ http://localhost:3000/_next/static/chunks/node_modules_next_dist_1e8vcs8._.js:776
[   31635ms] [LOG] [Fast Refresh] done in 30430ms @ http://localhost:3000/_next/static/chunks/node_modules_next_dist_1e8vcs8._.js:776
[   31686ms] [LOG] [Fast Refresh] done in 30430ms @ http://localhost:3000/_next/static/chunks/node_modules_next_dist_1e8vcs8._.js:776
[   31738ms] [LOG] [Fast Refresh] done in 30430ms @ http://localhost:3000/_next/static/chunks/node_modules_next_dist_1e8vcs8._.js:776
[   31788ms] [LOG] [Fast Refresh] done in 30430ms @ http://localhost:3000/_next/static/chunks/node_modules_next_dist_1e8vcs8._.js:776
[   31833ms] [LOG] [Fast Refresh] done in 30430ms @ http://localhost:3000/_next/static/chunks/node_modules_next_dist_1e8vcs8._.js:776
[   31880ms] [LOG] [Fast Refresh] done in 30430ms @ http://localhost:3000/_next/static/chunks/node_modules_next_dist_1e8vcs8._.js:776
[   31925ms] [LOG] [Fast Refresh] done in 30430ms @ http://localhost:3000/_next/static/chunks/node_modules_next_dist_1e8vcs8._.js:776
[   31968ms] [LOG] [Fast Refresh] done in 30430ms @ http://localhost:3000/_next/static/chunks/node_modules_next_dist_1e8vcs8._.js:776
[   32022ms] [LOG] [Fast Refresh] done in 31434ms @ http://localhost:3000/_next/static/chunks/node_modules_next_dist_1e8vcs8._.js:776
[   32067ms] [LOG] [Fast Refresh] done in 31434ms @ http://localhost:3000/_next/static/chunks/node_modules_next_dist_1e8vcs8._.js:776
[   32115ms] [LOG] [Fast Refresh] done in 31434ms @ http://localhost:3000/_next/static/chunks/node_modules_next_dist_1e8vcs8._.js:776
[   32159ms] [LOG] [Fast Refresh] done in 31434ms @ http://localhost:3000/_next/static/chunks/node_modules_next_dist_1e8vcs8._.js:776
[   32208ms] [LOG] [Fast Refresh] done in 31434ms @ http://localhost:3000/_next/static/chunks/node_modules_next_dist_1e8vcs8._.js:776
[   32259ms] [LOG] [Fast Refresh] done in 31434ms @ http://localhost:3000/_next/static/chunks/node_modules_next_dist_1e8vcs8._.js:776
[   32311ms] [LOG] [Fast Refresh] done in 31434ms @ http://localhost:3000/_next/static/chunks/node_modules_next_dist_1e8vcs8._.js:776
[   32362ms] [LOG] [Fast Refresh] done in 31434ms @ http://localhost:3000/_next/static/chunks/node_modules_next_dist_1e8vcs8._.js:776
[   32414ms] [LOG] [Fast Refresh] done in 31434ms @ http://localhost:3000/_next/static/chunks/node_modules_next_dist_1e8vcs8._.js:776
[   32468ms] [LOG] [Fast Refresh] done in 31434ms @ http://localhost:3000/_next/static/chunks/node_modules_next_dist_1e8vcs8._.js:776
[   32515ms] [LOG] [Fast Refresh] done in 31434ms @ http://localhost:3000/_next/static/chunks/node_modules_next_dist_1e8vcs8._.js:776
[   32563ms] [LOG] [Fast Refresh] done in 31434ms @ http://localhost:3000/_next/static/chunks/node_modules_next_dist_1e8vcs8._.js:776
[   32608ms] [LOG] [Fast Refresh] done in 31434ms @ http://localhost:3000/_next/static/chunks/node_modules_next_dist_1e8vcs8._.js:776
[   32653ms] [LOG] [Fast Refresh] done in 31434ms @ http://localhost:3000/_next/static/chunks/node_modules_next_dist_1e8vcs8._.js:776
[   32700ms] [LOG] [Fast Refresh] done in 31434ms @ http://localhost:3000/_next/static/chunks/node_modules_next_dist_1e8vcs8._.js:776
[   32749ms] [LOG] [Fast Refresh] done in 31434ms @ http://localhost:3000/_next/static/chunks/node_modules_next_dist_1e8vcs8._.js:776
[   32800ms] [LOG] [Fast Refresh] done in 31434ms @ http://localhost:3000/_next/static/chunks/node_modules_next_dist_1e8vcs8._.js:776
[   32857ms] [LOG] [Fast Refresh] done in 31434ms @ http://localhost:3000/_next/static/chunks/node_modules_next_dist_1e8vcs8._.js:776
[   32907ms] [LOG] [Fast Refresh] done in 31434ms @ http://localhost:3000/_next/static/chunks/node_modules_next_dist_1e8vcs8._.js:776
[   32955ms] [LOG] [Fast Refresh] done in 31434ms @ http://localhost:3000/_next/static/chunks/node_modules_next_dist_1e8vcs8._.js:776
[   33136ms] [LOG] [Fast Refresh] done in 31434ms @ http://localhost:3000/_next/static/chunks/node_modules_next_dist_1e8vcs8._.js:776
[   33191ms] [LOG] [Fast Refresh] done in 32626ms @ http://localhost:3000/_next/static/chunks/node_modules_next_dist_1e8vcs8._.js:776
[   33250ms] [LOG] [Fast Refresh] done in 32626ms @ http://localhost:3000/_next/static/chunks/node_modules_next_dist_1e8vcs8._.js:776
[   33316ms] [LOG] [Fast Refresh] done in 32626ms @ http://localhost:3000/_next/static/chunks/node_modules_next_dist_1e8vcs8._.js:776
[   33361ms] [LOG] [Fast Refresh] done in 32626ms @ http://localhost:3000/_next/static/chunks/node_modules_next_dist_1e8vcs8._.js:776
[   33408ms] [LOG] [Fast Refresh] done in 32626ms @ http://localhost:3000/_next/static/chunks/node_modules_next_dist_1e8vcs8._.js:776
[   33443ms] [LOG] [Fast Refresh] done in 32626ms @ http://localhost:3000/_next/static/chunks/node_modules_next_dist_1e8vcs8._.js:776
[   33490ms] [LOG] [Fast Refresh] done in 32626ms @ http://localhost:3000/_next/static/chunks/node_modules_next_dist_1e8vcs8._.js:776
[   33537ms] [LOG] [Fast Refresh] done in 32626ms @ http://localhost:3000/_next/static/chunks/node_modules_next_dist_1e8vcs8._.js:776
[   33585ms] [LOG] [Fast Refresh] done in 32626ms @ http://localhost:3000/_next/static/chunks/node_modules_next_dist_1e8vcs8._.js:776
[   33631ms] [LOG] [Fast Refresh] done in 32626ms @ http://localhost:3000/_next/static/chunks/node_modules_next_dist_1e8vcs8._.js:776
[   33679ms] [LOG] [Fast Refresh] done in 32626ms @ http://localhost:3000/_next/static/chunks/node_modules_next_dist_1e8vcs8._.js:776
[   33726ms] [LOG] [Fast Refresh] done in 32626ms @ http://localhost:3000/_next/static/chunks/node_modules_next_dist_1e8vcs8._.js:776
[   33775ms] [LOG] [Fast Refresh] done in 32626ms @ http://localhost:3000/_next/static/chunks/node_modules_next_dist_1e8vcs8._.js:776
[   33824ms] [LOG] [Fast Refresh] done in 32626ms @ http://localhost:3000/_next/static/chunks/node_modules_next_dist_1e8vcs8._.js:776
[   33876ms] [LOG] [Fast Refresh] done in 32626ms @ http://localhost:3000/_next/static/chunks/node_modules_next_dist_1e8vcs8._.js:776
[   33933ms] [LOG] [Fast Refresh] done in 32626ms @ http://localhost:3000/_next/static/chunks/node_modules_next_dist_1e8vcs8._.js:776
[   33986ms] [LOG] [Fast Refresh] done in 32626ms @ http://localhost:3000/_next/static/chunks/node_modules_next_dist_1e8vcs8._.js:776
[   34035ms] [LOG] [Fast Refresh] done in 32626ms @ http://localhost:3000/_next/static/chunks/node_modules_next_dist_1e8vcs8._.js:776
[   34084ms] [LOG] [Fast Refresh] done in 32626ms @ http://localhost:3000/_next/static/chunks/node_modules_next_dist_1e8vcs8._.js:776
[   34133ms] [LOG] [Fast Refresh] done in 32626ms @ http://localhost:3000/_next/static/chunks/node_modules_next_dist_1e8vcs8._.js:776
[   34227ms] [LOG] [Fast Refresh] done in 33631ms @ http://localhost:3000/_next/static/chunks/node_modules_next_dist_1e8vcs8._.js:776
[   34274ms] [LOG] [Fast Refresh] done in 33631ms @ http://localhost:3000/_next/static/chunks/node_modules_next_dist_1e8vcs8._.js:776
[   34320ms] [LOG] [Fast Refresh] done in 33631ms @ http://localhost:3000/_next/static/chunks/node_modules_next_dist_1e8vcs8._.js:776
[   34366ms] [LOG] [Fast Refresh] done in 33631ms @ http://localhost:3000/_next/static/chunks/node_modules_next_dist_1e8vcs8._.js:776
[   34414ms] [LOG] [Fast Refresh] done in 33631ms @ http://localhost:3000/_next/static/chunks/node_modules_next_dist_1e8vcs8._.js:776
[   34461ms] [LOG] [Fast Refresh] done in 33631ms @ http://localhost:3000/_next/static/chunks/node_modules_next_dist_1e8vcs8._.js:776
[   34509ms] [LOG] [Fast Refresh] done in 33631ms @ http://localhost:3000/_next/static/chunks/node_modules_next_dist_1e8vcs8._.js:776
[   34557ms] [LOG] [Fast Refresh] done in 33631ms @ http://localhost:3000/_next/static/chunks/node_modules_next_dist_1e8vcs8._.js:776
[   34607ms] [LOG] [Fast Refresh] done in 33631ms @ http://localhost:3000/_next/static/chunks/node_modules_next_dist_1e8vcs8._.js:776
[   34662ms] [LOG] [Fast Refresh] done in 33631ms @ http://localhost:3000/_next/static/chunks/node_modules_next_dist_1e8vcs8._.js:776
[   34704ms] [LOG] [Fast Refresh] done in 33631ms @ http://localhost:3000/_next/static/chunks/node_modules_next_dist_1e8vcs8._.js:776
[   34754ms] [LOG] [Fast Refresh] done in 33631ms @ http://localhost:3000/_next/static/chunks/node_modules_next_dist_1e8vcs8._.js:776
[   34804ms] [LOG] [Fast Refresh] done in 33631ms @ http://localhost:3000/_next/static/chunks/node_modules_next_dist_1e8vcs8._.js:776
[   34856ms] [LOG] [Fast Refresh] done in 33631ms @ http://localhost:3000/_next/static/chunks/node_modules_next_dist_1e8vcs8._.js:776
[   34906ms] [LOG] [Fast Refresh] done in 33631ms @ http://localhost:3000/_next/static/chunks/node_modules_next_dist_1e8vcs8._.js:776
[   34954ms] [LOG] [Fast Refresh] done in 33631ms @ http://localhost:3000/_next/static/chunks/node_modules_next_dist_1e8vcs8._.js:776
[   35003ms] [LOG] [Fast Refresh] done in 33631ms @ http://localhost:3000/_next/static/chunks/node_modules_next_dist_1e8vcs8._.js:776
[   35051ms] [LOG] [Fast Refresh] done in 33631ms @ http://localhost:3000/_next/static/chunks/node_modules_next_dist_1e8vcs8._.js:776
[   35100ms] [LOG] [Fast Refresh] done in 33631ms @ http://localhost:3000/_next/static/chunks/node_modules_next_dist_1e8vcs8._.js:776
[   35154ms] [LOG] [Fast Refresh] done in 33631ms @ http://localhost:3000/_next/static/chunks/node_modules_next_dist_1e8vcs8._.js:776
[   35230ms] [LOG] [Fast Refresh] done in 34637ms @ http://localhost:3000/_next/static/chunks/node_modules_next_dist_1e8vcs8._.js:776
[   35276ms] [LOG] [Fast Refresh] done in 34637ms @ http://localhost:3000/_next/static/chunks/node_modules_next_dist_1e8vcs8._.js:776
[   35324ms] [LOG] [Fast Refresh] done in 34637ms @ http://localhost:3000/_next/static/chunks/node_modules_next_dist_1e8vcs8._.js:776
[   35370ms] [LOG] [Fast Refresh] done in 34637ms @ http://localhost:3000/_next/static/chunks/node_modules_next_dist_1e8vcs8._.js:776
[   35421ms] [LOG] [Fast Refresh] done in 34637ms @ http://localhost:3000/_next/static/chunks/node_modules_next_dist_1e8vcs8._.js:776
[   35473ms] [LOG] [Fast Refresh] done in 34637ms @ http://localhost:3000/_next/static/chunks/node_modules_next_dist_1e8vcs8._.js:776
[   35522ms] [LOG] [Fast Refresh] done in 34637ms @ http://localhost:3000/_next/static/chunks/node_modules_next_dist_1e8vcs8._.js:776
[   35569ms] [LOG] [Fast Refresh] done in 34637ms @ http://localhost:3000/_next/static/chunks/node_modules_next_dist_1e8vcs8._.js:776
[   35614ms] [LOG] [Fast Refresh] done in 34637ms @ http://localhost:3000/_next/static/chunks/node_modules_next_dist_1e8vcs8._.js:776
[   35661ms] [LOG] [Fast Refresh] done in 34637ms @ http://localhost:3000/_next/static/chunks/node_modules_next_dist_1e8vcs8._.js:776
[   35709ms] [LOG] [Fast Refresh] done in 34637ms @ http://localhost:3000/_next/static/chunks/node_modules_next_dist_1e8vcs8._.js:776
[   35761ms] [LOG] [Fast Refresh] done in 34637ms @ http://localhost:3000/_next/static/chunks/node_modules_next_dist_1e8vcs8._.js:776
[   35811ms] [LOG] [Fast Refresh] done in 34637ms @ http://localhost:3000/_next/static/chunks/node_modules_next_dist_1e8vcs8._.js:776
[   35862ms] [LOG] [Fast Refresh] done in 34637ms @ http://localhost:3000/_next/static/chunks/node_modules_next_dist_1e8vcs8._.js:776
[   35913ms] [LOG] [Fast Refresh] done in 34637ms @ http://localhost:3000/_next/static/chunks/node_modules_next_dist_1e8vcs8._.js:776
[   35967ms] [LOG] [Fast Refresh] done in 34637ms @ http://localhost:3000/_next/static/chunks/node_modules_next_dist_1e8vcs8._.js:776
[   36019ms] [LOG] [Fast Refresh] done in 34637ms @ http://localhost:3000/_next/static/chunks/node_modules_next_dist_1e8vcs8._.js:776
[   36074ms] [LOG] [Fast Refresh] done in 34637ms @ http://localhost:3000/_next/static/chunks/node_modules_next_dist_1e8vcs8._.js:776
[   36125ms] [LOG] [Fast Refresh] done in 34637ms @ http://localhost:3000/_next/static/chunks/node_modules_next_dist_1e8vcs8._.js:776
[   36176ms] [LOG] [Fast Refresh] done in 34637ms @ http://localhost:3000/_next/static/chunks/node_modules_next_dist_1e8vcs8._.js:776
[   36229ms] [LOG] [Fast Refresh] done in 35641ms @ http://localhost:3000/_next/static/chunks/node_modules_next_dist_1e8vcs8._.js:776
[   36279ms] [LOG] [Fast Refresh] done in 35641ms @ http://localhost:3000/_next/static/chunks/node_modules_next_dist_1e8vcs8._.js:776
[   36326ms] [LOG] [Fast Refresh] done in 35641ms @ http://localhost:3000/_next/static/chunks/node_modules_next_dist_1e8vcs8._.js:776
[   36372ms] [LOG] [Fast Refresh] done in 35641ms @ http://localhost:3000/_next/static/chunks/node_modules_next_dist_1e8vcs8._.js:776
[   36421ms] [LOG] [Fast Refresh] done in 35641ms @ http://localhost:3000/_next/static/chunks/node_modules_next_dist_1e8vcs8._.js:776
[   36470ms] [LOG] [Fast Refresh] done in 35641ms @ http://localhost:3000/_next/static/chunks/node_modules_next_dist_1e8vcs8._.js:776
[   36518ms] [LOG] [Fast Refresh] done in 35641ms @ http://localhost:3000/_next/static/chunks/node_modules_next_dist_1e8vcs8._.js:776
[   36566ms] [LOG] [Fast Refresh] done in 35641ms @ http://localhost:3000/_next/static/chunks/node_modules_next_dist_1e8vcs8._.js:776
[   36613ms] [LOG] [Fast Refresh] done in 35641ms @ http://localhost:3000/_next/static/chunks/node_modules_next_dist_1e8vcs8._.js:776
[   36663ms] [LOG] [Fast Refresh] done in 35641ms @ http://localhost:3000/_next/static/chunks/node_modules_next_dist_1e8vcs8._.js:776
[   36710ms] [LOG] [Fast Refresh] done in 35641ms @ http://localhost:3000/_next/static/chunks/node_modules_next_dist_1e8vcs8._.js:776
[   36758ms] [LOG] [Fast Refresh] done in 35641ms @ http://localhost:3000/_next/static/chunks/node_modules_next_dist_1e8vcs8._.js:776
[   36806ms] [LOG] [Fast Refresh] done in 35641ms @ http://localhost:3000/_next/static/chunks/node_modules_next_dist_1e8vcs8._.js:776
[   36853ms] [LOG] [Fast Refresh] done in 35641ms @ http://localhost:3000/_next/static/chunks/node_modules_next_dist_1e8vcs8._.js:776
[   36899ms] [LOG] [Fast Refresh] done in 35641ms @ http://localhost:3000/_next/static/chunks/node_modules_next_dist_1e8vcs8._.js:776
[   36945ms] [LOG] [Fast Refresh] done in 35641ms @ http://localhost:3000/_next/static/chunks/node_modules_next_dist_1e8vcs8._.js:776
[   36995ms] [LOG] [Fast Refresh] done in 35641ms @ http://localhost:3000/_next/static/chunks/node_modules_next_dist_1e8vcs8._.js:776
[   37039ms] [LOG] [Fast Refresh] done in 35641ms @ http://localhost:3000/_next/static/chunks/node_modules_next_dist_1e8vcs8._.js:776
[   37087ms] [LOG] [Fast Refresh] done in 35641ms @ http://localhost:3000/_next/static/chunks/node_modules_next_dist_1e8vcs8._.js:776
[   37135ms] [LOG] [Fast Refresh] done in 35641ms @ http://localhost:3000/_next/static/chunks/node_modules_next_dist_1e8vcs8._.js:776
[   37183ms] [LOG] [Fast Refresh] done in 35641ms @ http://localhost:3000/_next/static/chunks/node_modules_next_dist_1e8vcs8._.js:776
[   37242ms] [LOG] [Fast Refresh] done in 36648ms @ http://localhost:3000/_next/static/chunks/node_modules_next_dist_1e8vcs8._.js:776
[   37299ms] [LOG] [Fast Refresh] done in 36648ms @ http://localhost:3000/_next/static/chunks/node_modules_next_dist_1e8vcs8._.js:776
[   37336ms] [LOG] [Fast Refresh] done in 36648ms @ http://localhost:3000/_next/static/chunks/node_modules_next_dist_1e8vcs8._.js:776
[   37383ms] [LOG] [Fast Refresh] done in 36648ms @ http://localhost:3000/_next/static/chunks/node_modules_next_dist_1e8vcs8._.js:776
[   37431ms] [LOG] [Fast Refresh] done in 36648ms @ http://localhost:3000/_next/static/chunks/node_modules_next_dist_1e8vcs8._.js:776
[   37479ms] [LOG] [Fast Refresh] done in 36648ms @ http://localhost:3000/_next/static/chunks/node_modules_next_dist_1e8vcs8._.js:776
[   37529ms] [LOG] [Fast Refresh] done in 36648ms @ http://localhost:3000/_next/static/chunks/node_modules_next_dist_1e8vcs8._.js:776
[   37592ms] [LOG] [Fast Refresh] done in 36648ms @ http://localhost:3000/_next/static/chunks/node_modules_next_dist_1e8vcs8._.js:776
[   37645ms] [LOG] [Fast Refresh] done in 36648ms @ http://localhost:3000/_next/static/chunks/node_modules_next_dist_1e8vcs8._.js:776
[   37696ms] [LOG] [Fast Refresh] done in 36648ms @ http://localhost:3000/_next/static/chunks/node_modules_next_dist_1e8vcs8._.js:776
[   37748ms] [LOG] [Fast Refresh] done in 36648ms @ http://localhost:3000/_next/static/chunks/node_modules_next_dist_1e8vcs8._.js:776
[   37800ms] [LOG] [Fast Refresh] done in 36648ms @ http://localhost:3000/_next/static/chunks/node_modules_next_dist_1e8vcs8._.js:776
[   37853ms] [LOG] [Fast Refresh] done in 36648ms @ http://localhost:3000/_next/static/chunks/node_modules_next_dist_1e8vcs8._.js:776
[   37905ms] [LOG] [Fast Refresh] done in 36648ms @ http://localhost:3000/_next/static/chunks/node_modules_next_dist_1e8vcs8._.js:776
[   37957ms] [LOG] [Fast Refresh] done in 36648ms @ http://localhost:3000/_next/static/chunks/node_modules_next_dist_1e8vcs8._.js:776
[   38009ms] [LOG] [Fast Refresh] done in 36648ms @ http://localhost:3000/_next/static/chunks/node_modules_next_dist_1e8vcs8._.js:776
[   38061ms] [LOG] [Fast Refresh] done in 36648ms @ http://localhost:3000/_next/static/chunks/node_modules_next_dist_1e8vcs8._.js:776
[   38114ms] [LOG] [Fast Refresh] done in 36648ms @ http://localhost:3000/_next/static/chunks/node_modules_next_dist_1e8vcs8._.js:776
[   38166ms] [LOG] [Fast Refresh] done in 36648ms @ http://localhost:3000/_next/static/chunks/node_modules_next_dist_1e8vcs8._.js:776
[   38244ms] [LOG] [Fast Refresh] done in 37655ms @ http://localhost:3000/_next/static/chunks/node_modules_next_dist_1e8vcs8._.js:776
[   38284ms] [LOG] [Fast Refresh] done in 37655ms @ http://localhost:3000/_next/static/chunks/node_modules_next_dist_1e8vcs8._.js:776
[   38332ms] [LOG] [Fast Refresh] done in 37655ms @ http://localhost:3000/_next/static/chunks/node_modules_next_dist_1e8vcs8._.js:776
[   38378ms] [LOG] [Fast Refresh] done in 37655ms @ http://localhost:3000/_next/static/chunks/node_modules_next_dist_1e8vcs8._.js:776
[   38426ms] [LOG] [Fast Refresh] done in 37655ms @ http://localhost:3000/_next/static/chunks/node_modules_next_dist_1e8vcs8._.js:776
[   38475ms] [LOG] [Fast Refresh] done in 37655ms @ http://localhost:3000/_next/static/chunks/node_modules_next_dist_1e8vcs8._.js:776
[   38526ms] [LOG] [Fast Refresh] done in 37655ms @ http://localhost:3000/_next/static/chunks/node_modules_next_dist_1e8vcs8._.js:776
[   38578ms] [LOG] [Fast Refresh] done in 37655ms @ http://localhost:3000/_next/static/chunks/node_modules_next_dist_1e8vcs8._.js:776
[   38629ms] [LOG] [Fast Refresh] done in 37655ms @ http://localhost:3000/_next/static/chunks/node_modules_next_dist_1e8vcs8._.js:776
[   38682ms] [LOG] [Fast Refresh] done in 37655ms @ http://localhost:3000/_next/static/chunks/node_modules_next_dist_1e8vcs8._.js:776
[   38740ms] [LOG] [Fast Refresh] done in 37655ms @ http://localhost:3000/_next/static/chunks/node_modules_next_dist_1e8vcs8._.js:776
[   38782ms] [LOG] [Fast Refresh] done in 37655ms @ http://localhost:3000/_next/static/chunks/node_modules_next_dist_1e8vcs8._.js:776
[   38833ms] [LOG] [Fast Refresh] done in 37655ms @ http://localhost:3000/_next/static/chunks/node_modules_next_dist_1e8vcs8._.js:776
[   38884ms] [LOG] [Fast Refresh] done in 37655ms @ http://localhost:3000/_next/static/chunks/node_modules_next_dist_1e8vcs8._.js:776
[   38937ms] [LOG] [Fast Refresh] done in 37655ms @ http://localhost:3000/_next/static/chunks/node_modules_next_dist_1e8vcs8._.js:776
[   38986ms] [LOG] [Fast Refresh] done in 37655ms @ http://localhost:3000/_next/static/chunks/node_modules_next_dist_1e8vcs8._.js:776
[   39037ms] [LOG] [Fast Refresh] done in 37655ms @ http://localhost:3000/_next/static/chunks/node_modules_next_dist_1e8vcs8._.js:776
[   39085ms] [LOG] [Fast Refresh] done in 37655ms @ http://localhost:3000/_next/static/chunks/node_modules_next_dist_1e8vcs8._.js:776
[   39134ms] [LOG] [Fast Refresh] done in 37655ms @ http://localhost:3000/_next/static/chunks/node_modules_next_dist_1e8vcs8._.js:776
[   39185ms] [LOG] [Fast Refresh] done in 37655ms @ http://localhost:3000/_next/static/chunks/node_modules_next_dist_1e8vcs8._.js:776
[   39253ms] [LOG] [Fast Refresh] done in 38663ms @ http://localhost:3000/_next/static/chunks/node_modules_next_dist_1e8vcs8._.js:776
[   39296ms] [LOG] [Fast Refresh] done in 38663ms @ http://localhost:3000/_next/static/chunks/node_modules_next_dist_1e8vcs8._.js:776
[   39343ms] [LOG] [Fast Refresh] done in 38663ms @ http://localhost:3000/_next/static/chunks/node_modules_next_dist_1e8vcs8._.js:776
[   39389ms] [LOG] [Fast Refresh] done in 38663ms @ http://localhost:3000/_next/static/chunks/node_modules_next_dist_1e8vcs8._.js:776
[   39436ms] [LOG] [Fast Refresh] done in 38663ms @ http://localhost:3000/_next/static/chunks/node_modules_next_dist_1e8vcs8._.js:776
[   39487ms] [LOG] [Fast Refresh] done in 38663ms @ http://localhost:3000/_next/static/chunks/node_modules_next_dist_1e8vcs8._.js:776
[   39540ms] [LOG] [Fast Refresh] done in 38663ms @ http://localhost:3000/_next/static/chunks/node_modules_next_dist_1e8vcs8._.js:776
[   39592ms] [LOG] [Fast Refresh] done in 38663ms @ http://localhost:3000/_next/static/chunks/node_modules_next_dist_1e8vcs8._.js:776
[   39643ms] [LOG] [Fast Refresh] done in 38663ms @ http://localhost:3000/_next/static/chunks/node_modules_next_dist_1e8vcs8._.js:776
[   39695ms] [LOG] [Fast Refresh] done in 38663ms @ http://localhost:3000/_next/static/chunks/node_modules_next_dist_1e8vcs8._.js:776
[   39742ms] [LOG] [Fast Refresh] done in 38663ms @ http://localhost:3000/_next/static/chunks/node_modules_next_dist_1e8vcs8._.js:776
[   39786ms] [LOG] [Fast Refresh] done in 38663ms @ http://localhost:3000/_next/static/chunks/node_modules_next_dist_1e8vcs8._.js:776
[   39832ms] [LOG] [Fast Refresh] done in 38663ms @ http://localhost:3000/_next/static/chunks/node_modules_next_dist_1e8vcs8._.js:776
[   39878ms] [LOG] [Fast Refresh] done in 38663ms @ http://localhost:3000/_next/static/chunks/node_modules_next_dist_1e8vcs8._.js:776
[   39926ms] [LOG] [Fast Refresh] done in 38663ms @ http://localhost:3000/_next/static/chunks/node_modules_next_dist_1e8vcs8._.js:776
[   39979ms] [LOG] [Fast Refresh] done in 38663ms @ http://localhost:3000/_next/static/chunks/node_modules_next_dist_1e8vcs8._.js:776
[   40031ms] [LOG] [Fast Refresh] done in 38663ms @ http://localhost:3000/_next/static/chunks/node_modules_next_dist_1e8vcs8._.js:776
[   40081ms] [LOG] [Fast Refresh] done in 38663ms @ http://localhost:3000/_next/static/chunks/node_modules_next_dist_1e8vcs8._.js:776
[   40132ms] [LOG] [Fast Refresh] done in 38663ms @ http://localhost:3000/_next/static/chunks/node_modules_next_dist_1e8vcs8._.js:776
[   40184ms] [LOG] [Fast Refresh] done in 38663ms @ http://localhost:3000/_next/static/chunks/node_modules_next_dist_1e8vcs8._.js:776
[   40260ms] [LOG] [Fast Refresh] done in 39669ms @ http://localhost:3000/_next/static/chunks/node_modules_next_dist_1e8vcs8._.js:776
[   40308ms] [LOG] [Fast Refresh] done in 39669ms @ http://localhost:3000/_next/static/chunks/node_modules_next_dist_1e8vcs8._.js:776
[   40353ms] [LOG] [Fast Refresh] done in 39669ms @ http://localhost:3000/_next/static/chunks/node_modules_next_dist_1e8vcs8._.js:776
[   40400ms] [LOG] [Fast Refresh] done in 39669ms @ http://localhost:3000/_next/static/chunks/node_modules_next_dist_1e8vcs8._.js:776
[   40449ms] [LOG] [Fast Refresh] done in 39669ms @ http://localhost:3000/_next/static/chunks/node_modules_next_dist_1e8vcs8._.js:776
[   40500ms] [LOG] [Fast Refresh] done in 39669ms @ http://localhost:3000/_next/static/chunks/node_modules_next_dist_1e8vcs8._.js:776
[   40553ms] [LOG] [Fast Refresh] done in 39669ms @ http://localhost:3000/_next/static/chunks/node_modules_next_dist_1e8vcs8._.js:776
[   40607ms] [LOG] [Fast Refresh] done in 39669ms @ http://localhost:3000/_next/static/chunks/node_modules_next_dist_1e8vcs8._.js:776
[   40656ms] [LOG] [Fast Refresh] done in 39669ms @ http://localhost:3000/_next/static/chunks/node_modules_next_dist_1e8vcs8._.js:776
[   40707ms] [LOG] [Fast Refresh] done in 39669ms @ http://localhost:3000/_next/static/chunks/node_modules_next_dist_1e8vcs8._.js:776
[   40759ms] [LOG] [Fast Refresh] done in 39669ms @ http://localhost:3000/_next/static/chunks/node_modules_next_dist_1e8vcs8._.js:776
[   40809ms] [LOG] [Fast Refresh] done in 39669ms @ http://localhost:3000/_next/static/chunks/node_modules_next_dist_1e8vcs8._.js:776
[   40862ms] [LOG] [Fast Refresh] done in 39669ms @ http://localhost:3000/_next/static/chunks/node_modules_next_dist_1e8vcs8._.js:776
[   40912ms] [LOG] [Fast Refresh] done in 39669ms @ http://localhost:3000/_next/static/chunks/node_modules_next_dist_1e8vcs8._.js:776
[   40960ms] [LOG] [Fast Refresh] done in 39669ms @ http://localhost:3000/_next/static/chunks/node_modules_next_dist_1e8vcs8._.js:776
[   41010ms] [LOG] [Fast Refresh] done in 39669ms @ http://localhost:3000/_next/static/chunks/node_modules_next_dist_1e8vcs8._.js:776
[   41074ms] [LOG] [Fast Refresh] done in 39669ms @ http://localhost:3000/_next/static/chunks/node_modules_next_dist_1e8vcs8._.js:776
[   41124ms] [LOG] [Fast Refresh] done in 39669ms @ http://localhost:3000/_next/static/chunks/node_modules_next_dist_1e8vcs8._.js:776
[   41176ms] [LOG] [Fast Refresh] done in 39669ms @ http://localhost:3000/_next/static/chunks/node_modules_next_dist_1e8vcs8._.js:776
[   41267ms] [LOG] [Fast Refresh] done in 40677ms @ http://localhost:3000/_next/static/chunks/node_modules_next_dist_1e8vcs8._.js:776
[   41307ms] [LOG] [Fast Refresh] done in 40677ms @ http://localhost:3000/_next/static/chunks/node_modules_next_dist_1e8vcs8._.js:776
[   41353ms] [LOG] [Fast Refresh] done in 40677ms @ http://localhost:3000/_next/static/chunks/node_modules_next_dist_1e8vcs8._.js:776
[   41399ms] [LOG] [Fast Refresh] done in 40677ms @ http://localhost:3000/_next/static/chunks/node_modules_next_dist_1e8vcs8._.js:776
[   41445ms] [LOG] [Fast Refresh] done in 40677ms @ http://localhost:3000/_next/static/chunks/node_modules_next_dist_1e8vcs8._.js:776
[   41494ms] [LOG] [Fast Refresh] done in 40677ms @ http://localhost:3000/_next/static/chunks/node_modules_next_dist_1e8vcs8._.js:776
[   41547ms] [LOG] [Fast Refresh] done in 40677ms @ http://localhost:3000/_next/static/chunks/node_modules_next_dist_1e8vcs8._.js:776
[   41600ms] [LOG] [Fast Refresh] done in 40677ms @ http://localhost:3000/_next/static/chunks/node_modules_next_dist_1e8vcs8._.js:776
[   41652ms] [LOG] [Fast Refresh] done in 40677ms @ http://localhost:3000/_next/static/chunks/node_modules_next_dist_1e8vcs8._.js:776
[   41704ms] [LOG] [Fast Refresh] done in 40677ms @ http://localhost:3000/_next/static/chunks/node_modules_next_dist_1e8vcs8._.js:776
[   41760ms] [LOG] [Fast Refresh] done in 40677ms @ http://localhost:3000/_next/static/chunks/node_modules_next_dist_1e8vcs8._.js:776
[   41806ms] [LOG] [Fast Refresh] done in 40677ms @ http://localhost:3000/_next/static/chunks/node_modules_next_dist_1e8vcs8._.js:776
[   41958ms] [LOG] [Fast Refresh] rebuilding @ http://localhost:3000/_next/static/chunks/node_modules_next_dist_1e8vcs8._.js:776
[   42021ms] [ERROR] Failed to load resource: the server responded with a status of 404 (Not Found) @ http://localhost:3000/sites/intarcs-redesign/images/hero-visual.jpg:0
[   42023ms] [LOG] [Fast Refresh] done in 110ms @ http://localhost:3000/_next/static/chunks/node_modules_next_dist_1e8vcs8._.js:776
[   42046ms] [LOG] [Fast Refresh] done in 110ms @ http://localhost:3000/_next/static/chunks/node_modules_next_dist_1e8vcs8._.js:776
[   42098ms] [LOG] [Fast Refresh] done in 110ms @ http://localhost:3000/_next/static/chunks/node_modules_next_dist_1e8vcs8._.js:776
[   42143ms] [LOG] [Fast Refresh] done in 110ms @ http://localhost:3000/_next/static/chunks/node_modules_next_dist_1e8vcs8._.js:776
[   42190ms] [LOG] [Fast Refresh] done in 110ms @ http://localhost:3000/_next/static/chunks/node_modules_next_dist_1e8vcs8._.js:776
[   43283ms] [LOG] [Fast Refresh] done in 925ms @ http://localhost:3000/_next/static/chunks/node_modules_next_dist_1e8vcs8._.js:776
[   43360ms] [LOG] [Fast Refresh] done in 925ms @ http://localhost:3000/_next/static/chunks/node_modules_next_dist_1e8vcs8._.js:776
[   43422ms] [LOG] [Fast Refresh] done in 925ms @ http://localhost:3000/_next/static/chunks/node_modules_next_dist_1e8vcs8._.js:776
[   43471ms] [LOG] [Fast Refresh] done in 925ms @ http://localhost:3000/_next/static/chunks/node_modules_next_dist_1e8vcs8._.js:776
[   43517ms] [LOG] [Fast Refresh] done in 925ms @ http://localhost:3000/_next/static/chunks/node_modules_next_dist_1e8vcs8._.js:776
[   43564ms] [LOG] [Fast Refresh] done in 925ms @ http://localhost:3000/_next/static/chunks/node_modules_next_dist_1e8vcs8._.js:776
[   43612ms] [LOG] [Fast Refresh] done in 925ms @ http://localhost:3000/_next/static/chunks/node_modules_next_dist_1e8vcs8._.js:776
[   43660ms] [LOG] [Fast Refresh] done in 925ms @ http://localhost:3000/_next/static/chunks/node_modules_next_dist_1e8vcs8._.js:776
[   43720ms] [LOG] [Fast Refresh] done in 925ms @ http://localhost:3000/_next/static/chunks/node_modules_next_dist_1e8vcs8._.js:776
[   43768ms] [LOG] [Fast Refresh] done in 925ms @ http://localhost:3000/_next/static/chunks/node_modules_next_dist_1e8vcs8._.js:776
[   43814ms] [LOG] [Fast Refresh] done in 925ms @ http://localhost:3000/_next/static/chunks/node_modules_next_dist_1e8vcs8._.js:776
[   43862ms] [LOG] [Fast Refresh] done in 925ms @ http://localhost:3000/_next/static/chunks/node_modules_next_dist_1e8vcs8._.js:776
[   43910ms] [LOG] [Fast Refresh] done in 925ms @ http://localhost:3000/_next/static/chunks/node_modules_next_dist_1e8vcs8._.js:776
[   43970ms] [LOG] [Fast Refresh] done in 925ms @ http://localhost:3000/_next/static/chunks/node_modules_next_dist_1e8vcs8._.js:776
[   44018ms] [LOG] [Fast Refresh] done in 925ms @ http://localhost:3000/_next/static/chunks/node_modules_next_dist_1e8vcs8._.js:776
[   44070ms] [LOG] [Fast Refresh] done in 925ms @ http://localhost:3000/_next/static/chunks/node_modules_next_dist_1e8vcs8._.js:776
[   44121ms] [LOG] [Fast Refresh] done in 925ms @ http://localhost:3000/_next/static/chunks/node_modules_next_dist_1e8vcs8._.js:776
[   44172ms] [LOG] [Fast Refresh] done in 925ms @ http://localhost:3000/_next/static/chunks/node_modules_next_dist_1e8vcs8._.js:776
[   44220ms] [LOG] [Fast Refresh] done in 925ms @ http://localhost:3000/_next/static/chunks/node_modules_next_dist_1e8vcs8._.js:776
[   44316ms] [LOG] [Fast Refresh] done in 1922ms @ http://localhost:3000/_next/static/chunks/node_modules_next_dist_1e8vcs8._.js:776
[   44363ms] [LOG] [Fast Refresh] done in 1922ms @ http://localhost:3000/_next/static/chunks/node_modules_next_dist_1e8vcs8._.js:776
[   44404ms] [LOG] [Fast Refresh] done in 1922ms @ http://localhost:3000/_next/static/chunks/node_modules_next_dist_1e8vcs8._.js:776
[   44450ms] [LOG] [Fast Refresh] done in 1922ms @ http://localhost:3000/_next/static/chunks/node_modules_next_dist_1e8vcs8._.js:776
[   44498ms] [LOG] [Fast Refresh] done in 1922ms @ http://localhost:3000/_next/static/chunks/node_modules_next_dist_1e8vcs8._.js:776
[   44549ms] [LOG] [Fast Refresh] done in 1922ms @ http://localhost:3000/_next/static/chunks/node_modules_next_dist_1e8vcs8._.js:776
[   44599ms] [LOG] [Fast Refresh] done in 1922ms @ http://localhost:3000/_next/static/chunks/node_modules_next_dist_1e8vcs8._.js:776
[   44651ms] [LOG] [Fast Refresh] done in 1922ms @ http://localhost:3000/_next/static/chunks/node_modules_next_dist_1e8vcs8._.js:776
[   44700ms] [LOG] [Fast Refresh] done in 1922ms @ http://localhost:3000/_next/static/chunks/node_modules_next_dist_1e8vcs8._.js:776
[   44750ms] [LOG] [Fast Refresh] done in 1922ms @ http://localhost:3000/_next/static/chunks/node_modules_next_dist_1e8vcs8._.js:776
[   44804ms] [LOG] [Fast Refresh] done in 1922ms @ http://localhost:3000/_next/static/chunks/node_modules_next_dist_1e8vcs8._.js:776
[   44857ms] [LOG] [Fast Refresh] done in 1922ms @ http://localhost:3000/_next/static/chunks/node_modules_next_dist_1e8vcs8._.js:776
[   44907ms] [LOG] [Fast Refresh] done in 1922ms @ http://localhost:3000/_next/static/chunks/node_modules_next_dist_1e8vcs8._.js:776
[   44956ms] [LOG] [Fast Refresh] done in 1922ms @ http://localhost:3000/_next/static/chunks/node_modules_next_dist_1e8vcs8._.js:776
[   45004ms] [LOG] [Fast Refresh] done in 1922ms @ http://localhost:3000/_next/static/chunks/node_modules_next_dist_1e8vcs8._.js:776
[   45047ms] [LOG] [Fast Refresh] done in 1922ms @ http://localhost:3000/_next/static/chunks/node_modules_next_dist_1e8vcs8._.js:776
[   45099ms] [LOG] [Fast Refresh] done in 1922ms @ http://localhost:3000/_next/static/chunks/node_modules_next_dist_1e8vcs8._.js:776
[   45153ms] [LOG] [Fast Refresh] done in 1922ms @ http://localhost:3000/_next/static/chunks/node_modules_next_dist_1e8vcs8._.js:776
[   45207ms] [LOG] [Fast Refresh] done in 1922ms @ http://localhost:3000/_next/static/chunks/node_modules_next_dist_1e8vcs8._.js:776
[   45257ms] [LOG] [Fast Refresh] done in 1922ms @ http://localhost:3000/_next/static/chunks/node_modules_next_dist_1e8vcs8._.js:776
[   45323ms] [LOG] [Fast Refresh] done in 2927ms @ http://localhost:3000/_next/static/chunks/node_modules_next_dist_1e8vcs8._.js:776
[   45381ms] [LOG] [Fast Refresh] done in 2927ms @ http://localhost:3000/_next/static/chunks/node_modules_next_dist_1e8vcs8._.js:776
[   45431ms] [LOG] [Fast Refresh] done in 2927ms @ http://localhost:3000/_next/static/chunks/node_modules_next_dist_1e8vcs8._.js:776
[   45478ms] [LOG] [Fast Refresh] done in 2927ms @ http://localhost:3000/_next/static/chunks/node_modules_next_dist_1e8vcs8._.js:776
[   45524ms] [LOG] [Fast Refresh] done in 2927ms @ http://localhost:3000/_next/static/chunks/node_modules_next_dist_1e8vcs8._.js:776
[   45569ms] [LOG] [Fast Refresh] done in 2927ms @ http://localhost:3000/_next/static/chunks/node_modules_next_dist_1e8vcs8._.js:776
[   45618ms] [LOG] [Fast Refresh] done in 2927ms @ http://localhost:3000/_next/static/chunks/node_modules_next_dist_1e8vcs8._.js:776
[   45666ms] [LOG] [Fast Refresh] done in 2927ms @ http://localhost:3000/_next/static/chunks/node_modules_next_dist_1e8vcs8._.js:776
[   45715ms] [LOG] [Fast Refresh] done in 2927ms @ http://localhost:3000/_next/static/chunks/node_modules_next_dist_1e8vcs8._.js:776
[   45766ms] [LOG] [Fast Refresh] done in 2927ms @ http://localhost:3000/_next/static/chunks/node_modules_next_dist_1e8vcs8._.js:776
[   45818ms] [LOG] [Fast Refresh] done in 2927ms @ http://localhost:3000/_next/static/chunks/node_modules_next_dist_1e8vcs8._.js:776
[   45871ms] [LOG] [Fast Refresh] done in 2927ms @ http://localhost:3000/_next/static/chunks/node_modules_next_dist_1e8vcs8._.js:776
[   45925ms] [LOG] [Fast Refresh] done in 2927ms @ http://localhost:3000/_next/static/chunks/node_modules_next_dist_1e8vcs8._.js:776
[   45976ms] [LOG] [Fast Refresh] done in 2927ms @ http://localhost:3000/_next/static/chunks/node_modules_next_dist_1e8vcs8._.js:776
[   46027ms] [LOG] [Fast Refresh] done in 2927ms @ http://localhost:3000/_next/static/chunks/node_modules_next_dist_1e8vcs8._.js:776
[   46080ms] [LOG] [Fast Refresh] done in 2927ms @ http://localhost:3000/_next/static/chunks/node_modules_next_dist_1e8vcs8._.js:776
