[     183ms] [LOG] [Fast Refresh] done in 476ms @ http://localhost:3000/_next/static/chunks/node_modules_next_dist_1e8vcs8._.js:776
[     556ms] [INFO] %cDownload the React DevTools for a better development experience: https://react.dev/link/react-devtools font-weight:bold @ http://localhost:3000/_next/static/chunks/node_modules_next_dist_1e8vcs8._.js:776
[     595ms] [LOG] [HMR] connected @ http://localhost:3000/_next/static/chunks/node_modules_next_dist_1e8vcs8._.js:776
[   23467ms] [LOG] [Fast Refresh] rebuilding @ http://localhost:3000/_next/static/chunks/node_modules_next_dist_1e8vcs8._.js:776
[   23516ms] [LOG] [Fast Refresh] done in 47ms @ http://localhost:3000/_next/static/chunks/node_modules_next_dist_1e8vcs8._.js:776
[   23712ms] [LOG] [Fast Refresh] done in 47ms @ http://localhost:3000/_next/static/chunks/node_modules_next_dist_1e8vcs8._.js:776
[   23879ms] [LOG] [Fast Refresh] done in 47ms @ http://localhost:3000/_next/static/chunks/node_modules_next_dist_1e8vcs8._.js:776
[   23932ms] [LOG] [Fast Refresh] done in 47ms @ http://localhost:3000/_next/static/chunks/node_modules_next_dist_1e8vcs8._.js:776
[   23986ms] [LOG] [Fast Refresh] done in 47ms @ http://localhost:3000/_next/static/chunks/node_modules_next_dist_1e8vcs8._.js:776
[   24126ms] [LOG] [Fast Refresh] done in 47ms @ http://localhost:3000/_next/static/chunks/node_modules_next_dist_1e8vcs8._.js:776
[   24227ms] [LOG] [Fast Refresh] done in 47ms @ http://localhost:3000/_next/static/chunks/node_modules_next_dist_1e8vcs8._.js:776
[   24283ms] [LOG] [Fast Refresh] done in 47ms @ http://localhost:3000/_next/static/chunks/node_modules_next_dist_1e8vcs8._.js:776
[   24385ms] [LOG] [Fast Refresh] done in 47ms @ http://localhost:3000/_next/static/chunks/node_modules_next_dist_1e8vcs8._.js:776
[   24474ms] [LOG] [Fast Refresh] done in 47ms @ http://localhost:3000/_next/static/chunks/node_modules_next_dist_1e8vcs8._.js:776
[   24531ms] [LOG] [Fast Refresh] done in 47ms @ http://localhost:3000/_next/static/chunks/node_modules_next_dist_1e8vcs8._.js:776
[   24582ms] [LOG] [Fast Refresh] done in 47ms @ http://localhost:3000/_next/static/chunks/node_modules_next_dist_1e8vcs8._.js:776
[   24637ms] [LOG] [Fast Refresh] done in 47ms @ http://localhost:3000/_next/static/chunks/node_modules_next_dist_1e8vcs8._.js:776
[   24688ms] [LOG] [Fast Refresh] done in 47ms @ http://localhost:3000/_next/static/chunks/node_modules_next_dist_1e8vcs8._.js:776
[   24739ms] [LOG] [Fast Refresh] done in 47ms @ http://localhost:3000/_next/static/chunks/node_modules_next_dist_1e8vcs8._.js:776
[   24824ms] [LOG] [Fast Refresh] done in 47ms @ http://localhost:3000/_next/static/chunks/node_modules_next_dist_1e8vcs8._.js:776
[   24892ms] [LOG] [Fast Refresh] done in 47ms @ http://localhost:3000/_next/static/chunks/node_modules_next_dist_1e8vcs8._.js:776
[   24976ms] [LOG] [Fast Refresh] done in 47ms @ http://localhost:3000/_next/static/chunks/node_modules_next_dist_1e8vcs8._.js:776
[   25031ms] [LOG] [Fast Refresh] done in 47ms @ http://localhost:3000/_next/static/chunks/node_modules_next_dist_1e8vcs8._.js:776
[   25077ms] [LOG] [Fast Refresh] done in 47ms @ http://localhost:3000/_next/static/chunks/node_modules_next_dist_1e8vcs8._.js:776
[   25166ms] [LOG] [Fast Refresh] done in 47ms @ http://localhost:3000/_next/static/chunks/node_modules_next_dist_1e8vcs8._.js:776
[   25224ms] [LOG] [Fast Refresh] done in 47ms @ http://localhost:3000/_next/static/chunks/node_modules_next_dist_1e8vcs8._.js:776
[   25294ms] [LOG] [Fast Refresh] done in 47ms @ http://localhost:3000/_next/static/chunks/node_modules_next_dist_1e8vcs8._.js:776
[   25350ms] [LOG] [Fast Refresh] done in 47ms @ http://localhost:3000/_next/static/chunks/node_modules_next_dist_1e8vcs8._.js:776
[   25426ms] [LOG] [Fast Refresh] done in 47ms @ http://localhost:3000/_next/static/chunks/node_modules_next_dist_1e8vcs8._.js:776
[   25512ms] [LOG] [Fast Refresh] done in 47ms @ http://localhost:3000/_next/static/chunks/node_modules_next_dist_1e8vcs8._.js:776
[   25576ms] [LOG] [Fast Refresh] done in 47ms @ http://localhost:3000/_next/static/chunks/node_modules_next_dist_1e8vcs8._.js:776
[   25636ms] [LOG] [Fast Refresh] done in 47ms @ http://localhost:3000/_next/static/chunks/node_modules_next_dist_1e8vcs8._.js:776
[   25747ms] [LOG] [Fast Refresh] done in 47ms @ http://localhost:3000/_next/static/chunks/node_modules_next_dist_1e8vcs8._.js:776
[   25943ms] [LOG] [Fast Refresh] done in 47ms @ http://localhost:3000/_next/static/chunks/node_modules_next_dist_1e8vcs8._.js:776
[   26007ms] [LOG] [Fast Refresh] done in 47ms @ http://localhost:3000/_next/static/chunks/node_modules_next_dist_1e8vcs8._.js:776
[   26073ms] [LOG] [Fast Refresh] done in 47ms @ http://localhost:3000/_next/static/chunks/node_modules_next_dist_1e8vcs8._.js:776
[   26141ms] [LOG] [Fast Refresh] done in 47ms @ http://localhost:3000/_next/static/chunks/node_modules_next_dist_1e8vcs8._.js:776
[   26194ms] [LOG] [Fast Refresh] done in 47ms @ http://localhost:3000/_next/static/chunks/node_modules_next_dist_1e8vcs8._.js:776
[   26246ms] [LOG] [Fast Refresh] done in 47ms @ http://localhost:3000/_next/static/chunks/node_modules_next_dist_1e8vcs8._.js:776
[   26296ms] [LOG] [Fast Refresh] done in 47ms @ http://localhost:3000/_next/static/chunks/node_modules_next_dist_1e8vcs8._.js:776
[   26334ms] [LOG] [Fast Refresh] done in 47ms @ http://localhost:3000/_next/static/chunks/node_modules_next_dist_1e8vcs8._.js:776
[   26376ms] [LOG] [Fast Refresh] done in 47ms @ http://localhost:3000/_next/static/chunks/node_modules_next_dist_1e8vcs8._.js:776
[   26417ms] [LOG] [Fast Refresh] done in 47ms @ http://localhost:3000/_next/static/chunks/node_modules_next_dist_1e8vcs8._.js:776
[   26467ms] [LOG] [Fast Refresh] done in 47ms @ http://localhost:3000/_next/static/chunks/node_modules_next_dist_1e8vcs8._.js:776
[   26508ms] [LOG] [Fast Refresh] done in 47ms @ http://localhost:3000/_next/static/chunks/node_modules_next_dist_1e8vcs8._.js:776
[   26553ms] [LOG] [Fast Refresh] done in 47ms @ http://localhost:3000/_next/static/chunks/node_modules_next_dist_1e8vcs8._.js:776
[   26606ms] [LOG] [Fast Refresh] done in 47ms @ http://localhost:3000/_next/static/chunks/node_modules_next_dist_1e8vcs8._.js:776
[   26649ms] [LOG] [Fast Refresh] done in 47ms @ http://localhost:3000/_next/static/chunks/node_modules_next_dist_1e8vcs8._.js:776
[   26696ms] [LOG] [Fast Refresh] done in 47ms @ http://localhost:3000/_next/static/chunks/node_modules_next_dist_1e8vcs8._.js:776
[   26745ms] [LOG] [Fast Refresh] done in 47ms @ http://localhost:3000/_next/static/chunks/node_modules_next_dist_1e8vcs8._.js:776
[   26792ms] [LOG] [Fast Refresh] done in 47ms @ http://localhost:3000/_next/static/chunks/node_modules_next_dist_1e8vcs8._.js:776
[   26842ms] [LOG] [Fast Refresh] done in 47ms @ http://localhost:3000/_next/static/chunks/node_modules_next_dist_1e8vcs8._.js:776
[   26891ms] [LOG] [Fast Refresh] done in 47ms @ http://localhost:3000/_next/static/chunks/node_modules_next_dist_1e8vcs8._.js:776
[   26940ms] [LOG] [Fast Refresh] done in 47ms @ http://localhost:3000/_next/static/chunks/node_modules_next_dist_1e8vcs8._.js:776
[   26989ms] [LOG] [Fast Refresh] done in 47ms @ http://localhost:3000/_next/static/chunks/node_modules_next_dist_1e8vcs8._.js:776
[   27040ms] [LOG] [Fast Refresh] done in 47ms @ http://localhost:3000/_next/static/chunks/node_modules_next_dist_1e8vcs8._.js:776
[   27090ms] [LOG] [Fast Refresh] done in 47ms @ http://localhost:3000/_next/static/chunks/node_modules_next_dist_1e8vcs8._.js:776
[   27136ms] [LOG] [Fast Refresh] done in 47ms @ http://localhost:3000/_next/static/chunks/node_modules_next_dist_1e8vcs8._.js:776
[   27183ms] [LOG] [Fast Refresh] done in 47ms @ http://localhost:3000/_next/static/chunks/node_modules_next_dist_1e8vcs8._.js:776
[   27230ms] [LOG] [Fast Refresh] done in 47ms @ http://localhost:3000/_next/static/chunks/node_modules_next_dist_1e8vcs8._.js:776
[   27272ms] [LOG] [Fast Refresh] done in 47ms @ http://localhost:3000/_next/static/chunks/node_modules_next_dist_1e8vcs8._.js:776
[   27319ms] [LOG] [Fast Refresh] done in 47ms @ http://localhost:3000/_next/static/chunks/node_modules_next_dist_1e8vcs8._.js:776
[   27367ms] [LOG] [Fast Refresh] done in 47ms @ http://localhost:3000/_next/static/chunks/node_modules_next_dist_1e8vcs8._.js:776
[   27415ms] [LOG] [Fast Refresh] done in 47ms @ http://localhost:3000/_next/static/chunks/node_modules_next_dist_1e8vcs8._.js:776
[   27464ms] [LOG] [Fast Refresh] done in 47ms @ http://localhost:3000/_next/static/chunks/node_modules_next_dist_1e8vcs8._.js:776
[   27512ms] [LOG] [Fast Refresh] done in 47ms @ http://localhost:3000/_next/static/chunks/node_modules_next_dist_1e8vcs8._.js:776
[   27559ms] [LOG] [Fast Refresh] done in 47ms @ http://localhost:3000/_next/static/chunks/node_modules_next_dist_1e8vcs8._.js:776
[   27607ms] [LOG] [Fast Refresh] done in 47ms @ http://localhost:3000/_next/static/chunks/node_modules_next_dist_1e8vcs8._.js:776
[   27653ms] [LOG] [Fast Refresh] done in 47ms @ http://localhost:3000/_next/static/chunks/node_modules_next_dist_1e8vcs8._.js:776
[   27700ms] [LOG] [Fast Refresh] done in 47ms @ http://localhost:3000/_next/static/chunks/node_modules_next_dist_1e8vcs8._.js:776
[   27746ms] [LOG] [Fast Refresh] done in 47ms @ http://localhost:3000/_next/static/chunks/node_modules_next_dist_1e8vcs8._.js:776
[   27790ms] [LOG] [Fast Refresh] done in 47ms @ http://localhost:3000/_next/static/chunks/node_modules_next_dist_1e8vcs8._.js:776
[   27839ms] [LOG] [Fast Refresh] done in 47ms @ http://localhost:3000/_next/static/chunks/node_modules_next_dist_1e8vcs8._.js:776
[   27886ms] [LOG] [Fast Refresh] done in 47ms @ http://localhost:3000/_next/static/chunks/node_modules_next_dist_1e8vcs8._.js:776
[   27934ms] [LOG] [Fast Refresh] done in 47ms @ http://localhost:3000/_next/static/chunks/node_modules_next_dist_1e8vcs8._.js:776
[   27980ms] [LOG] [Fast Refresh] done in 47ms @ http://localhost:3000/_next/static/chunks/node_modules_next_dist_1e8vcs8._.js:776
[   28027ms] [LOG] [Fast Refresh] done in 47ms @ http://localhost:3000/_next/static/chunks/node_modules_next_dist_1e8vcs8._.js:776
[   28072ms] [LOG] [Fast Refresh] done in 47ms @ http://localhost:3000/_next/static/chunks/node_modules_next_dist_1e8vcs8._.js:776
[   28120ms] [LOG] [Fast Refresh] done in 47ms @ http://localhost:3000/_next/static/chunks/node_modules_next_dist_1e8vcs8._.js:776
[   28173ms] [LOG] [Fast Refresh] done in 47ms @ http://localhost:3000/_next/static/chunks/node_modules_next_dist_1e8vcs8._.js:776
[   28237ms] [LOG] [Fast Refresh] done in 47ms @ http://localhost:3000/_next/static/chunks/node_modules_next_dist_1e8vcs8._.js:776
[   28288ms] [LOG] [Fast Refresh] done in 47ms @ http://localhost:3000/_next/static/chunks/node_modules_next_dist_1e8vcs8._.js:776
[   28337ms] [LOG] [Fast Refresh] done in 47ms @ http://localhost:3000/_next/static/chunks/node_modules_next_dist_1e8vcs8._.js:776
[   28385ms] [LOG] [Fast Refresh] done in 47ms @ http://localhost:3000/_next/static/chunks/node_modules_next_dist_1e8vcs8._.js:776
[   28435ms] [LOG] [Fast Refresh] done in 47ms @ http://localhost:3000/_next/static/chunks/node_modules_next_dist_1e8vcs8._.js:776
[   28482ms] [LOG] [Fast Refresh] done in 47ms @ http://localhost:3000/_next/static/chunks/node_modules_next_dist_1e8vcs8._.js:776
[   28527ms] [LOG] [Fast Refresh] done in 47ms @ http://localhost:3000/_next/static/chunks/node_modules_next_dist_1e8vcs8._.js:776
[   28574ms] [LOG] [Fast Refresh] done in 47ms @ http://localhost:3000/_next/static/chunks/node_modules_next_dist_1e8vcs8._.js:776
[   28612ms] [LOG] [Fast Refresh] done in 47ms @ http://localhost:3000/_next/static/chunks/node_modules_next_dist_1e8vcs8._.js:776
[   28655ms] [LOG] [Fast Refresh] done in 47ms @ http://localhost:3000/_next/static/chunks/node_modules_next_dist_1e8vcs8._.js:776
[   28702ms] [LOG] [Fast Refresh] done in 47ms @ http://localhost:3000/_next/static/chunks/node_modules_next_dist_1e8vcs8._.js:776
[   28746ms] [LOG] [Fast Refresh] done in 47ms @ http://localhost:3000/_next/static/chunks/node_modules_next_dist_1e8vcs8._.js:776
[   28791ms] [LOG] [Fast Refresh] done in 47ms @ http://localhost:3000/_next/static/chunks/node_modules_next_dist_1e8vcs8._.js:776
[   28836ms] [LOG] [Fast Refresh] done in 47ms @ http://localhost:3000/_next/static/chunks/node_modules_next_dist_1e8vcs8._.js:776
[   28881ms] [LOG] [Fast Refresh] done in 47ms @ http://localhost:3000/_next/static/chunks/node_modules_next_dist_1e8vcs8._.js:776
[   28924ms] [LOG] [Fast Refresh] done in 47ms @ http://localhost:3000/_next/static/chunks/node_modules_next_dist_1e8vcs8._.js:776
[   28969ms] [LOG] [Fast Refresh] done in 47ms @ http://localhost:3000/_next/static/chunks/node_modules_next_dist_1e8vcs8._.js:776
[   29013ms] [LOG] [Fast Refresh] done in 47ms @ http://localhost:3000/_next/static/chunks/node_modules_next_dist_1e8vcs8._.js:776
[   29051ms] [LOG] [Fast Refresh] done in 47ms @ http://localhost:3000/_next/static/chunks/node_modules_next_dist_1e8vcs8._.js:776
[   29093ms] [LOG] [Fast Refresh] done in 47ms @ http://localhost:3000/_next/static/chunks/node_modules_next_dist_1e8vcs8._.js:776
[   29133ms] [LOG] [Fast Refresh] done in 47ms @ http://localhost:3000/_next/static/chunks/node_modules_next_dist_1e8vcs8._.js:776
[   29177ms] [LOG] [Fast Refresh] done in 47ms @ http://localhost:3000/_next/static/chunks/node_modules_next_dist_1e8vcs8._.js:776
[   29217ms] [LOG] [Fast Refresh] done in 47ms @ http://localhost:3000/_next/static/chunks/node_modules_next_dist_1e8vcs8._.js:776
[   29265ms] [LOG] [Fast Refresh] done in 47ms @ http://localhost:3000/_next/static/chunks/node_modules_next_dist_1e8vcs8._.js:776
[   29303ms] [LOG] [Fast Refresh] done in 47ms @ http://localhost:3000/_next/static/chunks/node_modules_next_dist_1e8vcs8._.js:776
[   29349ms] [LOG] [Fast Refresh] done in 47ms @ http://localhost:3000/_next/static/chunks/node_modules_next_dist_1e8vcs8._.js:776
[   29397ms] [LOG] [Fast Refresh] done in 47ms @ http://localhost:3000/_next/static/chunks/node_modules_next_dist_1e8vcs8._.js:776
[   29444ms] [LOG] [Fast Refresh] done in 47ms @ http://localhost:3000/_next/static/chunks/node_modules_next_dist_1e8vcs8._.js:776
[   29491ms] [LOG] [Fast Refresh] done in 47ms @ http://localhost:3000/_next/static/chunks/node_modules_next_dist_1e8vcs8._.js:776
[   29534ms] [LOG] [Fast Refresh] done in 47ms @ http://localhost:3000/_next/static/chunks/node_modules_next_dist_1e8vcs8._.js:776
[   29579ms] [LOG] [Fast Refresh] done in 47ms @ http://localhost:3000/_next/static/chunks/node_modules_next_dist_1e8vcs8._.js:776
[   29626ms] [LOG] [Fast Refresh] done in 47ms @ http://localhost:3000/_next/static/chunks/node_modules_next_dist_1e8vcs8._.js:776
[   29672ms] [LOG] [Fast Refresh] done in 47ms @ http://localhost:3000/_next/static/chunks/node_modules_next_dist_1e8vcs8._.js:776
[   29720ms] [LOG] [Fast Refresh] done in 47ms @ http://localhost:3000/_next/static/chunks/node_modules_next_dist_1e8vcs8._.js:776
[   29769ms] [LOG] [Fast Refresh] done in 47ms @ http://localhost:3000/_next/static/chunks/node_modules_next_dist_1e8vcs8._.js:776
[   29818ms] [LOG] [Fast Refresh] done in 47ms @ http://localhost:3000/_next/static/chunks/node_modules_next_dist_1e8vcs8._.js:776
[   29867ms] [LOG] [Fast Refresh] done in 47ms @ http://localhost:3000/_next/static/chunks/node_modules_next_dist_1e8vcs8._.js:776
[   29915ms] [LOG] [Fast Refresh] done in 47ms @ http://localhost:3000/_next/static/chunks/node_modules_next_dist_1e8vcs8._.js:776
[   29963ms] [LOG] [Fast Refresh] done in 47ms @ http://localhost:3000/_next/static/chunks/node_modules_next_dist_1e8vcs8._.js:776
[   30011ms] [LOG] [Fast Refresh] done in 47ms @ http://localhost:3000/_next/static/chunks/node_modules_next_dist_1e8vcs8._.js:776
[   30057ms] [LOG] [Fast Refresh] done in 47ms @ http://localhost:3000/_next/static/chunks/node_modules_next_dist_1e8vcs8._.js:776
[   30105ms] [LOG] [Fast Refresh] done in 47ms @ http://localhost:3000/_next/static/chunks/node_modules_next_dist_1e8vcs8._.js:776
[   30153ms] [LOG] [Fast Refresh] done in 47ms @ http://localhost:3000/_next/static/chunks/node_modules_next_dist_1e8vcs8._.js:776
[   30201ms] [LOG] [Fast Refresh] done in 47ms @ http://localhost:3000/_next/static/chunks/node_modules_next_dist_1e8vcs8._.js:776
[   30247ms] [LOG] [Fast Refresh] done in 47ms @ http://localhost:3000/_next/static/chunks/node_modules_next_dist_1e8vcs8._.js:776
[   30286ms] [LOG] [Fast Refresh] done in 47ms @ http://localhost:3000/_next/static/chunks/node_modules_next_dist_1e8vcs8._.js:776
[   30334ms] [LOG] [Fast Refresh] done in 47ms @ http://localhost:3000/_next/static/chunks/node_modules_next_dist_1e8vcs8._.js:776
[   30381ms] [LOG] [Fast Refresh] done in 47ms @ http://localhost:3000/_next/static/chunks/node_modules_next_dist_1e8vcs8._.js:776
[   30428ms] [LOG] [Fast Refresh] done in 47ms @ http://localhost:3000/_next/static/chunks/node_modules_next_dist_1e8vcs8._.js:776
[   30470ms] [LOG] [Fast Refresh] done in 47ms @ http://localhost:3000/_next/static/chunks/node_modules_next_dist_1e8vcs8._.js:776
[   30520ms] [LOG] [Fast Refresh] done in 47ms @ http://localhost:3000/_next/static/chunks/node_modules_next_dist_1e8vcs8._.js:776
[   30566ms] [LOG] [Fast Refresh] done in 47ms @ http://localhost:3000/_next/static/chunks/node_modules_next_dist_1e8vcs8._.js:776
[   30614ms] [LOG] [Fast Refresh] done in 47ms @ http://localhost:3000/_next/static/chunks/node_modules_next_dist_1e8vcs8._.js:776
[   30662ms] [LOG] [Fast Refresh] done in 47ms @ http://localhost:3000/_next/static/chunks/node_modules_next_dist_1e8vcs8._.js:776
[   30709ms] [LOG] [Fast Refresh] done in 47ms @ http://localhost:3000/_next/static/chunks/node_modules_next_dist_1e8vcs8._.js:776
[   30759ms] [LOG] [Fast Refresh] done in 47ms @ http://localhost:3000/_next/static/chunks/node_modules_next_dist_1e8vcs8._.js:776
[   30807ms] [LOG] [Fast Refresh] done in 47ms @ http://localhost:3000/_next/static/chunks/node_modules_next_dist_1e8vcs8._.js:776
[   30852ms] [LOG] [Fast Refresh] done in 47ms @ http://localhost:3000/_next/static/chunks/node_modules_next_dist_1e8vcs8._.js:776
[   30899ms] [LOG] [Fast Refresh] done in 47ms @ http://localhost:3000/_next/static/chunks/node_modules_next_dist_1e8vcs8._.js:776
[   30946ms] [LOG] [Fast Refresh] done in 47ms @ http://localhost:3000/_next/static/chunks/node_modules_next_dist_1e8vcs8._.js:776
[   30993ms] [LOG] [Fast Refresh] done in 47ms @ http://localhost:3000/_next/static/chunks/node_modules_next_dist_1e8vcs8._.js:776
[   31039ms] [LOG] [Fast Refresh] done in 47ms @ http://localhost:3000/_next/static/chunks/node_modules_next_dist_1e8vcs8._.js:776
[   31088ms] [LOG] [Fast Refresh] done in 47ms @ http://localhost:3000/_next/static/chunks/node_modules_next_dist_1e8vcs8._.js:776
[   31137ms] [LOG] [Fast Refresh] done in 47ms @ http://localhost:3000/_next/static/chunks/node_modules_next_dist_1e8vcs8._.js:776
[   31184ms] [LOG] [Fast Refresh] done in 47ms @ http://localhost:3000/_next/static/chunks/node_modules_next_dist_1e8vcs8._.js:776
[   31230ms] [LOG] [Fast Refresh] done in 47ms @ http://localhost:3000/_next/static/chunks/node_modules_next_dist_1e8vcs8._.js:776
[   31280ms] [LOG] [Fast Refresh] done in 47ms @ http://localhost:3000/_next/static/chunks/node_modules_next_dist_1e8vcs8._.js:776
[   31327ms] [LOG] [Fast Refresh] done in 47ms @ http://localhost:3000/_next/static/chunks/node_modules_next_dist_1e8vcs8._.js:776
[   31374ms] [LOG] [Fast Refresh] done in 47ms @ http://localhost:3000/_next/static/chunks/node_modules_next_dist_1e8vcs8._.js:776
[   31423ms] [LOG] [Fast Refresh] done in 47ms @ http://localhost:3000/_next/static/chunks/node_modules_next_dist_1e8vcs8._.js:776
[   31470ms] [LOG] [Fast Refresh] done in 47ms @ http://localhost:3000/_next/static/chunks/node_modules_next_dist_1e8vcs8._.js:776
[   31518ms] [LOG] [Fast Refresh] done in 47ms @ http://localhost:3000/_next/static/chunks/node_modules_next_dist_1e8vcs8._.js:776
[   31566ms] [LOG] [Fast Refresh] done in 47ms @ http://localhost:3000/_next/static/chunks/node_modules_next_dist_1e8vcs8._.js:776
[   31613ms] [LOG] [Fast Refresh] done in 47ms @ http://localhost:3000/_next/static/chunks/node_modules_next_dist_1e8vcs8._.js:776
[   31663ms] [LOG] [Fast Refresh] done in 47ms @ http://localhost:3000/_next/static/chunks/node_modules_next_dist_1e8vcs8._.js:776
[   31710ms] [LOG] [Fast Refresh] done in 47ms @ http://localhost:3000/_next/static/chunks/node_modules_next_dist_1e8vcs8._.js:776
[   31746ms] [LOG] [Fast Refresh] done in 47ms @ http://localhost:3000/_next/static/chunks/node_modules_next_dist_1e8vcs8._.js:776
[   31793ms] [LOG] [Fast Refresh] done in 47ms @ http://localhost:3000/_next/static/chunks/node_modules_next_dist_1e8vcs8._.js:776
[   31831ms] [LOG] [Fast Refresh] done in 47ms @ http://localhost:3000/_next/static/chunks/node_modules_next_dist_1e8vcs8._.js:776
[   31869ms] [LOG] [Fast Refresh] done in 47ms @ http://localhost:3000/_next/static/chunks/node_modules_next_dist_1e8vcs8._.js:776
[   31909ms] [LOG] [Fast Refresh] done in 47ms @ http://localhost:3000/_next/static/chunks/node_modules_next_dist_1e8vcs8._.js:776
[   31956ms] [LOG] [Fast Refresh] done in 47ms @ http://localhost:3000/_next/static/chunks/node_modules_next_dist_1e8vcs8._.js:776
[   31999ms] [LOG] [Fast Refresh] done in 47ms @ http://localhost:3000/_next/static/chunks/node_modules_next_dist_1e8vcs8._.js:776
[   32038ms] [LOG] [Fast Refresh] done in 47ms @ http://localhost:3000/_next/static/chunks/node_modules_next_dist_1e8vcs8._.js:776
[   32084ms] [LOG] [Fast Refresh] done in 47ms @ http://localhost:3000/_next/static/chunks/node_modules_next_dist_1e8vcs8._.js:776
[   32122ms] [LOG] [Fast Refresh] done in 47ms @ http://localhost:3000/_next/static/chunks/node_modules_next_dist_1e8vcs8._.js:776
[   32169ms] [LOG] [Fast Refresh] done in 47ms @ http://localhost:3000/_next/static/chunks/node_modules_next_dist_1e8vcs8._.js:776
[   32218ms] [LOG] [Fast Refresh] done in 47ms @ http://localhost:3000/_next/static/chunks/node_modules_next_dist_1e8vcs8._.js:776
[   32261ms] [LOG] [Fast Refresh] done in 47ms @ http://localhost:3000/_next/static/chunks/node_modules_next_dist_1e8vcs8._.js:776
[   32300ms] [LOG] [Fast Refresh] done in 47ms @ http://localhost:3000/_next/static/chunks/node_modules_next_dist_1e8vcs8._.js:776
[   32347ms] [LOG] [Fast Refresh] done in 47ms @ http://localhost:3000/_next/static/chunks/node_modules_next_dist_1e8vcs8._.js:776
[   32384ms] [LOG] [Fast Refresh] done in 47ms @ http://localhost:3000/_next/static/chunks/node_modules_next_dist_1e8vcs8._.js:776
[   32431ms] [LOG] [Fast Refresh] done in 47ms @ http://localhost:3000/_next/static/chunks/node_modules_next_dist_1e8vcs8._.js:776
[   32474ms] [LOG] [Fast Refresh] done in 47ms @ http://localhost:3000/_next/static/chunks/node_modules_next_dist_1e8vcs8._.js:776
[   32514ms] [LOG] [Fast Refresh] done in 47ms @ http://localhost:3000/_next/static/chunks/node_modules_next_dist_1e8vcs8._.js:776
[   32553ms] [LOG] [Fast Refresh] done in 47ms @ http://localhost:3000/_next/static/chunks/node_modules_next_dist_1e8vcs8._.js:776
[   32592ms] [LOG] [Fast Refresh] done in 47ms @ http://localhost:3000/_next/static/chunks/node_modules_next_dist_1e8vcs8._.js:776
[   32635ms] [LOG] [Fast Refresh] done in 47ms @ http://localhost:3000/_next/static/chunks/node_modules_next_dist_1e8vcs8._.js:776
[   32674ms] [LOG] [Fast Refresh] done in 47ms @ http://localhost:3000/_next/static/chunks/node_modules_next_dist_1e8vcs8._.js:776
[   32711ms] [LOG] [Fast Refresh] done in 47ms @ http://localhost:3000/_next/static/chunks/node_modules_next_dist_1e8vcs8._.js:776
[   32759ms] [LOG] [Fast Refresh] done in 47ms @ http://localhost:3000/_next/static/chunks/node_modules_next_dist_1e8vcs8._.js:776
[   32799ms] [LOG] [Fast Refresh] done in 47ms @ http://localhost:3000/_next/static/chunks/node_modules_next_dist_1e8vcs8._.js:776
[   32852ms] [LOG] [Fast Refresh] done in 47ms @ http://localhost:3000/_next/static/chunks/node_modules_next_dist_1e8vcs8._.js:776
[   32899ms] [LOG] [Fast Refresh] done in 47ms @ http://localhost:3000/_next/static/chunks/node_modules_next_dist_1e8vcs8._.js:776
[   32959ms] [LOG] [Fast Refresh] done in 47ms @ http://localhost:3000/_next/static/chunks/node_modules_next_dist_1e8vcs8._.js:776
[   33010ms] [LOG] [Fast Refresh] done in 47ms @ http://localhost:3000/_next/static/chunks/node_modules_next_dist_1e8vcs8._.js:776
[   33058ms] [LOG] [Fast Refresh] done in 47ms @ http://localhost:3000/_next/static/chunks/node_modules_next_dist_1e8vcs8._.js:776
[   33114ms] [LOG] [Fast Refresh] done in 47ms @ http://localhost:3000/_next/static/chunks/node_modules_next_dist_1e8vcs8._.js:776
[   33162ms] [LOG] [Fast Refresh] done in 47ms @ http://localhost:3000/_next/static/chunks/node_modules_next_dist_1e8vcs8._.js:776
[   33210ms] [LOG] [Fast Refresh] done in 47ms @ http://localhost:3000/_next/static/chunks/node_modules_next_dist_1e8vcs8._.js:776
[   33257ms] [LOG] [Fast Refresh] done in 47ms @ http://localhost:3000/_next/static/chunks/node_modules_next_dist_1e8vcs8._.js:776
[   33305ms] [LOG] [Fast Refresh] done in 47ms @ http://localhost:3000/_next/static/chunks/node_modules_next_dist_1e8vcs8._.js:776
[   33352ms] [LOG] [Fast Refresh] done in 47ms @ http://localhost:3000/_next/static/chunks/node_modules_next_dist_1e8vcs8._.js:776
[   33408ms] [LOG] [Fast Refresh] done in 47ms @ http://localhost:3000/_next/static/chunks/node_modules_next_dist_1e8vcs8._.js:776
[   33529ms] [LOG] [Fast Refresh] done in 47ms @ http://localhost:3000/_next/static/chunks/node_modules_next_dist_1e8vcs8._.js:776
[   33969ms] [LOG] [Fast Refresh] done in 47ms @ http://localhost:3000/_next/static/chunks/node_modules_next_dist_1e8vcs8._.js:776
[   34096ms] [LOG] [Fast Refresh] done in 47ms @ http://localhost:3000/_next/static/chunks/node_modules_next_dist_1e8vcs8._.js:776
[   34148ms] [LOG] [Fast Refresh] done in 47ms @ http://localhost:3000/_next/static/chunks/node_modules_next_dist_1e8vcs8._.js:776
[   34234ms] [LOG] [Fast Refresh] done in 47ms @ http://localhost:3000/_next/static/chunks/node_modules_next_dist_1e8vcs8._.js:776
[   34289ms] [LOG] [Fast Refresh] done in 47ms @ http://localhost:3000/_next/static/chunks/node_modules_next_dist_1e8vcs8._.js:776
[   34339ms] [LOG] [Fast Refresh] done in 47ms @ http://localhost:3000/_next/static/chunks/node_modules_next_dist_1e8vcs8._.js:776
[   34393ms] [LOG] [Fast Refresh] done in 47ms @ http://localhost:3000/_next/static/chunks/node_modules_next_dist_1e8vcs8._.js:776
[   34441ms] [LOG] [Fast Refresh] done in 47ms @ http://localhost:3000/_next/static/chunks/node_modules_next_dist_1e8vcs8._.js:776
[   34490ms] [LOG] [Fast Refresh] done in 47ms @ http://localhost:3000/_next/static/chunks/node_modules_next_dist_1e8vcs8._.js:776
[   34539ms] [LOG] [Fast Refresh] done in 47ms @ http://localhost:3000/_next/static/chunks/node_modules_next_dist_1e8vcs8._.js:776
[   34592ms] [LOG] [Fast Refresh] done in 47ms @ http://localhost:3000/_next/static/chunks/node_modules_next_dist_1e8vcs8._.js:776
[   34640ms] [LOG] [Fast Refresh] done in 47ms @ http://localhost:3000/_next/static/chunks/node_modules_next_dist_1e8vcs8._.js:776
[   34688ms] [LOG] [Fast Refresh] done in 47ms @ http://localhost:3000/_next/static/chunks/node_modules_next_dist_1e8vcs8._.js:776
[   34738ms] [LOG] [Fast Refresh] done in 47ms @ http://localhost:3000/_next/static/chunks/node_modules_next_dist_1e8vcs8._.js:776
[   34787ms] [LOG] [Fast Refresh] done in 47ms @ http://localhost:3000/_next/static/chunks/node_modules_next_dist_1e8vcs8._.js:776
[   34834ms] [LOG] [Fast Refresh] done in 47ms @ http://localhost:3000/_next/static/chunks/node_modules_next_dist_1e8vcs8._.js:776
[   34883ms] [LOG] [Fast Refresh] done in 47ms @ http://localhost:3000/_next/static/chunks/node_modules_next_dist_1e8vcs8._.js:776
[   34932ms] [LOG] [Fast Refresh] done in 47ms @ http://localhost:3000/_next/static/chunks/node_modules_next_dist_1e8vcs8._.js:776
[   34978ms] [LOG] [Fast Refresh] done in 47ms @ http://localhost:3000/_next/static/chunks/node_modules_next_dist_1e8vcs8._.js:776
[   35030ms] [LOG] [Fast Refresh] done in 47ms @ http://localhost:3000/_next/static/chunks/node_modules_next_dist_1e8vcs8._.js:776
[   35083ms] [LOG] [Fast Refresh] done in 47ms @ http://localhost:3000/_next/static/chunks/node_modules_next_dist_1e8vcs8._.js:776
[   35131ms] [LOG] [Fast Refresh] done in 47ms @ http://localhost:3000/_next/static/chunks/node_modules_next_dist_1e8vcs8._.js:776
[   35173ms] [LOG] [Fast Refresh] done in 47ms @ http://localhost:3000/_next/static/chunks/node_modules_next_dist_1e8vcs8._.js:776
[   35221ms] [LOG] [Fast Refresh] done in 47ms @ http://localhost:3000/_next/static/chunks/node_modules_next_dist_1e8vcs8._.js:776
[   35272ms] [LOG] [Fast Refresh] done in 47ms @ http://localhost:3000/_next/static/chunks/node_modules_next_dist_1e8vcs8._.js:776
[   35320ms] [LOG] [Fast Refresh] done in 47ms @ http://localhost:3000/_next/static/chunks/node_modules_next_dist_1e8vcs8._.js:776
[   35371ms] [LOG] [Fast Refresh] done in 47ms @ http://localhost:3000/_next/static/chunks/node_modules_next_dist_1e8vcs8._.js:776
[   35423ms] [LOG] [Fast Refresh] done in 47ms @ http://localhost:3000/_next/static/chunks/node_modules_next_dist_1e8vcs8._.js:776
[   35604ms] [LOG] [Fast Refresh] done in 47ms @ http://localhost:3000/_next/static/chunks/node_modules_next_dist_1e8vcs8._.js:776
[   35660ms] [LOG] [Fast Refresh] done in 47ms @ http://localhost:3000/_next/static/chunks/node_modules_next_dist_1e8vcs8._.js:776
[   35711ms] [LOG] [Fast Refresh] done in 47ms @ http://localhost:3000/_next/static/chunks/node_modules_next_dist_1e8vcs8._.js:776
[   35760ms] [LOG] [Fast Refresh] done in 47ms @ http://localhost:3000/_next/static/chunks/node_modules_next_dist_1e8vcs8._.js:776
[   35810ms] [LOG] [Fast Refresh] done in 47ms @ http://localhost:3000/_next/static/chunks/node_modules_next_dist_1e8vcs8._.js:776
[   35857ms] [LOG] [Fast Refresh] done in 47ms @ http://localhost:3000/_next/static/chunks/node_modules_next_dist_1e8vcs8._.js:776
[   35905ms] [LOG] [Fast Refresh] done in 47ms @ http://localhost:3000/_next/static/chunks/node_modules_next_dist_1e8vcs8._.js:776
[   35955ms] [LOG] [Fast Refresh] done in 47ms @ http://localhost:3000/_next/static/chunks/node_modules_next_dist_1e8vcs8._.js:776
[   36003ms] [LOG] [Fast Refresh] done in 47ms @ http://localhost:3000/_next/static/chunks/node_modules_next_dist_1e8vcs8._.js:776
[   36053ms] [LOG] [Fast Refresh] done in 47ms @ http://localhost:3000/_next/static/chunks/node_modules_next_dist_1e8vcs8._.js:776
[   36103ms] [LOG] [Fast Refresh] done in 47ms @ http://localhost:3000/_next/static/chunks/node_modules_next_dist_1e8vcs8._.js:776
[   36152ms] [LOG] [Fast Refresh] done in 47ms @ http://localhost:3000/_next/static/chunks/node_modules_next_dist_1e8vcs8._.js:776
[   36200ms] [LOG] [Fast Refresh] done in 47ms @ http://localhost:3000/_next/static/chunks/node_modules_next_dist_1e8vcs8._.js:776
[   36248ms] [LOG] [Fast Refresh] done in 47ms @ http://localhost:3000/_next/static/chunks/node_modules_next_dist_1e8vcs8._.js:776
[   36295ms] [LOG] [Fast Refresh] done in 47ms @ http://localhost:3000/_next/static/chunks/node_modules_next_dist_1e8vcs8._.js:776
[   36342ms] [LOG] [Fast Refresh] done in 47ms @ http://localhost:3000/_next/static/chunks/node_modules_next_dist_1e8vcs8._.js:776
[   36390ms] [LOG] [Fast Refresh] done in 47ms @ http://localhost:3000/_next/static/chunks/node_modules_next_dist_1e8vcs8._.js:776
[   36438ms] [LOG] [Fast Refresh] done in 47ms @ http://localhost:3000/_next/static/chunks/node_modules_next_dist_1e8vcs8._.js:776
[   36481ms] [LOG] [Fast Refresh] done in 47ms @ http://localhost:3000/_next/static/chunks/node_modules_next_dist_1e8vcs8._.js:776
[   36529ms] [LOG] [Fast Refresh] done in 47ms @ http://localhost:3000/_next/static/chunks/node_modules_next_dist_1e8vcs8._.js:776
[   36577ms] [LOG] [Fast Refresh] done in 47ms @ http://localhost:3000/_next/static/chunks/node_modules_next_dist_1e8vcs8._.js:776
[   36624ms] [LOG] [Fast Refresh] done in 47ms @ http://localhost:3000/_next/static/chunks/node_modules_next_dist_1e8vcs8._.js:776
[   36670ms] [LOG] [Fast Refresh] done in 47ms @ http://localhost:3000/_next/static/chunks/node_modules_next_dist_1e8vcs8._.js:776
[   36718ms] [LOG] [Fast Refresh] done in 47ms @ http://localhost:3000/_next/static/chunks/node_modules_next_dist_1e8vcs8._.js:776
[   36766ms] [LOG] [Fast Refresh] done in 47ms @ http://localhost:3000/_next/static/chunks/node_modules_next_dist_1e8vcs8._.js:776
[   36813ms] [LOG] [Fast Refresh] done in 47ms @ http://localhost:3000/_next/static/chunks/node_modules_next_dist_1e8vcs8._.js:776
[   36860ms] [LOG] [Fast Refresh] done in 47ms @ http://localhost:3000/_next/static/chunks/node_modules_next_dist_1e8vcs8._.js:776
[   36908ms] [LOG] [Fast Refresh] done in 47ms @ http://localhost:3000/_next/static/chunks/node_modules_next_dist_1e8vcs8._.js:776
[   36955ms] [LOG] [Fast Refresh] done in 47ms @ http://localhost:3000/_next/static/chunks/node_modules_next_dist_1e8vcs8._.js:776
[   37002ms] [LOG] [Fast Refresh] done in 47ms @ http://localhost:3000/_next/static/chunks/node_modules_next_dist_1e8vcs8._.js:776
[   37051ms] [LOG] [Fast Refresh] done in 47ms @ http://localhost:3000/_next/static/chunks/node_modules_next_dist_1e8vcs8._.js:776
[   37098ms] [LOG] [Fast Refresh] done in 47ms @ http://localhost:3000/_next/static/chunks/node_modules_next_dist_1e8vcs8._.js:776
[   37144ms] [LOG] [Fast Refresh] done in 47ms @ http://localhost:3000/_next/static/chunks/node_modules_next_dist_1e8vcs8._.js:776
[   37191ms] [LOG] [Fast Refresh] done in 47ms @ http://localhost:3000/_next/static/chunks/node_modules_next_dist_1e8vcs8._.js:776
[   37238ms] [LOG] [Fast Refresh] done in 47ms @ http://localhost:3000/_next/static/chunks/node_modules_next_dist_1e8vcs8._.js:776
[   37287ms] [LOG] [Fast Refresh] done in 47ms @ http://localhost:3000/_next/static/chunks/node_modules_next_dist_1e8vcs8._.js:776
[   37334ms] [LOG] [Fast Refresh] done in 47ms @ http://localhost:3000/_next/static/chunks/node_modules_next_dist_1e8vcs8._.js:776
[   37381ms] [LOG] [Fast Refresh] done in 47ms @ http://localhost:3000/_next/static/chunks/node_modules_next_dist_1e8vcs8._.js:776
[   37428ms] [LOG] [Fast Refresh] done in 47ms @ http://localhost:3000/_next/static/chunks/node_modules_next_dist_1e8vcs8._.js:776
[   37474ms] [LOG] [Fast Refresh] done in 47ms @ http://localhost:3000/_next/static/chunks/node_modules_next_dist_1e8vcs8._.js:776
[   37520ms] [LOG] [Fast Refresh] done in 47ms @ http://localhost:3000/_next/static/chunks/node_modules_next_dist_1e8vcs8._.js:776
[   37568ms] [LOG] [Fast Refresh] done in 47ms @ http://localhost:3000/_next/static/chunks/node_modules_next_dist_1e8vcs8._.js:776
[   37614ms] [LOG] [Fast Refresh] done in 47ms @ http://localhost:3000/_next/static/chunks/node_modules_next_dist_1e8vcs8._.js:776
[   37662ms] [LOG] [Fast Refresh] done in 47ms @ http://localhost:3000/_next/static/chunks/node_modules_next_dist_1e8vcs8._.js:776
[   37709ms] [LOG] [Fast Refresh] done in 47ms @ http://localhost:3000/_next/static/chunks/node_modules_next_dist_1e8vcs8._.js:776
[   37756ms] [LOG] [Fast Refresh] done in 47ms @ http://localhost:3000/_next/static/chunks/node_modules_next_dist_1e8vcs8._.js:776
[   37804ms] [LOG] [Fast Refresh] done in 47ms @ http://localhost:3000/_next/static/chunks/node_modules_next_dist_1e8vcs8._.js:776
[   37842ms] [LOG] [Fast Refresh] done in 47ms @ http://localhost:3000/_next/static/chunks/node_modules_next_dist_1e8vcs8._.js:776
[   37889ms] [LOG] [Fast Refresh] done in 47ms @ http://localhost:3000/_next/static/chunks/node_modules_next_dist_1e8vcs8._.js:776
[   37937ms] [LOG] [Fast Refresh] done in 47ms @ http://localhost:3000/_next/static/chunks/node_modules_next_dist_1e8vcs8._.js:776
[   37986ms] [LOG] [Fast Refresh] done in 47ms @ http://localhost:3000/_next/static/chunks/node_modules_next_dist_1e8vcs8._.js:776
[   38033ms] [LOG] [Fast Refresh] done in 47ms @ http://localhost:3000/_next/static/chunks/node_modules_next_dist_1e8vcs8._.js:776
[   38085ms] [LOG] [Fast Refresh] done in 47ms @ http://localhost:3000/_next/static/chunks/node_modules_next_dist_1e8vcs8._.js:776
[   38132ms] [LOG] [Fast Refresh] done in 47ms @ http://localhost:3000/_next/static/chunks/node_modules_next_dist_1e8vcs8._.js:776
[   38179ms] [LOG] [Fast Refresh] done in 47ms @ http://localhost:3000/_next/static/chunks/node_modules_next_dist_1e8vcs8._.js:776
[   38226ms] [LOG] [Fast Refresh] done in 47ms @ http://localhost:3000/_next/static/chunks/node_modules_next_dist_1e8vcs8._.js:776
[   38274ms] [LOG] [Fast Refresh] done in 47ms @ http://localhost:3000/_next/static/chunks/node_modules_next_dist_1e8vcs8._.js:776
[   38321ms] [LOG] [Fast Refresh] done in 47ms @ http://localhost:3000/_next/static/chunks/node_modules_next_dist_1e8vcs8._.js:776
[   38368ms] [LOG] [Fast Refresh] done in 47ms @ http://localhost:3000/_next/static/chunks/node_modules_next_dist_1e8vcs8._.js:776
[   38416ms] [LOG] [Fast Refresh] done in 47ms @ http://localhost:3000/_next/static/chunks/node_modules_next_dist_1e8vcs8._.js:776
[   38463ms] [LOG] [Fast Refresh] done in 47ms @ http://localhost:3000/_next/static/chunks/node_modules_next_dist_1e8vcs8._.js:776
[   38510ms] [LOG] [Fast Refresh] done in 47ms @ http://localhost:3000/_next/static/chunks/node_modules_next_dist_1e8vcs8._.js:776
[   38557ms] [LOG] [Fast Refresh] done in 47ms @ http://localhost:3000/_next/static/chunks/node_modules_next_dist_1e8vcs8._.js:776
[   38603ms] [LOG] [Fast Refresh] done in 47ms @ http://localhost:3000/_next/static/chunks/node_modules_next_dist_1e8vcs8._.js:776
[   38652ms] [LOG] [Fast Refresh] done in 47ms @ http://localhost:3000/_next/static/chunks/node_modules_next_dist_1e8vcs8._.js:776
[   38700ms] [LOG] [Fast Refresh] done in 47ms @ http://localhost:3000/_next/static/chunks/node_modules_next_dist_1e8vcs8._.js:776
[   38747ms] [LOG] [Fast Refresh] done in 47ms @ http://localhost:3000/_next/static/chunks/node_modules_next_dist_1e8vcs8._.js:776
[   38794ms] [LOG] [Fast Refresh] done in 47ms @ http://localhost:3000/_next/static/chunks/node_modules_next_dist_1e8vcs8._.js:776
[   38843ms] [LOG] [Fast Refresh] done in 47ms @ http://localhost:3000/_next/static/chunks/node_modules_next_dist_1e8vcs8._.js:776
[   38890ms] [LOG] [Fast Refresh] done in 47ms @ http://localhost:3000/_next/static/chunks/node_modules_next_dist_1e8vcs8._.js:776
[   38939ms] [LOG] [Fast Refresh] done in 47ms @ http://localhost:3000/_next/static/chunks/node_modules_next_dist_1e8vcs8._.js:776
[   38987ms] [LOG] [Fast Refresh] done in 47ms @ http://localhost:3000/_next/static/chunks/node_modules_next_dist_1e8vcs8._.js:776
[   39034ms] [LOG] [Fast Refresh] done in 47ms @ http://localhost:3000/_next/static/chunks/node_modules_next_dist_1e8vcs8._.js:776
[   39081ms] [LOG] [Fast Refresh] done in 47ms @ http://localhost:3000/_next/static/chunks/node_modules_next_dist_1e8vcs8._.js:776
[   39128ms] [LOG] [Fast Refresh] done in 47ms @ http://localhost:3000/_next/static/chunks/node_modules_next_dist_1e8vcs8._.js:776
[   39175ms] [LOG] [Fast Refresh] done in 47ms @ http://localhost:3000/_next/static/chunks/node_modules_next_dist_1e8vcs8._.js:776
[   39222ms] [LOG] [Fast Refresh] done in 47ms @ http://localhost:3000/_next/static/chunks/node_modules_next_dist_1e8vcs8._.js:776
[   39269ms] [LOG] [Fast Refresh] done in 47ms @ http://localhost:3000/_next/static/chunks/node_modules_next_dist_1e8vcs8._.js:776
[   39317ms] [LOG] [Fast Refresh] done in 47ms @ http://localhost:3000/_next/static/chunks/node_modules_next_dist_1e8vcs8._.js:776
[   39366ms] [LOG] [Fast Refresh] done in 47ms @ http://localhost:3000/_next/static/chunks/node_modules_next_dist_1e8vcs8._.js:776
[   39413ms] [LOG] [Fast Refresh] done in 47ms @ http://localhost:3000/_next/static/chunks/node_modules_next_dist_1e8vcs8._.js:776
[   39459ms] [LOG] [Fast Refresh] done in 47ms @ http://localhost:3000/_next/static/chunks/node_modules_next_dist_1e8vcs8._.js:776
[   39506ms] [LOG] [Fast Refresh] done in 47ms @ http://localhost:3000/_next/static/chunks/node_modules_next_dist_1e8vcs8._.js:776
[   39553ms] [LOG] [Fast Refresh] done in 47ms @ http://localhost:3000/_next/static/chunks/node_modules_next_dist_1e8vcs8._.js:776
[   39600ms] [LOG] [Fast Refresh] done in 47ms @ http://localhost:3000/_next/static/chunks/node_modules_next_dist_1e8vcs8._.js:776
[   39647ms] [LOG] [Fast Refresh] done in 47ms @ http://localhost:3000/_next/static/chunks/node_modules_next_dist_1e8vcs8._.js:776
[   39694ms] [LOG] [Fast Refresh] done in 47ms @ http://localhost:3000/_next/static/chunks/node_modules_next_dist_1e8vcs8._.js:776
[   39742ms] [LOG] [Fast Refresh] done in 47ms @ http://localhost:3000/_next/static/chunks/node_modules_next_dist_1e8vcs8._.js:776
[   39791ms] [LOG] [Fast Refresh] done in 47ms @ http://localhost:3000/_next/static/chunks/node_modules_next_dist_1e8vcs8._.js:776
[   39839ms] [LOG] [Fast Refresh] done in 47ms @ http://localhost:3000/_next/static/chunks/node_modules_next_dist_1e8vcs8._.js:776
[   39886ms] [LOG] [Fast Refresh] done in 47ms @ http://localhost:3000/_next/static/chunks/node_modules_next_dist_1e8vcs8._.js:776
[   39932ms] [LOG] [Fast Refresh] done in 47ms @ http://localhost:3000/_next/static/chunks/node_modules_next_dist_1e8vcs8._.js:776
[   39980ms] [LOG] [Fast Refresh] done in 47ms @ http://localhost:3000/_next/static/chunks/node_modules_next_dist_1e8vcs8._.js:776
[   40027ms] [LOG] [Fast Refresh] done in 47ms @ http://localhost:3000/_next/static/chunks/node_modules_next_dist_1e8vcs8._.js:776
[   40075ms] [LOG] [Fast Refresh] done in 47ms @ http://localhost:3000/_next/static/chunks/node_modules_next_dist_1e8vcs8._.js:776
[   40122ms] [LOG] [Fast Refresh] done in 47ms @ http://localhost:3000/_next/static/chunks/node_modules_next_dist_1e8vcs8._.js:776
[   40169ms] [LOG] [Fast Refresh] done in 47ms @ http://localhost:3000/_next/static/chunks/node_modules_next_dist_1e8vcs8._.js:776
[   40216ms] [LOG] [Fast Refresh] done in 47ms @ http://localhost:3000/_next/static/chunks/node_modules_next_dist_1e8vcs8._.js:776
[   40264ms] [LOG] [Fast Refresh] done in 47ms @ http://localhost:3000/_next/static/chunks/node_modules_next_dist_1e8vcs8._.js:776
[   40311ms] [LOG] [Fast Refresh] done in 47ms @ http://localhost:3000/_next/static/chunks/node_modules_next_dist_1e8vcs8._.js:776
[   40358ms] [LOG] [Fast Refresh] done in 47ms @ http://localhost:3000/_next/static/chunks/node_modules_next_dist_1e8vcs8._.js:776
[   40404ms] [LOG] [Fast Refresh] done in 47ms @ http://localhost:3000/_next/static/chunks/node_modules_next_dist_1e8vcs8._.js:776
[   40452ms] [LOG] [Fast Refresh] done in 47ms @ http://localhost:3000/_next/static/chunks/node_modules_next_dist_1e8vcs8._.js:776
[   40499ms] [LOG] [Fast Refresh] done in 47ms @ http://localhost:3000/_next/static/chunks/node_modules_next_dist_1e8vcs8._.js:776
[   40545ms] [LOG] [Fast Refresh] done in 47ms @ http://localhost:3000/_next/static/chunks/node_modules_next_dist_1e8vcs8._.js:776
[   40594ms] [LOG] [Fast Refresh] done in 47ms @ http://localhost:3000/_next/static/chunks/node_modules_next_dist_1e8vcs8._.js:776
[   40641ms] [LOG] [Fast Refresh] done in 47ms @ http://localhost:3000/_next/static/chunks/node_modules_next_dist_1e8vcs8._.js:776
[   40688ms] [LOG] [Fast Refresh] done in 47ms @ http://localhost:3000/_next/static/chunks/node_modules_next_dist_1e8vcs8._.js:776
[   40735ms] [LOG] [Fast Refresh] done in 47ms @ http://localhost:3000/_next/static/chunks/node_modules_next_dist_1e8vcs8._.js:776
[   40783ms] [LOG] [Fast Refresh] done in 47ms @ http://localhost:3000/_next/static/chunks/node_modules_next_dist_1e8vcs8._.js:776
[   40830ms] [LOG] [Fast Refresh] done in 47ms @ http://localhost:3000/_next/static/chunks/node_modules_next_dist_1e8vcs8._.js:776
[   40873ms] [LOG] [Fast Refresh] done in 47ms @ http://localhost:3000/_next/static/chunks/node_modules_next_dist_1e8vcs8._.js:776
[   40921ms] [LOG] [Fast Refresh] done in 47ms @ http://localhost:3000/_next/static/chunks/node_modules_next_dist_1e8vcs8._.js:776
[   40968ms] [LOG] [Fast Refresh] done in 47ms @ http://localhost:3000/_next/static/chunks/node_modules_next_dist_1e8vcs8._.js:776
[   41015ms] [LOG] [Fast Refresh] done in 47ms @ http://localhost:3000/_next/static/chunks/node_modules_next_dist_1e8vcs8._.js:776
[   41061ms] [LOG] [Fast Refresh] done in 47ms @ http://localhost:3000/_next/static/chunks/node_modules_next_dist_1e8vcs8._.js:776
[   41108ms] [LOG] [Fast Refresh] done in 47ms @ http://localhost:3000/_next/static/chunks/node_modules_next_dist_1e8vcs8._.js:776
[   41155ms] [LOG] [Fast Refresh] done in 47ms @ http://localhost:3000/_next/static/chunks/node_modules_next_dist_1e8vcs8._.js:776
[   41203ms] [LOG] [Fast Refresh] done in 47ms @ http://localhost:3000/_next/static/chunks/node_modules_next_dist_1e8vcs8._.js:776
[   41249ms] [LOG] [Fast Refresh] done in 47ms @ http://localhost:3000/_next/static/chunks/node_modules_next_dist_1e8vcs8._.js:776
[   41297ms] [LOG] [Fast Refresh] done in 47ms @ http://localhost:3000/_next/static/chunks/node_modules_next_dist_1e8vcs8._.js:776
[   41344ms] [LOG] [Fast Refresh] done in 47ms @ http://localhost:3000/_next/static/chunks/node_modules_next_dist_1e8vcs8._.js:776
[   41391ms] [LOG] [Fast Refresh] done in 47ms @ http://localhost:3000/_next/static/chunks/node_modules_next_dist_1e8vcs8._.js:776
[   41442ms] [LOG] [Fast Refresh] done in 47ms @ http://localhost:3000/_next/static/chunks/node_modules_next_dist_1e8vcs8._.js:776
[   41489ms] [LOG] [Fast Refresh] done in 47ms @ http://localhost:3000/_next/static/chunks/node_modules_next_dist_1e8vcs8._.js:776
[   41536ms] [LOG] [Fast Refresh] done in 47ms @ http://localhost:3000/_next/static/chunks/node_modules_next_dist_1e8vcs8._.js:776
[   41583ms] [LOG] [Fast Refresh] done in 47ms @ http://localhost:3000/_next/static/chunks/node_modules_next_dist_1e8vcs8._.js:776
[   41631ms] [LOG] [Fast Refresh] done in 47ms @ http://localhost:3000/_next/static/chunks/node_modules_next_dist_1e8vcs8._.js:776
[   41678ms] [LOG] [Fast Refresh] done in 47ms @ http://localhost:3000/_next/static/chunks/node_modules_next_dist_1e8vcs8._.js:776
[   41727ms] [LOG] [Fast Refresh] done in 47ms @ http://localhost:3000/_next/static/chunks/node_modules_next_dist_1e8vcs8._.js:776
[   41777ms] [LOG] [Fast Refresh] done in 47ms @ http://localhost:3000/_next/static/chunks/node_modules_next_dist_1e8vcs8._.js:776
[   41825ms] [LOG] [Fast Refresh] done in 47ms @ http://localhost:3000/_next/static/chunks/node_modules_next_dist_1e8vcs8._.js:776
[   41872ms] [LOG] [Fast Refresh] done in 47ms @ http://localhost:3000/_next/static/chunks/node_modules_next_dist_1e8vcs8._.js:776
[   41919ms] [LOG] [Fast Refresh] done in 47ms @ http://localhost:3000/_next/static/chunks/node_modules_next_dist_1e8vcs8._.js:776
[   41967ms] [LOG] [Fast Refresh] done in 47ms @ http://localhost:3000/_next/static/chunks/node_modules_next_dist_1e8vcs8._.js:776
[   42015ms] [LOG] [Fast Refresh] done in 47ms @ http://localhost:3000/_next/static/chunks/node_modules_next_dist_1e8vcs8._.js:776
[   42062ms] [LOG] [Fast Refresh] done in 47ms @ http://localhost:3000/_next/static/chunks/node_modules_next_dist_1e8vcs8._.js:776
[   42109ms] [LOG] [Fast Refresh] done in 47ms @ http://localhost:3000/_next/static/chunks/node_modules_next_dist_1e8vcs8._.js:776
[   42157ms] [LOG] [Fast Refresh] done in 47ms @ http://localhost:3000/_next/static/chunks/node_modules_next_dist_1e8vcs8._.js:776
[   42204ms] [LOG] [Fast Refresh] done in 47ms @ http://localhost:3000/_next/static/chunks/node_modules_next_dist_1e8vcs8._.js:776
[   42252ms] [LOG] [Fast Refresh] done in 47ms @ http://localhost:3000/_next/static/chunks/node_modules_next_dist_1e8vcs8._.js:776
[   42301ms] [LOG] [Fast Refresh] done in 47ms @ http://localhost:3000/_next/static/chunks/node_modules_next_dist_1e8vcs8._.js:776
[   42349ms] [LOG] [Fast Refresh] done in 47ms @ http://localhost:3000/_next/static/chunks/node_modules_next_dist_1e8vcs8._.js:776
[   42397ms] [LOG] [Fast Refresh] done in 47ms @ http://localhost:3000/_next/static/chunks/node_modules_next_dist_1e8vcs8._.js:776
[   42444ms] [LOG] [Fast Refresh] done in 47ms @ http://localhost:3000/_next/static/chunks/node_modules_next_dist_1e8vcs8._.js:776
[   42492ms] [LOG] [Fast Refresh] done in 47ms @ http://localhost:3000/_next/static/chunks/node_modules_next_dist_1e8vcs8._.js:776
[   42539ms] [LOG] [Fast Refresh] done in 47ms @ http://localhost:3000/_next/static/chunks/node_modules_next_dist_1e8vcs8._.js:776
[   42586ms] [LOG] [Fast Refresh] done in 47ms @ http://localhost:3000/_next/static/chunks/node_modules_next_dist_1e8vcs8._.js:776
[   42632ms] [LOG] [Fast Refresh] done in 47ms @ http://localhost:3000/_next/static/chunks/node_modules_next_dist_1e8vcs8._.js:776
[   42679ms] [LOG] [Fast Refresh] done in 47ms @ http://localhost:3000/_next/static/chunks/node_modules_next_dist_1e8vcs8._.js:776
[   42726ms] [LOG] [Fast Refresh] done in 47ms @ http://localhost:3000/_next/static/chunks/node_modules_next_dist_1e8vcs8._.js:776
[   42774ms] [LOG] [Fast Refresh] done in 47ms @ http://localhost:3000/_next/static/chunks/node_modules_next_dist_1e8vcs8._.js:776
[   42821ms] [LOG] [Fast Refresh] done in 47ms @ http://localhost:3000/_next/static/chunks/node_modules_next_dist_1e8vcs8._.js:776
[   42869ms] [LOG] [Fast Refresh] done in 47ms @ http://localhost:3000/_next/static/chunks/node_modules_next_dist_1e8vcs8._.js:776
[   42916ms] [LOG] [Fast Refresh] done in 47ms @ http://localhost:3000/_next/static/chunks/node_modules_next_dist_1e8vcs8._.js:776
[   42963ms] [LOG] [Fast Refresh] done in 47ms @ http://localhost:3000/_next/static/chunks/node_modules_next_dist_1e8vcs8._.js:776
[   43011ms] [LOG] [Fast Refresh] done in 47ms @ http://localhost:3000/_next/static/chunks/node_modules_next_dist_1e8vcs8._.js:776
[   43058ms] [LOG] [Fast Refresh] done in 47ms @ http://localhost:3000/_next/static/chunks/node_modules_next_dist_1e8vcs8._.js:776
[   43104ms] [LOG] [Fast Refresh] done in 47ms @ http://localhost:3000/_next/static/chunks/node_modules_next_dist_1e8vcs8._.js:776
[   43152ms] [LOG] [Fast Refresh] done in 47ms @ http://localhost:3000/_next/static/chunks/node_modules_next_dist_1e8vcs8._.js:776
[   43200ms] [LOG] [Fast Refresh] done in 47ms @ http://localhost:3000/_next/static/chunks/node_modules_next_dist_1e8vcs8._.js:776
[   43247ms] [LOG] [Fast Refresh] done in 47ms @ http://localhost:3000/_next/static/chunks/node_modules_next_dist_1e8vcs8._.js:776
[   43295ms] [LOG] [Fast Refresh] done in 47ms @ http://localhost:3000/_next/static/chunks/node_modules_next_dist_1e8vcs8._.js:776
[   43343ms] [LOG] [Fast Refresh] done in 47ms @ http://localhost:3000/_next/static/chunks/node_modules_next_dist_1e8vcs8._.js:776
[   43390ms] [LOG] [Fast Refresh] done in 47ms @ http://localhost:3000/_next/static/chunks/node_modules_next_dist_1e8vcs8._.js:776
[   43437ms] [LOG] [Fast Refresh] done in 47ms @ http://localhost:3000/_next/static/chunks/node_modules_next_dist_1e8vcs8._.js:776
[   43485ms] [LOG] [Fast Refresh] done in 47ms @ http://localhost:3000/_next/static/chunks/node_modules_next_dist_1e8vcs8._.js:776
[   43533ms] [LOG] [Fast Refresh] done in 47ms @ http://localhost:3000/_next/static/chunks/node_modules_next_dist_1e8vcs8._.js:776
[   43580ms] [LOG] [Fast Refresh] done in 47ms @ http://localhost:3000/_next/static/chunks/node_modules_next_dist_1e8vcs8._.js:776
[   43627ms] [LOG] [Fast Refresh] done in 47ms @ http://localhost:3000/_next/static/chunks/node_modules_next_dist_1e8vcs8._.js:776
[   43674ms] [LOG] [Fast Refresh] done in 47ms @ http://localhost:3000/_next/static/chunks/node_modules_next_dist_1e8vcs8._.js:776
[   43720ms] [LOG] [Fast Refresh] done in 47ms @ http://localhost:3000/_next/static/chunks/node_modules_next_dist_1e8vcs8._.js:776
[   43768ms] [LOG] [Fast Refresh] done in 47ms @ http://localhost:3000/_next/static/chunks/node_modules_next_dist_1e8vcs8._.js:776
[   43815ms] [LOG] [Fast Refresh] done in 47ms @ http://localhost:3000/_next/static/chunks/node_modules_next_dist_1e8vcs8._.js:776
[   43861ms] [LOG] [Fast Refresh] done in 47ms @ http://localhost:3000/_next/static/chunks/node_modules_next_dist_1e8vcs8._.js:776
[   43908ms] [LOG] [Fast Refresh] done in 47ms @ http://localhost:3000/_next/static/chunks/node_modules_next_dist_1e8vcs8._.js:776
[   43955ms] [LOG] [Fast Refresh] done in 47ms @ http://localhost:3000/_next/static/chunks/node_modules_next_dist_1e8vcs8._.js:776
[   44004ms] [LOG] [Fast Refresh] done in 47ms @ http://localhost:3000/_next/static/chunks/node_modules_next_dist_1e8vcs8._.js:776
[   44052ms] [LOG] [Fast Refresh] done in 47ms @ http://localhost:3000/_next/static/chunks/node_modules_next_dist_1e8vcs8._.js:776
[   44099ms] [LOG] [Fast Refresh] done in 47ms @ http://localhost:3000/_next/static/chunks/node_modules_next_dist_1e8vcs8._.js:776
[   44146ms] [LOG] [Fast Refresh] done in 47ms @ http://localhost:3000/_next/static/chunks/node_modules_next_dist_1e8vcs8._.js:776
[   44194ms] [LOG] [Fast Refresh] done in 47ms @ http://localhost:3000/_next/static/chunks/node_modules_next_dist_1e8vcs8._.js:776
[   44240ms] [LOG] [Fast Refresh] done in 47ms @ http://localhost:3000/_next/static/chunks/node_modules_next_dist_1e8vcs8._.js:776
[   44288ms] [LOG] [Fast Refresh] done in 47ms @ http://localhost:3000/_next/static/chunks/node_modules_next_dist_1e8vcs8._.js:776
[   44336ms] [LOG] [Fast Refresh] done in 47ms @ http://localhost:3000/_next/static/chunks/node_modules_next_dist_1e8vcs8._.js:776
[   44383ms] [LOG] [Fast Refresh] done in 47ms @ http://localhost:3000/_next/static/chunks/node_modules_next_dist_1e8vcs8._.js:776
[   44429ms] [LOG] [Fast Refresh] done in 47ms @ http://localhost:3000/_next/static/chunks/node_modules_next_dist_1e8vcs8._.js:776
[   44478ms] [LOG] [Fast Refresh] done in 47ms @ http://localhost:3000/_next/static/chunks/node_modules_next_dist_1e8vcs8._.js:776
[   44525ms] [LOG] [Fast Refresh] done in 47ms @ http://localhost:3000/_next/static/chunks/node_modules_next_dist_1e8vcs8._.js:776
[   44573ms] [LOG] [Fast Refresh] done in 47ms @ http://localhost:3000/_next/static/chunks/node_modules_next_dist_1e8vcs8._.js:776
[   44620ms] [LOG] [Fast Refresh] done in 47ms @ http://localhost:3000/_next/static/chunks/node_modules_next_dist_1e8vcs8._.js:776
[   44668ms] [LOG] [Fast Refresh] done in 47ms @ http://localhost:3000/_next/static/chunks/node_modules_next_dist_1e8vcs8._.js:776
[   44715ms] [LOG] [Fast Refresh] done in 47ms @ http://localhost:3000/_next/static/chunks/node_modules_next_dist_1e8vcs8._.js:776
[   44763ms] [LOG] [Fast Refresh] done in 47ms @ http://localhost:3000/_next/static/chunks/node_modules_next_dist_1e8vcs8._.js:776
[   44813ms] [LOG] [Fast Refresh] done in 47ms @ http://localhost:3000/_next/static/chunks/node_modules_next_dist_1e8vcs8._.js:776
[   44861ms] [LOG] [Fast Refresh] done in 47ms @ http://localhost:3000/_next/static/chunks/node_modules_next_dist_1e8vcs8._.js:776
[   44909ms] [LOG] [Fast Refresh] done in 47ms @ http://localhost:3000/_next/static/chunks/node_modules_next_dist_1e8vcs8._.js:776
[   44956ms] [LOG] [Fast Refresh] done in 47ms @ http://localhost:3000/_next/static/chunks/node_modules_next_dist_1e8vcs8._.js:776
[   45004ms] [LOG] [Fast Refresh] done in 47ms @ http://localhost:3000/_next/static/chunks/node_modules_next_dist_1e8vcs8._.js:776
[   45051ms] [LOG] [Fast Refresh] done in 47ms @ http://localhost:3000/_next/static/chunks/node_modules_next_dist_1e8vcs8._.js:776
[   45098ms] [LOG] [Fast Refresh] done in 47ms @ http://localhost:3000/_next/static/chunks/node_modules_next_dist_1e8vcs8._.js:776
[   45145ms] [LOG] [Fast Refresh] done in 47ms @ http://localhost:3000/_next/static/chunks/node_modules_next_dist_1e8vcs8._.js:776
[   45193ms] [LOG] [Fast Refresh] done in 47ms @ http://localhost:3000/_next/static/chunks/node_modules_next_dist_1e8vcs8._.js:776
[   45241ms] [LOG] [Fast Refresh] done in 47ms @ http://localhost:3000/_next/static/chunks/node_modules_next_dist_1e8vcs8._.js:776
[   45288ms] [LOG] [Fast Refresh] done in 47ms @ http://localhost:3000/_next/static/chunks/node_modules_next_dist_1e8vcs8._.js:776
[   45335ms] [LOG] [Fast Refresh] done in 47ms @ http://localhost:3000/_next/static/chunks/node_modules_next_dist_1e8vcs8._.js:776
[   45383ms] [LOG] [Fast Refresh] done in 47ms @ http://localhost:3000/_next/static/chunks/node_modules_next_dist_1e8vcs8._.js:776
[   45430ms] [LOG] [Fast Refresh] done in 47ms @ http://localhost:3000/_next/static/chunks/node_modules_next_dist_1e8vcs8._.js:776
[   45478ms] [LOG] [Fast Refresh] done in 47ms @ http://localhost:3000/_next/static/chunks/node_modules_next_dist_1e8vcs8._.js:776
[   45525ms] [LOG] [Fast Refresh] done in 47ms @ http://localhost:3000/_next/static/chunks/node_modules_next_dist_1e8vcs8._.js:776
[   45571ms] [LOG] [Fast Refresh] done in 47ms @ http://localhost:3000/_next/static/chunks/node_modules_next_dist_1e8vcs8._.js:776
[   45618ms] [LOG] [Fast Refresh] done in 47ms @ http://localhost:3000/_next/static/chunks/node_modules_next_dist_1e8vcs8._.js:776
[   45667ms] [LOG] [Fast Refresh] done in 47ms @ http://localhost:3000/_next/static/chunks/node_modules_next_dist_1e8vcs8._.js:776
[   45714ms] [LOG] [Fast Refresh] done in 47ms @ http://localhost:3000/_next/static/chunks/node_modules_next_dist_1e8vcs8._.js:776
[   45762ms] [LOG] [Fast Refresh] done in 47ms @ http://localhost:3000/_next/static/chunks/node_modules_next_dist_1e8vcs8._.js:776
[   45810ms] [LOG] [Fast Refresh] done in 47ms @ http://localhost:3000/_next/static/chunks/node_modules_next_dist_1e8vcs8._.js:776
[   45857ms] [LOG] [Fast Refresh] done in 47ms @ http://localhost:3000/_next/static/chunks/node_modules_next_dist_1e8vcs8._.js:776
[   45905ms] [LOG] [Fast Refresh] done in 47ms @ http://localhost:3000/_next/static/chunks/node_modules_next_dist_1e8vcs8._.js:776
[   45952ms] [LOG] [Fast Refresh] done in 47ms @ http://localhost:3000/_next/static/chunks/node_modules_next_dist_1e8vcs8._.js:776
[   45999ms] [LOG] [Fast Refresh] done in 47ms @ http://localhost:3000/_next/static/chunks/node_modules_next_dist_1e8vcs8._.js:776
[   46046ms] [LOG] [Fast Refresh] done in 47ms @ http://localhost:3000/_next/static/chunks/node_modules_next_dist_1e8vcs8._.js:776
[   46092ms] [LOG] [Fast Refresh] done in 47ms @ http://localhost:3000/_next/static/chunks/node_modules_next_dist_1e8vcs8._.js:776
[   46139ms] [LOG] [Fast Refresh] done in 47ms @ http://localhost:3000/_next/static/chunks/node_modules_next_dist_1e8vcs8._.js:776
[   46187ms] [LOG] [Fast Refresh] done in 47ms @ http://localhost:3000/_next/static/chunks/node_modules_next_dist_1e8vcs8._.js:776
[   46235ms] [LOG] [Fast Refresh] done in 47ms @ http://localhost:3000/_next/static/chunks/node_modules_next_dist_1e8vcs8._.js:776
[   46282ms] [LOG] [Fast Refresh] done in 47ms @ http://localhost:3000/_next/static/chunks/node_modules_next_dist_1e8vcs8._.js:776
[   46330ms] [LOG] [Fast Refresh] done in 47ms @ http://localhost:3000/_next/static/chunks/node_modules_next_dist_1e8vcs8._.js:776
[   46378ms] [LOG] [Fast Refresh] done in 47ms @ http://localhost:3000/_next/static/chunks/node_modules_next_dist_1e8vcs8._.js:776
[   46424ms] [LOG] [Fast Refresh] done in 47ms @ http://localhost:3000/_next/static/chunks/node_modules_next_dist_1e8vcs8._.js:776
[   46472ms] [LOG] [Fast Refresh] done in 47ms @ http://localhost:3000/_next/static/chunks/node_modules_next_dist_1e8vcs8._.js:776
[   46520ms] [LOG] [Fast Refresh] done in 47ms @ http://localhost:3000/_next/static/chunks/node_modules_next_dist_1e8vcs8._.js:776
[   46566ms] [LOG] [Fast Refresh] done in 47ms @ http://localhost:3000/_next/static/chunks/node_modules_next_dist_1e8vcs8._.js:776
[   46614ms] [LOG] [Fast Refresh] done in 47ms @ http://localhost:3000/_next/static/chunks/node_modules_next_dist_1e8vcs8._.js:776
[   46661ms] [LOG] [Fast Refresh] done in 47ms @ http://localhost:3000/_next/static/chunks/node_modules_next_dist_1e8vcs8._.js:776
[   46708ms] [LOG] [Fast Refresh] done in 47ms @ http://localhost:3000/_next/static/chunks/node_modules_next_dist_1e8vcs8._.js:776
[   46753ms] [LOG] [Fast Refresh] done in 47ms @ http://localhost:3000/_next/static/chunks/node_modules_next_dist_1e8vcs8._.js:776
[   46802ms] [LOG] [Fast Refresh] done in 47ms @ http://localhost:3000/_next/static/chunks/node_modules_next_dist_1e8vcs8._.js:776
[   46850ms] [LOG] [Fast Refresh] done in 47ms @ http://localhost:3000/_next/static/chunks/node_modules_next_dist_1e8vcs8._.js:776
[   46898ms] [LOG] [Fast Refresh] done in 47ms @ http://localhost:3000/_next/static/chunks/node_modules_next_dist_1e8vcs8._.js:776
[   46946ms] [LOG] [Fast Refresh] done in 47ms @ http://localhost:3000/_next/static/chunks/node_modules_next_dist_1e8vcs8._.js:776
[   46992ms] [LOG] [Fast Refresh] done in 47ms @ http://localhost:3000/_next/static/chunks/node_modules_next_dist_1e8vcs8._.js:776
[   47039ms] [LOG] [Fast Refresh] done in 47ms @ http://localhost:3000/_next/static/chunks/node_modules_next_dist_1e8vcs8._.js:776
[   47086ms] [LOG] [Fast Refresh] done in 47ms @ http://localhost:3000/_next/static/chunks/node_modules_next_dist_1e8vcs8._.js:776
[   47133ms] [LOG] [Fast Refresh] done in 47ms @ http://localhost:3000/_next/static/chunks/node_modules_next_dist_1e8vcs8._.js:776
[   47181ms] [LOG] [Fast Refresh] done in 47ms @ http://localhost:3000/_next/static/chunks/node_modules_next_dist_1e8vcs8._.js:776
[   47228ms] [LOG] [Fast Refresh] done in 47ms @ http://localhost:3000/_next/static/chunks/node_modules_next_dist_1e8vcs8._.js:776
[   47276ms] [LOG] [Fast Refresh] done in 47ms @ http://localhost:3000/_next/static/chunks/node_modules_next_dist_1e8vcs8._.js:776
[   47323ms] [LOG] [Fast Refresh] done in 47ms @ http://localhost:3000/_next/static/chunks/node_modules_next_dist_1e8vcs8._.js:776
[   47372ms] [LOG] [Fast Refresh] done in 47ms @ http://localhost:3000/_next/static/chunks/node_modules_next_dist_1e8vcs8._.js:776
[   47419ms] [LOG] [Fast Refresh] done in 47ms @ http://localhost:3000/_next/static/chunks/node_modules_next_dist_1e8vcs8._.js:776
[   47466ms] [LOG] [Fast Refresh] done in 47ms @ http://localhost:3000/_next/static/chunks/node_modules_next_dist_1e8vcs8._.js:776
[   47514ms] [LOG] [Fast Refresh] done in 47ms @ http://localhost:3000/_next/static/chunks/node_modules_next_dist_1e8vcs8._.js:776
[   47562ms] [LOG] [Fast Refresh] done in 47ms @ http://localhost:3000/_next/static/chunks/node_modules_next_dist_1e8vcs8._.js:776
[   47613ms] [LOG] [Fast Refresh] done in 47ms @ http://localhost:3000/_next/static/chunks/node_modules_next_dist_1e8vcs8._.js:776
[   47660ms] [LOG] [Fast Refresh] done in 47ms @ http://localhost:3000/_next/static/chunks/node_modules_next_dist_1e8vcs8._.js:776
[   47707ms] [LOG] [Fast Refresh] done in 47ms @ http://localhost:3000/_next/static/chunks/node_modules_next_dist_1e8vcs8._.js:776
[   47754ms] [LOG] [Fast Refresh] done in 47ms @ http://localhost:3000/_next/static/chunks/node_modules_next_dist_1e8vcs8._.js:776
[   47803ms] [LOG] [Fast Refresh] done in 47ms @ http://localhost:3000/_next/static/chunks/node_modules_next_dist_1e8vcs8._.js:776
[   47853ms] [LOG] [Fast Refresh] done in 47ms @ http://localhost:3000/_next/static/chunks/node_modules_next_dist_1e8vcs8._.js:776
[   47900ms] [LOG] [Fast Refresh] done in 47ms @ http://localhost:3000/_next/static/chunks/node_modules_next_dist_1e8vcs8._.js:776
[   47948ms] [LOG] [Fast Refresh] done in 47ms @ http://localhost:3000/_next/static/chunks/node_modules_next_dist_1e8vcs8._.js:776
[   47994ms] [LOG] [Fast Refresh] done in 47ms @ http://localhost:3000/_next/static/chunks/node_modules_next_dist_1e8vcs8._.js:776
[   48042ms] [LOG] [Fast Refresh] done in 47ms @ http://localhost:3000/_next/static/chunks/node_modules_next_dist_1e8vcs8._.js:776
[   48089ms] [LOG] [Fast Refresh] done in 47ms @ http://localhost:3000/_next/static/chunks/node_modules_next_dist_1e8vcs8._.js:776
[   48135ms] [LOG] [Fast Refresh] done in 47ms @ http://localhost:3000/_next/static/chunks/node_modules_next_dist_1e8vcs8._.js:776
[   48183ms] [LOG] [Fast Refresh] done in 47ms @ http://localhost:3000/_next/static/chunks/node_modules_next_dist_1e8vcs8._.js:776
[   48232ms] [LOG] [Fast Refresh] done in 47ms @ http://localhost:3000/_next/static/chunks/node_modules_next_dist_1e8vcs8._.js:776
[   48278ms] [LOG] [Fast Refresh] done in 47ms @ http://localhost:3000/_next/static/chunks/node_modules_next_dist_1e8vcs8._.js:776
[   48326ms] [LOG] [Fast Refresh] done in 47ms @ http://localhost:3000/_next/static/chunks/node_modules_next_dist_1e8vcs8._.js:776
[   48373ms] [LOG] [Fast Refresh] done in 47ms @ http://localhost:3000/_next/static/chunks/node_modules_next_dist_1e8vcs8._.js:776
[   48420ms] [LOG] [Fast Refresh] done in 47ms @ http://localhost:3000/_next/static/chunks/node_modules_next_dist_1e8vcs8._.js:776
[   48467ms] [LOG] [Fast Refresh] done in 47ms @ http://localhost:3000/_next/static/chunks/node_modules_next_dist_1e8vcs8._.js:776
[   48507ms] [LOG] [Fast Refresh] done in 47ms @ http://localhost:3000/_next/static/chunks/node_modules_next_dist_1e8vcs8._.js:776
[   48554ms] [LOG] [Fast Refresh] done in 47ms @ http://localhost:3000/_next/static/chunks/node_modules_next_dist_1e8vcs8._.js:776
[   48601ms] [LOG] [Fast Refresh] done in 47ms @ http://localhost:3000/_next/static/chunks/node_modules_next_dist_1e8vcs8._.js:776
[   48648ms] [LOG] [Fast Refresh] done in 47ms @ http://localhost:3000/_next/static/chunks/node_modules_next_dist_1e8vcs8._.js:776
[   48696ms] [LOG] [Fast Refresh] done in 47ms @ http://localhost:3000/_next/static/chunks/node_modules_next_dist_1e8vcs8._.js:776
[   48744ms] [LOG] [Fast Refresh] done in 47ms @ http://localhost:3000/_next/static/chunks/node_modules_next_dist_1e8vcs8._.js:776
[   48792ms] [LOG] [Fast Refresh] done in 47ms @ http://localhost:3000/_next/static/chunks/node_modules_next_dist_1e8vcs8._.js:776
[   48839ms] [LOG] [Fast Refresh] done in 47ms @ http://localhost:3000/_next/static/chunks/node_modules_next_dist_1e8vcs8._.js:776
[   48886ms] [LOG] [Fast Refresh] done in 47ms @ http://localhost:3000/_next/static/chunks/node_modules_next_dist_1e8vcs8._.js:776
[   48934ms] [LOG] [Fast Refresh] done in 47ms @ http://localhost:3000/_next/static/chunks/node_modules_next_dist_1e8vcs8._.js:776
[   48981ms] [LOG] [Fast Refresh] done in 47ms @ http://localhost:3000/_next/static/chunks/node_modules_next_dist_1e8vcs8._.js:776
[   49037ms] [LOG] [Fast Refresh] done in 47ms @ http://localhost:3000/_next/static/chunks/node_modules_next_dist_1e8vcs8._.js:776
[   49095ms] [LOG] [Fast Refresh] done in 47ms @ http://localhost:3000/_next/static/chunks/node_modules_next_dist_1e8vcs8._.js:776
[   49144ms] [LOG] [Fast Refresh] done in 47ms @ http://localhost:3000/_next/static/chunks/node_modules_next_dist_1e8vcs8._.js:776
[   49191ms] [LOG] [Fast Refresh] done in 47ms @ http://localhost:3000/_next/static/chunks/node_modules_next_dist_1e8vcs8._.js:776
[   49238ms] [LOG] [Fast Refresh] done in 47ms @ http://localhost:3000/_next/static/chunks/node_modules_next_dist_1e8vcs8._.js:776
[   49286ms] [LOG] [Fast Refresh] done in 47ms @ http://localhost:3000/_next/static/chunks/node_modules_next_dist_1e8vcs8._.js:776
[   49333ms] [LOG] [Fast Refresh] done in 47ms @ http://localhost:3000/_next/static/chunks/node_modules_next_dist_1e8vcs8._.js:776
[   49382ms] [LOG] [Fast Refresh] done in 47ms @ http://localhost:3000/_next/static/chunks/node_modules_next_dist_1e8vcs8._.js:776
[   49430ms] [LOG] [Fast Refresh] done in 47ms @ http://localhost:3000/_next/static/chunks/node_modules_next_dist_1e8vcs8._.js:776
[   49918ms] [LOG] [Fast Refresh] done in 47ms @ http://localhost:3000/_next/static/chunks/node_modules_next_dist_1e8vcs8._.js:776
[   50191ms] [LOG] [Fast Refresh] done in 47ms @ http://localhost:3000/_next/static/chunks/node_modules_next_dist_1e8vcs8._.js:776
[   50237ms] [LOG] [Fast Refresh] done in 47ms @ http://localhost:3000/_next/static/chunks/node_modules_next_dist_1e8vcs8._.js:776
[   50287ms] [LOG] [Fast Refresh] done in 47ms @ http://localhost:3000/_next/static/chunks/node_modules_next_dist_1e8vcs8._.js:776
[   50336ms] [LOG] [Fast Refresh] done in 47ms @ http://localhost:3000/_next/static/chunks/node_modules_next_dist_1e8vcs8._.js:776
[   50386ms] [LOG] [Fast Refresh] done in 47ms @ http://localhost:3000/_next/static/chunks/node_modules_next_dist_1e8vcs8._.js:776
[   50436ms] [LOG] [Fast Refresh] done in 47ms @ http://localhost:3000/_next/static/chunks/node_modules_next_dist_1e8vcs8._.js:776
[   50484ms] [LOG] [Fast Refresh] done in 47ms @ http://localhost:3000/_next/static/chunks/node_modules_next_dist_1e8vcs8._.js:776
[   50534ms] [LOG] [Fast Refresh] done in 47ms @ http://localhost:3000/_next/static/chunks/node_modules_next_dist_1e8vcs8._.js:776
[   50585ms] [LOG] [Fast Refresh] done in 47ms @ http://localhost:3000/_next/static/chunks/node_modules_next_dist_1e8vcs8._.js:776
[   50634ms] [LOG] [Fast Refresh] done in 47ms @ http://localhost:3000/_next/static/chunks/node_modules_next_dist_1e8vcs8._.js:776
[   50684ms] [LOG] [Fast Refresh] done in 47ms @ http://localhost:3000/_next/static/chunks/node_modules_next_dist_1e8vcs8._.js:776
[   50733ms] [LOG] [Fast Refresh] done in 47ms @ http://localhost:3000/_next/static/chunks/node_modules_next_dist_1e8vcs8._.js:776
[   50781ms] [LOG] [Fast Refresh] done in 47ms @ http://localhost:3000/_next/static/chunks/node_modules_next_dist_1e8vcs8._.js:776
[   50829ms] [LOG] [Fast Refresh] done in 47ms @ http://localhost:3000/_next/static/chunks/node_modules_next_dist_1e8vcs8._.js:776
[   50877ms] [LOG] [Fast Refresh] done in 47ms @ http://localhost:3000/_next/static/chunks/node_modules_next_dist_1e8vcs8._.js:776
[   50925ms] [LOG] [Fast Refresh] done in 47ms @ http://localhost:3000/_next/static/chunks/node_modules_next_dist_1e8vcs8._.js:776
[   50971ms] [LOG] [Fast Refresh] done in 47ms @ http://localhost:3000/_next/static/chunks/node_modules_next_dist_1e8vcs8._.js:776
[   51019ms] [LOG] [Fast Refresh] done in 47ms @ http://localhost:3000/_next/static/chunks/node_modules_next_dist_1e8vcs8._.js:776
[   51066ms] [LOG] [Fast Refresh] done in 47ms @ http://localhost:3000/_next/static/chunks/node_modules_next_dist_1e8vcs8._.js:776
[   51113ms] [LOG] [Fast Refresh] done in 47ms @ http://localhost:3000/_next/static/chunks/node_modules_next_dist_1e8vcs8._.js:776
[   51159ms] [LOG] [Fast Refresh] done in 47ms @ http://localhost:3000/_next/static/chunks/node_modules_next_dist_1e8vcs8._.js:776
[   51207ms] [LOG] [Fast Refresh] done in 47ms @ http://localhost:3000/_next/static/chunks/node_modules_next_dist_1e8vcs8._.js:776
[   51253ms] [LOG] [Fast Refresh] done in 47ms @ http://localhost:3000/_next/static/chunks/node_modules_next_dist_1e8vcs8._.js:776
[   51301ms] [LOG] [Fast Refresh] done in 47ms @ http://localhost:3000/_next/static/chunks/node_modules_next_dist_1e8vcs8._.js:776
[   51349ms] [LOG] [Fast Refresh] done in 47ms @ http://localhost:3000/_next/static/chunks/node_modules_next_dist_1e8vcs8._.js:776
[   51397ms] [LOG] [Fast Refresh] done in 47ms @ http://localhost:3000/_next/static/chunks/node_modules_next_dist_1e8vcs8._.js:776
[   51444ms] [LOG] [Fast Refresh] done in 47ms @ http://localhost:3000/_next/static/chunks/node_modules_next_dist_1e8vcs8._.js:776
[   51489ms] [LOG] [Fast Refresh] done in 47ms @ http://localhost:3000/_next/static/chunks/node_modules_next_dist_1e8vcs8._.js:776
[   51536ms] [LOG] [Fast Refresh] done in 47ms @ http://localhost:3000/_next/static/chunks/node_modules_next_dist_1e8vcs8._.js:776
[   51582ms] [LOG] [Fast Refresh] done in 47ms @ http://localhost:3000/_next/static/chunks/node_modules_next_dist_1e8vcs8._.js:776
[   51629ms] [LOG] [Fast Refresh] done in 47ms @ http://localhost:3000/_next/static/chunks/node_modules_next_dist_1e8vcs8._.js:776
[   51676ms] [LOG] [Fast Refresh] done in 47ms @ http://localhost:3000/_next/static/chunks/node_modules_next_dist_1e8vcs8._.js:776
[   51723ms] [LOG] [Fast Refresh] done in 47ms @ http://localhost:3000/_next/static/chunks/node_modules_next_dist_1e8vcs8._.js:776
[   51772ms] [LOG] [Fast Refresh] done in 47ms @ http://localhost:3000/_next/static/chunks/node_modules_next_dist_1e8vcs8._.js:776
[   51818ms] [LOG] [Fast Refresh] done in 47ms @ http://localhost:3000/_next/static/chunks/node_modules_next_dist_1e8vcs8._.js:776
[   51865ms] [LOG] [Fast Refresh] done in 47ms @ http://localhost:3000/_next/static/chunks/node_modules_next_dist_1e8vcs8._.js:776
[   51913ms] [LOG] [Fast Refresh] done in 47ms @ http://localhost:3000/_next/static/chunks/node_modules_next_dist_1e8vcs8._.js:776
[   51960ms] [LOG] [Fast Refresh] done in 47ms @ http://localhost:3000/_next/static/chunks/node_modules_next_dist_1e8vcs8._.js:776
[   52007ms] [LOG] [Fast Refresh] done in 47ms @ http://localhost:3000/_next/static/chunks/node_modules_next_dist_1e8vcs8._.js:776
[   52053ms] [LOG] [Fast Refresh] done in 47ms @ http://localhost:3000/_next/static/chunks/node_modules_next_dist_1e8vcs8._.js:776
[   52102ms] [LOG] [Fast Refresh] done in 47ms @ http://localhost:3000/_next/static/chunks/node_modules_next_dist_1e8vcs8._.js:776
[   52150ms] [LOG] [Fast Refresh] done in 47ms @ http://localhost:3000/_next/static/chunks/node_modules_next_dist_1e8vcs8._.js:776
[   52198ms] [LOG] [Fast Refresh] done in 47ms @ http://localhost:3000/_next/static/chunks/node_modules_next_dist_1e8vcs8._.js:776
[   52257ms] [LOG] [Fast Refresh] done in 47ms @ http://localhost:3000/_next/static/chunks/node_modules_next_dist_1e8vcs8._.js:776
[   52306ms] [LOG] [Fast Refresh] done in 47ms @ http://localhost:3000/_next/static/chunks/node_modules_next_dist_1e8vcs8._.js:776
[   52353ms] [LOG] [Fast Refresh] done in 47ms @ http://localhost:3000/_next/static/chunks/node_modules_next_dist_1e8vcs8._.js:776
[   52400ms] [LOG] [Fast Refresh] done in 47ms @ http://localhost:3000/_next/static/chunks/node_modules_next_dist_1e8vcs8._.js:776
[   52447ms] [LOG] [Fast Refresh] done in 47ms @ http://localhost:3000/_next/static/chunks/node_modules_next_dist_1e8vcs8._.js:776
[   52494ms] [LOG] [Fast Refresh] done in 47ms @ http://localhost:3000/_next/static/chunks/node_modules_next_dist_1e8vcs8._.js:776
[   52543ms] [LOG] [Fast Refresh] done in 47ms @ http://localhost:3000/_next/static/chunks/node_modules_next_dist_1e8vcs8._.js:776
[   52590ms] [LOG] [Fast Refresh] done in 47ms @ http://localhost:3000/_next/static/chunks/node_modules_next_dist_1e8vcs8._.js:776
[   52637ms] [LOG] [Fast Refresh] done in 47ms @ http://localhost:3000/_next/static/chunks/node_modules_next_dist_1e8vcs8._.js:776
[   52683ms] [LOG] [Fast Refresh] done in 47ms @ http://localhost:3000/_next/static/chunks/node_modules_next_dist_1e8vcs8._.js:776
[   52731ms] [LOG] [Fast Refresh] done in 47ms @ http://localhost:3000/_next/static/chunks/node_modules_next_dist_1e8vcs8._.js:776
[   52778ms] [LOG] [Fast Refresh] done in 47ms @ http://localhost:3000/_next/static/chunks/node_modules_next_dist_1e8vcs8._.js:776
[   52826ms] [LOG] [Fast Refresh] done in 47ms @ http://localhost:3000/_next/static/chunks/node_modules_next_dist_1e8vcs8._.js:776
[   52874ms] [LOG] [Fast Refresh] done in 47ms @ http://localhost:3000/_next/static/chunks/node_modules_next_dist_1e8vcs8._.js:776
[   52921ms] [LOG] [Fast Refresh] done in 47ms @ http://localhost:3000/_next/static/chunks/node_modules_next_dist_1e8vcs8._.js:776
[   52968ms] [LOG] [Fast Refresh] done in 47ms @ http://localhost:3000/_next/static/chunks/node_modules_next_dist_1e8vcs8._.js:776
[   53016ms] [LOG] [Fast Refresh] done in 47ms @ http://localhost:3000/_next/static/chunks/node_modules_next_dist_1e8vcs8._.js:776
[   53063ms] [LOG] [Fast Refresh] done in 47ms @ http://localhost:3000/_next/static/chunks/node_modules_next_dist_1e8vcs8._.js:776
[   53110ms] [LOG] [Fast Refresh] done in 47ms @ http://localhost:3000/_next/static/chunks/node_modules_next_dist_1e8vcs8._.js:776
[   53158ms] [LOG] [Fast Refresh] done in 47ms @ http://localhost:3000/_next/static/chunks/node_modules_next_dist_1e8vcs8._.js:776
[   53205ms] [LOG] [Fast Refresh] done in 47ms @ http://localhost:3000/_next/static/chunks/node_modules_next_dist_1e8vcs8._.js:776
[   53252ms] [LOG] [Fast Refresh] done in 47ms @ http://localhost:3000/_next/static/chunks/node_modules_next_dist_1e8vcs8._.js:776
[   53299ms] [LOG] [Fast Refresh] done in 47ms @ http://localhost:3000/_next/static/chunks/node_modules_next_dist_1e8vcs8._.js:776
[   53345ms] [LOG] [Fast Refresh] done in 47ms @ http://localhost:3000/_next/static/chunks/node_modules_next_dist_1e8vcs8._.js:776
[   53391ms] [LOG] [Fast Refresh] done in 47ms @ http://localhost:3000/_next/static/chunks/node_modules_next_dist_1e8vcs8._.js:776
[   53439ms] [LOG] [Fast Refresh] done in 47ms @ http://localhost:3000/_next/static/chunks/node_modules_next_dist_1e8vcs8._.js:776
[   53487ms] [LOG] [Fast Refresh] done in 47ms @ http://localhost:3000/_next/static/chunks/node_modules_next_dist_1e8vcs8._.js:776
[   53535ms] [LOG] [Fast Refresh] done in 47ms @ http://localhost:3000/_next/static/chunks/node_modules_next_dist_1e8vcs8._.js:776
[   53582ms] [LOG] [Fast Refresh] done in 47ms @ http://localhost:3000/_next/static/chunks/node_modules_next_dist_1e8vcs8._.js:776
[   53629ms] [LOG] [Fast Refresh] done in 47ms @ http://localhost:3000/_next/static/chunks/node_modules_next_dist_1e8vcs8._.js:776
[   53677ms] [LOG] [Fast Refresh] done in 47ms @ http://localhost:3000/_next/static/chunks/node_modules_next_dist_1e8vcs8._.js:776
[   53724ms] [LOG] [Fast Refresh] done in 47ms @ http://localhost:3000/_next/static/chunks/node_modules_next_dist_1e8vcs8._.js:776
[   53771ms] [LOG] [Fast Refresh] done in 47ms @ http://localhost:3000/_next/static/chunks/node_modules_next_dist_1e8vcs8._.js:776
[   53818ms] [LOG] [Fast Refresh] done in 47ms @ http://localhost:3000/_next/static/chunks/node_modules_next_dist_1e8vcs8._.js:776
[   53866ms] [LOG] [Fast Refresh] done in 47ms @ http://localhost:3000/_next/static/chunks/node_modules_next_dist_1e8vcs8._.js:776
[   53913ms] [LOG] [Fast Refresh] done in 47ms @ http://localhost:3000/_next/static/chunks/node_modules_next_dist_1e8vcs8._.js:776
[   53960ms] [LOG] [Fast Refresh] done in 47ms @ http://localhost:3000/_next/static/chunks/node_modules_next_dist_1e8vcs8._.js:776
[   54009ms] [LOG] [Fast Refresh] done in 47ms @ http://localhost:3000/_next/static/chunks/node_modules_next_dist_1e8vcs8._.js:776
[   54055ms] [LOG] [Fast Refresh] done in 47ms @ http://localhost:3000/_next/static/chunks/node_modules_next_dist_1e8vcs8._.js:776
[   54102ms] [LOG] [Fast Refresh] done in 47ms @ http://localhost:3000/_next/static/chunks/node_modules_next_dist_1e8vcs8._.js:776
[   54149ms] [LOG] [Fast Refresh] done in 47ms @ http://localhost:3000/_next/static/chunks/node_modules_next_dist_1e8vcs8._.js:776
[   54196ms] [LOG] [Fast Refresh] done in 47ms @ http://localhost:3000/_next/static/chunks/node_modules_next_dist_1e8vcs8._.js:776
[   54242ms] [LOG] [Fast Refresh] done in 47ms @ http://localhost:3000/_next/static/chunks/node_modules_next_dist_1e8vcs8._.js:776
[   54290ms] [LOG] [Fast Refresh] done in 47ms @ http://localhost:3000/_next/static/chunks/node_modules_next_dist_1e8vcs8._.js:776
[   54336ms] [LOG] [Fast Refresh] done in 47ms @ http://localhost:3000/_next/static/chunks/node_modules_next_dist_1e8vcs8._.js:776
[   54383ms] [LOG] [Fast Refresh] done in 47ms @ http://localhost:3000/_next/static/chunks/node_modules_next_dist_1e8vcs8._.js:776
[   54431ms] [LOG] [Fast Refresh] done in 47ms @ http://localhost:3000/_next/static/chunks/node_modules_next_dist_1e8vcs8._.js:776
[   54478ms] [LOG] [Fast Refresh] done in 47ms @ http://localhost:3000/_next/static/chunks/node_modules_next_dist_1e8vcs8._.js:776
[   54525ms] [LOG] [Fast Refresh] done in 47ms @ http://localhost:3000/_next/static/chunks/node_modules_next_dist_1e8vcs8._.js:776
[   54572ms] [LOG] [Fast Refresh] done in 47ms @ http://localhost:3000/_next/static/chunks/node_modules_next_dist_1e8vcs8._.js:776
[   54619ms] [LOG] [Fast Refresh] done in 47ms @ http://localhost:3000/_next/static/chunks/node_modules_next_dist_1e8vcs8._.js:776
[   54666ms] [LOG] [Fast Refresh] done in 47ms @ http://localhost:3000/_next/static/chunks/node_modules_next_dist_1e8vcs8._.js:776
[   54713ms] [LOG] [Fast Refresh] done in 47ms @ http://localhost:3000/_next/static/chunks/node_modules_next_dist_1e8vcs8._.js:776
[   54759ms] [LOG] [Fast Refresh] done in 47ms @ http://localhost:3000/_next/static/chunks/node_modules_next_dist_1e8vcs8._.js:776
[   54807ms] [LOG] [Fast Refresh] done in 47ms @ http://localhost:3000/_next/static/chunks/node_modules_next_dist_1e8vcs8._.js:776
[   54854ms] [LOG] [Fast Refresh] done in 47ms @ http://localhost:3000/_next/static/chunks/node_modules_next_dist_1e8vcs8._.js:776
[   54902ms] [LOG] [Fast Refresh] done in 47ms @ http://localhost:3000/_next/static/chunks/node_modules_next_dist_1e8vcs8._.js:776
[   54948ms] [LOG] [Fast Refresh] done in 47ms @ http://localhost:3000/_next/static/chunks/node_modules_next_dist_1e8vcs8._.js:776
[   54996ms] [LOG] [Fast Refresh] done in 47ms @ http://localhost:3000/_next/static/chunks/node_modules_next_dist_1e8vcs8._.js:776
[   55044ms] [LOG] [Fast Refresh] done in 47ms @ http://localhost:3000/_next/static/chunks/node_modules_next_dist_1e8vcs8._.js:776
[   55091ms] [LOG] [Fast Refresh] done in 47ms @ http://localhost:3000/_next/static/chunks/node_modules_next_dist_1e8vcs8._.js:776
[   55138ms] [LOG] [Fast Refresh] done in 47ms @ http://localhost:3000/_next/static/chunks/node_modules_next_dist_1e8vcs8._.js:776
[   55185ms] [LOG] [Fast Refresh] done in 47ms @ http://localhost:3000/_next/static/chunks/node_modules_next_dist_1e8vcs8._.js:776
[   55232ms] [LOG] [Fast Refresh] done in 47ms @ http://localhost:3000/_next/static/chunks/node_modules_next_dist_1e8vcs8._.js:776
[   55279ms] [LOG] [Fast Refresh] done in 47ms @ http://localhost:3000/_next/static/chunks/node_modules_next_dist_1e8vcs8._.js:776
[   55326ms] [LOG] [Fast Refresh] done in 47ms @ http://localhost:3000/_next/static/chunks/node_modules_next_dist_1e8vcs8._.js:776
[   55382ms] [LOG] [Fast Refresh] done in 47ms @ http://localhost:3000/_next/static/chunks/node_modules_next_dist_1e8vcs8._.js:776
[   55429ms] [LOG] [Fast Refresh] done in 47ms @ http://localhost:3000/_next/static/chunks/node_modules_next_dist_1e8vcs8._.js:776
[   55476ms] [LOG] [Fast Refresh] done in 47ms @ http://localhost:3000/_next/static/chunks/node_modules_next_dist_1e8vcs8._.js:776
[   55523ms] [LOG] [Fast Refresh] done in 47ms @ http://localhost:3000/_next/static/chunks/node_modules_next_dist_1e8vcs8._.js:776
[   55568ms] [LOG] [Fast Refresh] done in 47ms @ http://localhost:3000/_next/static/chunks/node_modules_next_dist_1e8vcs8._.js:776
[   55616ms] [LOG] [Fast Refresh] done in 47ms @ http://localhost:3000/_next/static/chunks/node_modules_next_dist_1e8vcs8._.js:776
[   55652ms] [LOG] [Fast Refresh] done in 47ms @ http://localhost:3000/_next/static/chunks/node_modules_next_dist_1e8vcs8._.js:776
[   55702ms] [LOG] [Fast Refresh] done in 47ms @ http://localhost:3000/_next/static/chunks/node_modules_next_dist_1e8vcs8._.js:776
[   55742ms] [LOG] [Fast Refresh] done in 47ms @ http://localhost:3000/_next/static/chunks/node_modules_next_dist_1e8vcs8._.js:776
[   55789ms] [LOG] [Fast Refresh] done in 47ms @ http://localhost:3000/_next/static/chunks/node_modules_next_dist_1e8vcs8._.js:776
[   55836ms] [LOG] [Fast Refresh] done in 47ms @ http://localhost:3000/_next/static/chunks/node_modules_next_dist_1e8vcs8._.js:776
[   55883ms] [LOG] [Fast Refresh] done in 47ms @ http://localhost:3000/_next/static/chunks/node_modules_next_dist_1e8vcs8._.js:776
[   55930ms] [LOG] [Fast Refresh] done in 47ms @ http://localhost:3000/_next/static/chunks/node_modules_next_dist_1e8vcs8._.js:776
[   55975ms] [LOG] [Fast Refresh] done in 47ms @ http://localhost:3000/_next/static/chunks/node_modules_next_dist_1e8vcs8._.js:776
[   56023ms] [LOG] [Fast Refresh] done in 47ms @ http://localhost:3000/_next/static/chunks/node_modules_next_dist_1e8vcs8._.js:776
[   56070ms] [LOG] [Fast Refresh] done in 47ms @ http://localhost:3000/_next/static/chunks/node_modules_next_dist_1e8vcs8._.js:776
[   56118ms] [LOG] [Fast Refresh] done in 47ms @ http://localhost:3000/_next/static/chunks/node_modules_next_dist_1e8vcs8._.js:776
[   56166ms] [LOG] [Fast Refresh] done in 47ms @ http://localhost:3000/_next/static/chunks/node_modules_next_dist_1e8vcs8._.js:776
[   56212ms] [LOG] [Fast Refresh] done in 47ms @ http://localhost:3000/_next/static/chunks/node_modules_next_dist_1e8vcs8._.js:776
[   56258ms] [LOG] [Fast Refresh] done in 47ms @ http://localhost:3000/_next/static/chunks/node_modules_next_dist_1e8vcs8._.js:776
[   56304ms] [LOG] [Fast Refresh] done in 47ms @ http://localhost:3000/_next/static/chunks/node_modules_next_dist_1e8vcs8._.js:776
[   56352ms] [LOG] [Fast Refresh] done in 47ms @ http://localhost:3000/_next/static/chunks/node_modules_next_dist_1e8vcs8._.js:776
[   56400ms] [LOG] [Fast Refresh] done in 47ms @ http://localhost:3000/_next/static/chunks/node_modules_next_dist_1e8vcs8._.js:776
[   56448ms] [LOG] [Fast Refresh] done in 47ms @ http://localhost:3000/_next/static/chunks/node_modules_next_dist_1e8vcs8._.js:776
[   56495ms] [LOG] [Fast Refresh] done in 47ms @ http://localhost:3000/_next/static/chunks/node_modules_next_dist_1e8vcs8._.js:776
[   56543ms] [LOG] [Fast Refresh] done in 47ms @ http://localhost:3000/_next/static/chunks/node_modules_next_dist_1e8vcs8._.js:776
[   56590ms] [LOG] [Fast Refresh] done in 47ms @ http://localhost:3000/_next/static/chunks/node_modules_next_dist_1e8vcs8._.js:776
[   56636ms] [LOG] [Fast Refresh] done in 47ms @ http://localhost:3000/_next/static/chunks/node_modules_next_dist_1e8vcs8._.js:776
[   56682ms] [LOG] [Fast Refresh] done in 47ms @ http://localhost:3000/_next/static/chunks/node_modules_next_dist_1e8vcs8._.js:776
[   56729ms] [LOG] [Fast Refresh] done in 47ms @ http://localhost:3000/_next/static/chunks/node_modules_next_dist_1e8vcs8._.js:776
[   56776ms] [LOG] [Fast Refresh] done in 47ms @ http://localhost:3000/_next/static/chunks/node_modules_next_dist_1e8vcs8._.js:776
[   56824ms] [LOG] [Fast Refresh] done in 47ms @ http://localhost:3000/_next/static/chunks/node_modules_next_dist_1e8vcs8._.js:776
[   56872ms] [LOG] [Fast Refresh] done in 47ms @ http://localhost:3000/_next/static/chunks/node_modules_next_dist_1e8vcs8._.js:776
[   56921ms] [LOG] [Fast Refresh] done in 47ms @ http://localhost:3000/_next/static/chunks/node_modules_next_dist_1e8vcs8._.js:776
[   56973ms] [LOG] [Fast Refresh] done in 47ms @ http://localhost:3000/_next/static/chunks/node_modules_next_dist_1e8vcs8._.js:776
[   57021ms] [LOG] [Fast Refresh] done in 47ms @ http://localhost:3000/_next/static/chunks/node_modules_next_dist_1e8vcs8._.js:776
[   57064ms] [LOG] [Fast Refresh] done in 47ms @ http://localhost:3000/_next/static/chunks/node_modules_next_dist_1e8vcs8._.js:776
[   57111ms] [LOG] [Fast Refresh] done in 47ms @ http://localhost:3000/_next/static/chunks/node_modules_next_dist_1e8vcs8._.js:776
[   57159ms] [LOG] [Fast Refresh] done in 47ms @ http://localhost:3000/_next/static/chunks/node_modules_next_dist_1e8vcs8._.js:776
[   57207ms] [LOG] [Fast Refresh] done in 47ms @ http://localhost:3000/_next/static/chunks/node_modules_next_dist_1e8vcs8._.js:776
[   57253ms] [LOG] [Fast Refresh] done in 47ms @ http://localhost:3000/_next/static/chunks/node_modules_next_dist_1e8vcs8._.js:776
[   57301ms] [LOG] [Fast Refresh] done in 47ms @ http://localhost:3000/_next/static/chunks/node_modules_next_dist_1e8vcs8._.js:776
[   57349ms] [LOG] [Fast Refresh] done in 47ms @ http://localhost:3000/_next/static/chunks/node_modules_next_dist_1e8vcs8._.js:776
[   57397ms] [LOG] [Fast Refresh] done in 47ms @ http://localhost:3000/_next/static/chunks/node_modules_next_dist_1e8vcs8._.js:776
[   57444ms] [LOG] [Fast Refresh] done in 47ms @ http://localhost:3000/_next/static/chunks/node_modules_next_dist_1e8vcs8._.js:776
[   57491ms] [LOG] [Fast Refresh] done in 47ms @ http://localhost:3000/_next/static/chunks/node_modules_next_dist_1e8vcs8._.js:776
[   57538ms] [LOG] [Fast Refresh] done in 47ms @ http://localhost:3000/_next/static/chunks/node_modules_next_dist_1e8vcs8._.js:776
[   57585ms] [LOG] [Fast Refresh] done in 47ms @ http://localhost:3000/_next/static/chunks/node_modules_next_dist_1e8vcs8._.js:776
[   57633ms] [LOG] [Fast Refresh] done in 47ms @ http://localhost:3000/_next/static/chunks/node_modules_next_dist_1e8vcs8._.js:776
[   57680ms] [LOG] [Fast Refresh] done in 47ms @ http://localhost:3000/_next/static/chunks/node_modules_next_dist_1e8vcs8._.js:776
[   57728ms] [LOG] [Fast Refresh] done in 47ms @ http://localhost:3000/_next/static/chunks/node_modules_next_dist_1e8vcs8._.js:776
[   57779ms] [LOG] [Fast Refresh] done in 47ms @ http://localhost:3000/_next/static/chunks/node_modules_next_dist_1e8vcs8._.js:776
[   57828ms] [LOG] [Fast Refresh] done in 47ms @ http://localhost:3000/_next/static/chunks/node_modules_next_dist_1e8vcs8._.js:776
[   57876ms] [LOG] [Fast Refresh] done in 47ms @ http://localhost:3000/_next/static/chunks/node_modules_next_dist_1e8vcs8._.js:776
[   57926ms] [LOG] [Fast Refresh] done in 47ms @ http://localhost:3000/_next/static/chunks/node_modules_next_dist_1e8vcs8._.js:776
[   57973ms] [LOG] [Fast Refresh] done in 47ms @ http://localhost:3000/_next/static/chunks/node_modules_next_dist_1e8vcs8._.js:776
[   58020ms] [LOG] [Fast Refresh] done in 47ms @ http://localhost:3000/_next/static/chunks/node_modules_next_dist_1e8vcs8._.js:776
[   58069ms] [LOG] [Fast Refresh] done in 47ms @ http://localhost:3000/_next/static/chunks/node_modules_next_dist_1e8vcs8._.js:776
[   58116ms] [LOG] [Fast Refresh] done in 47ms @ http://localhost:3000/_next/static/chunks/node_modules_next_dist_1e8vcs8._.js:776
[   58163ms] [LOG] [Fast Refresh] done in 47ms @ http://localhost:3000/_next/static/chunks/node_modules_next_dist_1e8vcs8._.js:776
[   58210ms] [LOG] [Fast Refresh] done in 47ms @ http://localhost:3000/_next/static/chunks/node_modules_next_dist_1e8vcs8._.js:776
[   58258ms] [LOG] [Fast Refresh] done in 47ms @ http://localhost:3000/_next/static/chunks/node_modules_next_dist_1e8vcs8._.js:776
[   58306ms] [LOG] [Fast Refresh] done in 47ms @ http://localhost:3000/_next/static/chunks/node_modules_next_dist_1e8vcs8._.js:776
[   58355ms] [LOG] [Fast Refresh] done in 47ms @ http://localhost:3000/_next/static/chunks/node_modules_next_dist_1e8vcs8._.js:776
[   58403ms] [LOG] [Fast Refresh] done in 47ms @ http://localhost:3000/_next/static/chunks/node_modules_next_dist_1e8vcs8._.js:776
[   58452ms] [LOG] [Fast Refresh] done in 47ms @ http://localhost:3000/_next/static/chunks/node_modules_next_dist_1e8vcs8._.js:776
[   58500ms] [LOG] [Fast Refresh] done in 47ms @ http://localhost:3000/_next/static/chunks/node_modules_next_dist_1e8vcs8._.js:776
[   58550ms] [LOG] [Fast Refresh] done in 47ms @ http://localhost:3000/_next/static/chunks/node_modules_next_dist_1e8vcs8._.js:776
[   58599ms] [LOG] [Fast Refresh] done in 47ms @ http://localhost:3000/_next/static/chunks/node_modules_next_dist_1e8vcs8._.js:776
[   58645ms] [LOG] [Fast Refresh] done in 47ms @ http://localhost:3000/_next/static/chunks/node_modules_next_dist_1e8vcs8._.js:776
[   58693ms] [LOG] [Fast Refresh] done in 47ms @ http://localhost:3000/_next/static/chunks/node_modules_next_dist_1e8vcs8._.js:776
[   58741ms] [LOG] [Fast Refresh] done in 47ms @ http://localhost:3000/_next/static/chunks/node_modules_next_dist_1e8vcs8._.js:776
[   58789ms] [LOG] [Fast Refresh] done in 47ms @ http://localhost:3000/_next/static/chunks/node_modules_next_dist_1e8vcs8._.js:776
[   58836ms] [LOG] [Fast Refresh] done in 47ms @ http://localhost:3000/_next/static/chunks/node_modules_next_dist_1e8vcs8._.js:776
[   58885ms] [LOG] [Fast Refresh] done in 47ms @ http://localhost:3000/_next/static/chunks/node_modules_next_dist_1e8vcs8._.js:776
[   58932ms] [LOG] [Fast Refresh] done in 47ms @ http://localhost:3000/_next/static/chunks/node_modules_next_dist_1e8vcs8._.js:776
[   58979ms] [LOG] [Fast Refresh] done in 47ms @ http://localhost:3000/_next/static/chunks/node_modules_next_dist_1e8vcs8._.js:776
[   59026ms] [LOG] [Fast Refresh] done in 47ms @ http://localhost:3000/_next/static/chunks/node_modules_next_dist_1e8vcs8._.js:776
[   59074ms] [LOG] [Fast Refresh] done in 47ms @ http://localhost:3000/_next/static/chunks/node_modules_next_dist_1e8vcs8._.js:776
[   59122ms] [LOG] [Fast Refresh] done in 47ms @ http://localhost:3000/_next/static/chunks/node_modules_next_dist_1e8vcs8._.js:776
[   59169ms] [LOG] [Fast Refresh] done in 47ms @ http://localhost:3000/_next/static/chunks/node_modules_next_dist_1e8vcs8._.js:776
[   59217ms] [LOG] [Fast Refresh] done in 47ms @ http://localhost:3000/_next/static/chunks/node_modules_next_dist_1e8vcs8._.js:776
[   59265ms] [LOG] [Fast Refresh] done in 47ms @ http://localhost:3000/_next/static/chunks/node_modules_next_dist_1e8vcs8._.js:776
[   59313ms] [LOG] [Fast Refresh] done in 47ms @ http://localhost:3000/_next/static/chunks/node_modules_next_dist_1e8vcs8._.js:776
[   59358ms] [LOG] [Fast Refresh] done in 47ms @ http://localhost:3000/_next/static/chunks/node_modules_next_dist_1e8vcs8._.js:776
[   59405ms] [LOG] [Fast Refresh] done in 47ms @ http://localhost:3000/_next/static/chunks/node_modules_next_dist_1e8vcs8._.js:776
[   59454ms] [LOG] [Fast Refresh] done in 47ms @ http://localhost:3000/_next/static/chunks/node_modules_next_dist_1e8vcs8._.js:776
[   59503ms] [LOG] [Fast Refresh] done in 47ms @ http://localhost:3000/_next/static/chunks/node_modules_next_dist_1e8vcs8._.js:776
[   59552ms] [LOG] [Fast Refresh] done in 47ms @ http://localhost:3000/_next/static/chunks/node_modules_next_dist_1e8vcs8._.js:776
[   59602ms] [LOG] [Fast Refresh] done in 47ms @ http://localhost:3000/_next/static/chunks/node_modules_next_dist_1e8vcs8._.js:776
[   59650ms] [LOG] [Fast Refresh] done in 47ms @ http://localhost:3000/_next/static/chunks/node_modules_next_dist_1e8vcs8._.js:776
[   59699ms] [LOG] [Fast Refresh] done in 47ms @ http://localhost:3000/_next/static/chunks/node_modules_next_dist_1e8vcs8._.js:776
[   59746ms] [LOG] [Fast Refresh] done in 47ms @ http://localhost:3000/_next/static/chunks/node_modules_next_dist_1e8vcs8._.js:776
[   59793ms] [LOG] [Fast Refresh] done in 47ms @ http://localhost:3000/_next/static/chunks/node_modules_next_dist_1e8vcs8._.js:776
[   59841ms] [LOG] [Fast Refresh] done in 47ms @ http://localhost:3000/_next/static/chunks/node_modules_next_dist_1e8vcs8._.js:776
[   59887ms] [LOG] [Fast Refresh] done in 47ms @ http://localhost:3000/_next/static/chunks/node_modules_next_dist_1e8vcs8._.js:776
[   59937ms] [LOG] [Fast Refresh] done in 47ms @ http://localhost:3000/_next/static/chunks/node_modules_next_dist_1e8vcs8._.js:776
[   59987ms] [LOG] [Fast Refresh] done in 47ms @ http://localhost:3000/_next/static/chunks/node_modules_next_dist_1e8vcs8._.js:776
[   60035ms] [LOG] [Fast Refresh] done in 47ms @ http://localhost:3000/_next/static/chunks/node_modules_next_dist_1e8vcs8._.js:776
[   60086ms] [LOG] [Fast Refresh] done in 47ms @ http://localhost:3000/_next/static/chunks/node_modules_next_dist_1e8vcs8._.js:776
[   60135ms] [LOG] [Fast Refresh] done in 47ms @ http://localhost:3000/_next/static/chunks/node_modules_next_dist_1e8vcs8._.js:776
[   60186ms] [LOG] [Fast Refresh] done in 47ms @ http://localhost:3000/_next/static/chunks/node_modules_next_dist_1e8vcs8._.js:776
[   60236ms] [LOG] [Fast Refresh] done in 47ms @ http://localhost:3000/_next/static/chunks/node_modules_next_dist_1e8vcs8._.js:776
[   60303ms] [LOG] [Fast Refresh] done in 47ms @ http://localhost:3000/_next/static/chunks/node_modules_next_dist_1e8vcs8._.js:776
[   60359ms] [LOG] [Fast Refresh] done in 47ms @ http://localhost:3000/_next/static/chunks/node_modules_next_dist_1e8vcs8._.js:776
[   60410ms] [LOG] [Fast Refresh] done in 47ms @ http://localhost:3000/_next/static/chunks/node_modules_next_dist_1e8vcs8._.js:776
[   60459ms] [LOG] [Fast Refresh] done in 47ms @ http://localhost:3000/_next/static/chunks/node_modules_next_dist_1e8vcs8._.js:776
[   60507ms] [LOG] [Fast Refresh] done in 47ms @ http://localhost:3000/_next/static/chunks/node_modules_next_dist_1e8vcs8._.js:776
[   60554ms] [LOG] [Fast Refresh] done in 47ms @ http://localhost:3000/_next/static/chunks/node_modules_next_dist_1e8vcs8._.js:776
[   60603ms] [LOG] [Fast Refresh] done in 47ms @ http://localhost:3000/_next/static/chunks/node_modules_next_dist_1e8vcs8._.js:776
[   60641ms] [LOG] [Fast Refresh] done in 47ms @ http://localhost:3000/_next/static/chunks/node_modules_next_dist_1e8vcs8._.js:776
[   60689ms] [LOG] [Fast Refresh] done in 47ms @ http://localhost:3000/_next/static/chunks/node_modules_next_dist_1e8vcs8._.js:776
[   60736ms] [LOG] [Fast Refresh] done in 47ms @ http://localhost:3000/_next/static/chunks/node_modules_next_dist_1e8vcs8._.js:776
[   60785ms] [LOG] [Fast Refresh] done in 47ms @ http://localhost:3000/_next/static/chunks/node_modules_next_dist_1e8vcs8._.js:776
[   60833ms] [LOG] [Fast Refresh] done in 47ms @ http://localhost:3000/_next/static/chunks/node_modules_next_dist_1e8vcs8._.js:776
[   60881ms] [LOG] [Fast Refresh] done in 47ms @ http://localhost:3000/_next/static/chunks/node_modules_next_dist_1e8vcs8._.js:776
[   60929ms] [LOG] [Fast Refresh] done in 47ms @ http://localhost:3000/_next/static/chunks/node_modules_next_dist_1e8vcs8._.js:776
[   60981ms] [LOG] [Fast Refresh] done in 47ms @ http://localhost:3000/_next/static/chunks/node_modules_next_dist_1e8vcs8._.js:776
[   61028ms] [LOG] [Fast Refresh] done in 47ms @ http://localhost:3000/_next/static/chunks/node_modules_next_dist_1e8vcs8._.js:776
[   61075ms] [LOG] [Fast Refresh] done in 47ms @ http://localhost:3000/_next/static/chunks/node_modules_next_dist_1e8vcs8._.js:776
[   61123ms] [LOG] [Fast Refresh] done in 47ms @ http://localhost:3000/_next/static/chunks/node_modules_next_dist_1e8vcs8._.js:776
[   61170ms] [LOG] [Fast Refresh] done in 47ms @ http://localhost:3000/_next/static/chunks/node_modules_next_dist_1e8vcs8._.js:776
[   61218ms] [LOG] [Fast Refresh] done in 47ms @ http://localhost:3000/_next/static/chunks/node_modules_next_dist_1e8vcs8._.js:776
[   61266ms] [LOG] [Fast Refresh] done in 47ms @ http://localhost:3000/_next/static/chunks/node_modules_next_dist_1e8vcs8._.js:776
[   61314ms] [LOG] [Fast Refresh] done in 47ms @ http://localhost:3000/_next/static/chunks/node_modules_next_dist_1e8vcs8._.js:776
[   61361ms] [LOG] [Fast Refresh] done in 47ms @ http://localhost:3000/_next/static/chunks/node_modules_next_dist_1e8vcs8._.js:776
[   61408ms] [LOG] [Fast Refresh] done in 47ms @ http://localhost:3000/_next/static/chunks/node_modules_next_dist_1e8vcs8._.js:776
[   61456ms] [LOG] [Fast Refresh] done in 47ms @ http://localhost:3000/_next/static/chunks/node_modules_next_dist_1e8vcs8._.js:776
[   61502ms] [LOG] [Fast Refresh] done in 47ms @ http://localhost:3000/_next/static/chunks/node_modules_next_dist_1e8vcs8._.js:776
[   61549ms] [LOG] [Fast Refresh] done in 47ms @ http://localhost:3000/_next/static/chunks/node_modules_next_dist_1e8vcs8._.js:776
[   61597ms] [LOG] [Fast Refresh] done in 47ms @ http://localhost:3000/_next/static/chunks/node_modules_next_dist_1e8vcs8._.js:776
[   61644ms] [LOG] [Fast Refresh] done in 47ms @ http://localhost:3000/_next/static/chunks/node_modules_next_dist_1e8vcs8._.js:776
[   61692ms] [LOG] [Fast Refresh] done in 47ms @ http://localhost:3000/_next/static/chunks/node_modules_next_dist_1e8vcs8._.js:776
[   61740ms] [LOG] [Fast Refresh] done in 47ms @ http://localhost:3000/_next/static/chunks/node_modules_next_dist_1e8vcs8._.js:776
[   61791ms] [LOG] [Fast Refresh] done in 47ms @ http://localhost:3000/_next/static/chunks/node_modules_next_dist_1e8vcs8._.js:776
[   61844ms] [LOG] [Fast Refresh] done in 47ms @ http://localhost:3000/_next/static/chunks/node_modules_next_dist_1e8vcs8._.js:776
[   61891ms] [LOG] [Fast Refresh] done in 47ms @ http://localhost:3000/_next/static/chunks/node_modules_next_dist_1e8vcs8._.js:776
[   61939ms] [LOG] [Fast Refresh] done in 47ms @ http://localhost:3000/_next/static/chunks/node_modules_next_dist_1e8vcs8._.js:776
[   61985ms] [LOG] [Fast Refresh] done in 47ms @ http://localhost:3000/_next/static/chunks/node_modules_next_dist_1e8vcs8._.js:776
[   62032ms] [LOG] [Fast Refresh] done in 47ms @ http://localhost:3000/_next/static/chunks/node_modules_next_dist_1e8vcs8._.js:776
[   62080ms] [LOG] [Fast Refresh] done in 47ms @ http://localhost:3000/_next/static/chunks/node_modules_next_dist_1e8vcs8._.js:776
[   62127ms] [LOG] [Fast Refresh] done in 47ms @ http://localhost:3000/_next/static/chunks/node_modules_next_dist_1e8vcs8._.js:776
[   62175ms] [LOG] [Fast Refresh] done in 47ms @ http://localhost:3000/_next/static/chunks/node_modules_next_dist_1e8vcs8._.js:776
[   62222ms] [LOG] [Fast Refresh] done in 47ms @ http://localhost:3000/_next/static/chunks/node_modules_next_dist_1e8vcs8._.js:776
[   62270ms] [LOG] [Fast Refresh] done in 47ms @ http://localhost:3000/_next/static/chunks/node_modules_next_dist_1e8vcs8._.js:776
[   62316ms] [LOG] [Fast Refresh] done in 47ms @ http://localhost:3000/_next/static/chunks/node_modules_next_dist_1e8vcs8._.js:776
[   62364ms] [LOG] [Fast Refresh] done in 47ms @ http://localhost:3000/_next/static/chunks/node_modules_next_dist_1e8vcs8._.js:776
[   62412ms] [LOG] [Fast Refresh] done in 47ms @ http://localhost:3000/_next/static/chunks/node_modules_next_dist_1e8vcs8._.js:776
[   62460ms] [LOG] [Fast Refresh] done in 47ms @ http://localhost:3000/_next/static/chunks/node_modules_next_dist_1e8vcs8._.js:776
[   62507ms] [LOG] [Fast Refresh] done in 47ms @ http://localhost:3000/_next/static/chunks/node_modules_next_dist_1e8vcs8._.js:776
[   62554ms] [LOG] [Fast Refresh] done in 47ms @ http://localhost:3000/_next/static/chunks/node_modules_next_dist_1e8vcs8._.js:776
[   62602ms] [LOG] [Fast Refresh] done in 47ms @ http://localhost:3000/_next/static/chunks/node_modules_next_dist_1e8vcs8._.js:776
[   62652ms] [LOG] [Fast Refresh] done in 47ms @ http://localhost:3000/_next/static/chunks/node_modules_next_dist_1e8vcs8._.js:776
[   62699ms] [LOG] [Fast Refresh] done in 47ms @ http://localhost:3000/_next/static/chunks/node_modules_next_dist_1e8vcs8._.js:776
[   62746ms] [LOG] [Fast Refresh] done in 47ms @ http://localhost:3000/_next/static/chunks/node_modules_next_dist_1e8vcs8._.js:776
[   62793ms] [LOG] [Fast Refresh] done in 47ms @ http://localhost:3000/_next/static/chunks/node_modules_next_dist_1e8vcs8._.js:776
[   62839ms] [LOG] [Fast Refresh] done in 47ms @ http://localhost:3000/_next/static/chunks/node_modules_next_dist_1e8vcs8._.js:776
[   62886ms] [LOG] [Fast Refresh] done in 47ms @ http://localhost:3000/_next/static/chunks/node_modules_next_dist_1e8vcs8._.js:776
[   62934ms] [LOG] [Fast Refresh] done in 47ms @ http://localhost:3000/_next/static/chunks/node_modules_next_dist_1e8vcs8._.js:776
[   62981ms] [LOG] [Fast Refresh] done in 47ms @ http://localhost:3000/_next/static/chunks/node_modules_next_dist_1e8vcs8._.js:776
[   63027ms] [LOG] [Fast Refresh] done in 47ms @ http://localhost:3000/_next/static/chunks/node_modules_next_dist_1e8vcs8._.js:776
[   63073ms] [LOG] [Fast Refresh] done in 47ms @ http://localhost:3000/_next/static/chunks/node_modules_next_dist_1e8vcs8._.js:776
[   63119ms] [LOG] [Fast Refresh] done in 47ms @ http://localhost:3000/_next/static/chunks/node_modules_next_dist_1e8vcs8._.js:776
[   63168ms] [LOG] [Fast Refresh] done in 47ms @ http://localhost:3000/_next/static/chunks/node_modules_next_dist_1e8vcs8._.js:776
[   63214ms] [LOG] [Fast Refresh] done in 47ms @ http://localhost:3000/_next/static/chunks/node_modules_next_dist_1e8vcs8._.js:776
[   63261ms] [LOG] [Fast Refresh] done in 47ms @ http://localhost:3000/_next/static/chunks/node_modules_next_dist_1e8vcs8._.js:776
[   63307ms] [LOG] [Fast Refresh] done in 47ms @ http://localhost:3000/_next/static/chunks/node_modules_next_dist_1e8vcs8._.js:776
[   63354ms] [LOG] [Fast Refresh] done in 47ms @ http://localhost:3000/_next/static/chunks/node_modules_next_dist_1e8vcs8._.js:776
[   63402ms] [LOG] [Fast Refresh] done in 47ms @ http://localhost:3000/_next/static/chunks/node_modules_next_dist_1e8vcs8._.js:776
[   63449ms] [LOG] [Fast Refresh] done in 47ms @ http://localhost:3000/_next/static/chunks/node_modules_next_dist_1e8vcs8._.js:776
[   63497ms] [LOG] [Fast Refresh] done in 47ms @ http://localhost:3000/_next/static/chunks/node_modules_next_dist_1e8vcs8._.js:776
[   63544ms] [LOG] [Fast Refresh] done in 47ms @ http://localhost:3000/_next/static/chunks/node_modules_next_dist_1e8vcs8._.js:776
[   63590ms] [LOG] [Fast Refresh] done in 47ms @ http://localhost:3000/_next/static/chunks/node_modules_next_dist_1e8vcs8._.js:776
[   63638ms] [LOG] [Fast Refresh] done in 47ms @ http://localhost:3000/_next/static/chunks/node_modules_next_dist_1e8vcs8._.js:776
[   63685ms] [LOG] [Fast Refresh] done in 47ms @ http://localhost:3000/_next/static/chunks/node_modules_next_dist_1e8vcs8._.js:776
[   63733ms] [LOG] [Fast Refresh] done in 47ms @ http://localhost:3000/_next/static/chunks/node_modules_next_dist_1e8vcs8._.js:776
[   63779ms] [LOG] [Fast Refresh] done in 47ms @ http://localhost:3000/_next/static/chunks/node_modules_next_dist_1e8vcs8._.js:776
[   63826ms] [LOG] [Fast Refresh] done in 47ms @ http://localhost:3000/_next/static/chunks/node_modules_next_dist_1e8vcs8._.js:776
[   63874ms] [LOG] [Fast Refresh] done in 47ms @ http://localhost:3000/_next/static/chunks/node_modules_next_dist_1e8vcs8._.js:776
[   63921ms] [LOG] [Fast Refresh] done in 47ms @ http://localhost:3000/_next/static/chunks/node_modules_next_dist_1e8vcs8._.js:776
[   63968ms] [LOG] [Fast Refresh] done in 47ms @ http://localhost:3000/_next/static/chunks/node_modules_next_dist_1e8vcs8._.js:776
[   64016ms] [LOG] [Fast Refresh] done in 47ms @ http://localhost:3000/_next/static/chunks/node_modules_next_dist_1e8vcs8._.js:776
[   64063ms] [LOG] [Fast Refresh] done in 47ms @ http://localhost:3000/_next/static/chunks/node_modules_next_dist_1e8vcs8._.js:776
[   64111ms] [LOG] [Fast Refresh] done in 47ms @ http://localhost:3000/_next/static/chunks/node_modules_next_dist_1e8vcs8._.js:776
[   64158ms] [LOG] [Fast Refresh] done in 47ms @ http://localhost:3000/_next/static/chunks/node_modules_next_dist_1e8vcs8._.js:776
[   64205ms] [LOG] [Fast Refresh] done in 47ms @ http://localhost:3000/_next/static/chunks/node_modules_next_dist_1e8vcs8._.js:776
[   64252ms] [LOG] [Fast Refresh] done in 47ms @ http://localhost:3000/_next/static/chunks/node_modules_next_dist_1e8vcs8._.js:776
[   64301ms] [LOG] [Fast Refresh] done in 47ms @ http://localhost:3000/_next/static/chunks/node_modules_next_dist_1e8vcs8._.js:776
[   64349ms] [LOG] [Fast Refresh] done in 47ms @ http://localhost:3000/_next/static/chunks/node_modules_next_dist_1e8vcs8._.js:776
[   64397ms] [LOG] [Fast Refresh] done in 47ms @ http://localhost:3000/_next/static/chunks/node_modules_next_dist_1e8vcs8._.js:776
[   64443ms] [LOG] [Fast Refresh] done in 47ms @ http://localhost:3000/_next/static/chunks/node_modules_next_dist_1e8vcs8._.js:776
[   64490ms] [LOG] [Fast Refresh] done in 47ms @ http://localhost:3000/_next/static/chunks/node_modules_next_dist_1e8vcs8._.js:776
[   64537ms] [LOG] [Fast Refresh] done in 47ms @ http://localhost:3000/_next/static/chunks/node_modules_next_dist_1e8vcs8._.js:776
[   64585ms] [LOG] [Fast Refresh] done in 47ms @ http://localhost:3000/_next/static/chunks/node_modules_next_dist_1e8vcs8._.js:776
[   64633ms] [LOG] [Fast Refresh] done in 47ms @ http://localhost:3000/_next/static/chunks/node_modules_next_dist_1e8vcs8._.js:776
[   64680ms] [LOG] [Fast Refresh] done in 47ms @ http://localhost:3000/_next/static/chunks/node_modules_next_dist_1e8vcs8._.js:776
[   64727ms] [LOG] [Fast Refresh] done in 47ms @ http://localhost:3000/_next/static/chunks/node_modules_next_dist_1e8vcs8._.js:776
[   64775ms] [LOG] [Fast Refresh] done in 47ms @ http://localhost:3000/_next/static/chunks/node_modules_next_dist_1e8vcs8._.js:776
[   64822ms] [LOG] [Fast Refresh] done in 47ms @ http://localhost:3000/_next/static/chunks/node_modules_next_dist_1e8vcs8._.js:776
[   64868ms] [LOG] [Fast Refresh] done in 47ms @ http://localhost:3000/_next/static/chunks/node_modules_next_dist_1e8vcs8._.js:776
[   64915ms] [LOG] [Fast Refresh] done in 47ms @ http://localhost:3000/_next/static/chunks/node_modules_next_dist_1e8vcs8._.js:776
[   64962ms] [LOG] [Fast Refresh] done in 47ms @ http://localhost:3000/_next/static/chunks/node_modules_next_dist_1e8vcs8._.js:776
[   65010ms] [LOG] [Fast Refresh] done in 47ms @ http://localhost:3000/_next/static/chunks/node_modules_next_dist_1e8vcs8._.js:776
[   65057ms] [LOG] [Fast Refresh] done in 47ms @ http://localhost:3000/_next/static/chunks/node_modules_next_dist_1e8vcs8._.js:776
[   65104ms] [LOG] [Fast Refresh] done in 47ms @ http://localhost:3000/_next/static/chunks/node_modules_next_dist_1e8vcs8._.js:776
[   65152ms] [LOG] [Fast Refresh] done in 47ms @ http://localhost:3000/_next/static/chunks/node_modules_next_dist_1e8vcs8._.js:776
[   65198ms] [LOG] [Fast Refresh] done in 47ms @ http://localhost:3000/_next/static/chunks/node_modules_next_dist_1e8vcs8._.js:776
[   65246ms] [LOG] [Fast Refresh] done in 47ms @ http://localhost:3000/_next/static/chunks/node_modules_next_dist_1e8vcs8._.js:776
[   65293ms] [LOG] [Fast Refresh] done in 47ms @ http://localhost:3000/_next/static/chunks/node_modules_next_dist_1e8vcs8._.js:776
[   65340ms] [LOG] [Fast Refresh] done in 47ms @ http://localhost:3000/_next/static/chunks/node_modules_next_dist_1e8vcs8._.js:776
[   65386ms] [LOG] [Fast Refresh] done in 47ms @ http://localhost:3000/_next/static/chunks/node_modules_next_dist_1e8vcs8._.js:776
[   65433ms] [LOG] [Fast Refresh] done in 47ms @ http://localhost:3000/_next/static/chunks/node_modules_next_dist_1e8vcs8._.js:776
[   65481ms] [LOG] [Fast Refresh] done in 47ms @ http://localhost:3000/_next/static/chunks/node_modules_next_dist_1e8vcs8._.js:776
[   65528ms] [LOG] [Fast Refresh] done in 47ms @ http://localhost:3000/_next/static/chunks/node_modules_next_dist_1e8vcs8._.js:776
[   65575ms] [LOG] [Fast Refresh] done in 47ms @ http://localhost:3000/_next/static/chunks/node_modules_next_dist_1e8vcs8._.js:776
[   65622ms] [LOG] [Fast Refresh] done in 47ms @ http://localhost:3000/_next/static/chunks/node_modules_next_dist_1e8vcs8._.js:776
[   65668ms] [LOG] [Fast Refresh] done in 47ms @ http://localhost:3000/_next/static/chunks/node_modules_next_dist_1e8vcs8._.js:776
[   65715ms] [LOG] [Fast Refresh] done in 47ms @ http://localhost:3000/_next/static/chunks/node_modules_next_dist_1e8vcs8._.js:776
[   65762ms] [LOG] [Fast Refresh] done in 47ms @ http://localhost:3000/_next/static/chunks/node_modules_next_dist_1e8vcs8._.js:776
[   65809ms] [LOG] [Fast Refresh] done in 47ms @ http://localhost:3000/_next/static/chunks/node_modules_next_dist_1e8vcs8._.js:776
[   65857ms] [LOG] [Fast Refresh] done in 47ms @ http://localhost:3000/_next/static/chunks/node_modules_next_dist_1e8vcs8._.js:776
[   65904ms] [LOG] [Fast Refresh] done in 47ms @ http://localhost:3000/_next/static/chunks/node_modules_next_dist_1e8vcs8._.js:776
[   65951ms] [LOG] [Fast Refresh] done in 47ms @ http://localhost:3000/_next/static/chunks/node_modules_next_dist_1e8vcs8._.js:776
[   65999ms] [LOG] [Fast Refresh] done in 47ms @ http://localhost:3000/_next/static/chunks/node_modules_next_dist_1e8vcs8._.js:776
[   66055ms] [LOG] [Fast Refresh] done in 47ms @ http://localhost:3000/_next/static/chunks/node_modules_next_dist_1e8vcs8._.js:776
[   66103ms] [LOG] [Fast Refresh] done in 47ms @ http://localhost:3000/_next/static/chunks/node_modules_next_dist_1e8vcs8._.js:776
[   66150ms] [LOG] [Fast Refresh] done in 47ms @ http://localhost:3000/_next/static/chunks/node_modules_next_dist_1e8vcs8._.js:776
[   66197ms] [LOG] [Fast Refresh] done in 47ms @ http://localhost:3000/_next/static/chunks/node_modules_next_dist_1e8vcs8._.js:776
[   66244ms] [LOG] [Fast Refresh] done in 47ms @ http://localhost:3000/_next/static/chunks/node_modules_next_dist_1e8vcs8._.js:776
[   66291ms] [LOG] [Fast Refresh] done in 47ms @ http://localhost:3000/_next/static/chunks/node_modules_next_dist_1e8vcs8._.js:776
[   66338ms] [LOG] [Fast Refresh] done in 47ms @ http://localhost:3000/_next/static/chunks/node_modules_next_dist_1e8vcs8._.js:776
[   66385ms] [LOG] [Fast Refresh] done in 47ms @ http://localhost:3000/_next/static/chunks/node_modules_next_dist_1e8vcs8._.js:776
[   66432ms] [LOG] [Fast Refresh] done in 47ms @ http://localhost:3000/_next/static/chunks/node_modules_next_dist_1e8vcs8._.js:776
[   66479ms] [LOG] [Fast Refresh] done in 47ms @ http://localhost:3000/_next/static/chunks/node_modules_next_dist_1e8vcs8._.js:776
[   66526ms] [LOG] [Fast Refresh] done in 47ms @ http://localhost:3000/_next/static/chunks/node_modules_next_dist_1e8vcs8._.js:776
[   66573ms] [LOG] [Fast Refresh] done in 47ms @ http://localhost:3000/_next/static/chunks/node_modules_next_dist_1e8vcs8._.js:776
[   66620ms] [LOG] [Fast Refresh] done in 47ms @ http://localhost:3000/_next/static/chunks/node_modules_next_dist_1e8vcs8._.js:776
[   66668ms] [LOG] [Fast Refresh] done in 47ms @ http://localhost:3000/_next/static/chunks/node_modules_next_dist_1e8vcs8._.js:776
[   66715ms] [LOG] [Fast Refresh] done in 47ms @ http://localhost:3000/_next/static/chunks/node_modules_next_dist_1e8vcs8._.js:776
[   66763ms] [LOG] [Fast Refresh] done in 47ms @ http://localhost:3000/_next/static/chunks/node_modules_next_dist_1e8vcs8._.js:776
[   66809ms] [LOG] [Fast Refresh] done in 47ms @ http://localhost:3000/_next/static/chunks/node_modules_next_dist_1e8vcs8._.js:776
[   66857ms] [LOG] [Fast Refresh] done in 47ms @ http://localhost:3000/_next/static/chunks/node_modules_next_dist_1e8vcs8._.js:776
[   66904ms] [LOG] [Fast Refresh] done in 47ms @ http://localhost:3000/_next/static/chunks/node_modules_next_dist_1e8vcs8._.js:776
[   66951ms] [LOG] [Fast Refresh] done in 47ms @ http://localhost:3000/_next/static/chunks/node_modules_next_dist_1e8vcs8._.js:776
[   66999ms] [LOG] [Fast Refresh] done in 47ms @ http://localhost:3000/_next/static/chunks/node_modules_next_dist_1e8vcs8._.js:776
[   67046ms] [LOG] [Fast Refresh] done in 47ms @ http://localhost:3000/_next/static/chunks/node_modules_next_dist_1e8vcs8._.js:776
[   67093ms] [LOG] [Fast Refresh] done in 47ms @ http://localhost:3000/_next/static/chunks/node_modules_next_dist_1e8vcs8._.js:776
[   67144ms] [LOG] [Fast Refresh] done in 47ms @ http://localhost:3000/_next/static/chunks/node_modules_next_dist_1e8vcs8._.js:776
[   67192ms] [LOG] [Fast Refresh] done in 47ms @ http://localhost:3000/_next/static/chunks/node_modules_next_dist_1e8vcs8._.js:776
[   67238ms] [LOG] [Fast Refresh] done in 47ms @ http://localhost:3000/_next/static/chunks/node_modules_next_dist_1e8vcs8._.js:776
[   67285ms] [LOG] [Fast Refresh] done in 47ms @ http://localhost:3000/_next/static/chunks/node_modules_next_dist_1e8vcs8._.js:776
[   67332ms] [LOG] [Fast Refresh] done in 47ms @ http://localhost:3000/_next/static/chunks/node_modules_next_dist_1e8vcs8._.js:776
[   67379ms] [LOG] [Fast Refresh] done in 47ms @ http://localhost:3000/_next/static/chunks/node_modules_next_dist_1e8vcs8._.js:776
[   67426ms] [LOG] [Fast Refresh] done in 47ms @ http://localhost:3000/_next/static/chunks/node_modules_next_dist_1e8vcs8._.js:776
[   67473ms] [LOG] [Fast Refresh] done in 47ms @ http://localhost:3000/_next/static/chunks/node_modules_next_dist_1e8vcs8._.js:776
[   67520ms] [LOG] [Fast Refresh] done in 47ms @ http://localhost:3000/_next/static/chunks/node_modules_next_dist_1e8vcs8._.js:776
[   67567ms] [LOG] [Fast Refresh] done in 47ms @ http://localhost:3000/_next/static/chunks/node_modules_next_dist_1e8vcs8._.js:776
[   67615ms] [LOG] [Fast Refresh] done in 47ms @ http://localhost:3000/_next/static/chunks/node_modules_next_dist_1e8vcs8._.js:776
[   67663ms] [LOG] [Fast Refresh] done in 47ms @ http://localhost:3000/_next/static/chunks/node_modules_next_dist_1e8vcs8._.js:776
[   67709ms] [LOG] [Fast Refresh] done in 47ms @ http://localhost:3000/_next/static/chunks/node_modules_next_dist_1e8vcs8._.js:776
[   67757ms] [LOG] [Fast Refresh] done in 47ms @ http://localhost:3000/_next/static/chunks/node_modules_next_dist_1e8vcs8._.js:776
[   67804ms] [LOG] [Fast Refresh] done in 47ms @ http://localhost:3000/_next/static/chunks/node_modules_next_dist_1e8vcs8._.js:776
[   67852ms] [LOG] [Fast Refresh] done in 47ms @ http://localhost:3000/_next/static/chunks/node_modules_next_dist_1e8vcs8._.js:776
[   67900ms] [LOG] [Fast Refresh] done in 47ms @ http://localhost:3000/_next/static/chunks/node_modules_next_dist_1e8vcs8._.js:776
[   67948ms] [LOG] [Fast Refresh] done in 47ms @ http://localhost:3000/_next/static/chunks/node_modules_next_dist_1e8vcs8._.js:776
[   67995ms] [LOG] [Fast Refresh] done in 47ms @ http://localhost:3000/_next/static/chunks/node_modules_next_dist_1e8vcs8._.js:776
[   68042ms] [LOG] [Fast Refresh] done in 47ms @ http://localhost:3000/_next/static/chunks/node_modules_next_dist_1e8vcs8._.js:776
[   68088ms] [LOG] [Fast Refresh] done in 47ms @ http://localhost:3000/_next/static/chunks/node_modules_next_dist_1e8vcs8._.js:776
[   68135ms] [LOG] [Fast Refresh] done in 47ms @ http://localhost:3000/_next/static/chunks/node_modules_next_dist_1e8vcs8._.js:776
[   68182ms] [LOG] [Fast Refresh] done in 47ms @ http://localhost:3000/_next/static/chunks/node_modules_next_dist_1e8vcs8._.js:776
[   68230ms] [LOG] [Fast Refresh] done in 47ms @ http://localhost:3000/_next/static/chunks/node_modules_next_dist_1e8vcs8._.js:776
[   68277ms] [LOG] [Fast Refresh] done in 47ms @ http://localhost:3000/_next/static/chunks/node_modules_next_dist_1e8vcs8._.js:776
[   68324ms] [LOG] [Fast Refresh] done in 47ms @ http://localhost:3000/_next/static/chunks/node_modules_next_dist_1e8vcs8._.js:776
[   68369ms] [LOG] [Fast Refresh] done in 47ms @ http://localhost:3000/_next/static/chunks/node_modules_next_dist_1e8vcs8._.js:776
[   68416ms] [LOG] [Fast Refresh] done in 47ms @ http://localhost:3000/_next/static/chunks/node_modules_next_dist_1e8vcs8._.js:776
[   68464ms] [LOG] [Fast Refresh] done in 47ms @ http://localhost:3000/_next/static/chunks/node_modules_next_dist_1e8vcs8._.js:776
[   68510ms] [LOG] [Fast Refresh] done in 47ms @ http://localhost:3000/_next/static/chunks/node_modules_next_dist_1e8vcs8._.js:776
[   68557ms] [LOG] [Fast Refresh] done in 47ms @ http://localhost:3000/_next/static/chunks/node_modules_next_dist_1e8vcs8._.js:776
[   68605ms] [LOG] [Fast Refresh] done in 47ms @ http://localhost:3000/_next/static/chunks/node_modules_next_dist_1e8vcs8._.js:776
[   68651ms] [LOG] [Fast Refresh] done in 47ms @ http://localhost:3000/_next/static/chunks/node_modules_next_dist_1e8vcs8._.js:776
[   68699ms] [LOG] [Fast Refresh] done in 47ms @ http://localhost:3000/_next/static/chunks/node_modules_next_dist_1e8vcs8._.js:776
[   68746ms] [LOG] [Fast Refresh] done in 47ms @ http://localhost:3000/_next/static/chunks/node_modules_next_dist_1e8vcs8._.js:776
[   68793ms] [LOG] [Fast Refresh] done in 47ms @ http://localhost:3000/_next/static/chunks/node_modules_next_dist_1e8vcs8._.js:776
[   68840ms] [LOG] [Fast Refresh] done in 47ms @ http://localhost:3000/_next/static/chunks/node_modules_next_dist_1e8vcs8._.js:776
[   68888ms] [LOG] [Fast Refresh] done in 47ms @ http://localhost:3000/_next/static/chunks/node_modules_next_dist_1e8vcs8._.js:776
[   68935ms] [LOG] [Fast Refresh] done in 47ms @ http://localhost:3000/_next/static/chunks/node_modules_next_dist_1e8vcs8._.js:776
[   68982ms] [LOG] [Fast Refresh] done in 47ms @ http://localhost:3000/_next/static/chunks/node_modules_next_dist_1e8vcs8._.js:776
[   69029ms] [LOG] [Fast Refresh] done in 47ms @ http://localhost:3000/_next/static/chunks/node_modules_next_dist_1e8vcs8._.js:776
[   69076ms] [LOG] [Fast Refresh] done in 47ms @ http://localhost:3000/_next/static/chunks/node_modules_next_dist_1e8vcs8._.js:776
[   69123ms] [LOG] [Fast Refresh] done in 47ms @ http://localhost:3000/_next/static/chunks/node_modules_next_dist_1e8vcs8._.js:776
[   69170ms] [LOG] [Fast Refresh] done in 47ms @ http://localhost:3000/_next/static/chunks/node_modules_next_dist_1e8vcs8._.js:776
[   69217ms] [LOG] [Fast Refresh] done in 47ms @ http://localhost:3000/_next/static/chunks/node_modules_next_dist_1e8vcs8._.js:776
[   69264ms] [LOG] [Fast Refresh] done in 47ms @ http://localhost:3000/_next/static/chunks/node_modules_next_dist_1e8vcs8._.js:776
[   69311ms] [LOG] [Fast Refresh] done in 47ms @ http://localhost:3000/_next/static/chunks/node_modules_next_dist_1e8vcs8._.js:776
[   69357ms] [LOG] [Fast Refresh] done in 47ms @ http://localhost:3000/_next/static/chunks/node_modules_next_dist_1e8vcs8._.js:776
[   69405ms] [LOG] [Fast Refresh] done in 47ms @ http://localhost:3000/_next/static/chunks/node_modules_next_dist_1e8vcs8._.js:776
[   69451ms] [LOG] [Fast Refresh] done in 47ms @ http://localhost:3000/_next/static/chunks/node_modules_next_dist_1e8vcs8._.js:776
[   69499ms] [LOG] [Fast Refresh] done in 47ms @ http://localhost:3000/_next/static/chunks/node_modules_next_dist_1e8vcs8._.js:776
[   69546ms] [LOG] [Fast Refresh] done in 47ms @ http://localhost:3000/_next/static/chunks/node_modules_next_dist_1e8vcs8._.js:776
[   69593ms] [LOG] [Fast Refresh] done in 47ms @ http://localhost:3000/_next/static/chunks/node_modules_next_dist_1e8vcs8._.js:776
[   69640ms] [LOG] [Fast Refresh] done in 47ms @ http://localhost:3000/_next/static/chunks/node_modules_next_dist_1e8vcs8._.js:776
[   69687ms] [LOG] [Fast Refresh] done in 47ms @ http://localhost:3000/_next/static/chunks/node_modules_next_dist_1e8vcs8._.js:776
[   69734ms] [LOG] [Fast Refresh] done in 47ms @ http://localhost:3000/_next/static/chunks/node_modules_next_dist_1e8vcs8._.js:776
[   69783ms] [LOG] [Fast Refresh] done in 47ms @ http://localhost:3000/_next/static/chunks/node_modules_next_dist_1e8vcs8._.js:776
[   69830ms] [LOG] [Fast Refresh] done in 47ms @ http://localhost:3000/_next/static/chunks/node_modules_next_dist_1e8vcs8._.js:776
[   69877ms] [LOG] [Fast Refresh] done in 47ms @ http://localhost:3000/_next/static/chunks/node_modules_next_dist_1e8vcs8._.js:776
[   69923ms] [LOG] [Fast Refresh] done in 47ms @ http://localhost:3000/_next/static/chunks/node_modules_next_dist_1e8vcs8._.js:776
[   69971ms] [LOG] [Fast Refresh] done in 47ms @ http://localhost:3000/_next/static/chunks/node_modules_next_dist_1e8vcs8._.js:776
[   70018ms] [LOG] [Fast Refresh] done in 47ms @ http://localhost:3000/_next/static/chunks/node_modules_next_dist_1e8vcs8._.js:776
[   70065ms] [LOG] [Fast Refresh] done in 47ms @ http://localhost:3000/_next/static/chunks/node_modules_next_dist_1e8vcs8._.js:776
[   70112ms] [LOG] [Fast Refresh] done in 47ms @ http://localhost:3000/_next/static/chunks/node_modules_next_dist_1e8vcs8._.js:776
[   70159ms] [LOG] [Fast Refresh] done in 47ms @ http://localhost:3000/_next/static/chunks/node_modules_next_dist_1e8vcs8._.js:776
[   70205ms] [LOG] [Fast Refresh] done in 47ms @ http://localhost:3000/_next/static/chunks/node_modules_next_dist_1e8vcs8._.js:776
[   70252ms] [LOG] [Fast Refresh] done in 47ms @ http://localhost:3000/_next/static/chunks/node_modules_next_dist_1e8vcs8._.js:776
[   70299ms] [LOG] [Fast Refresh] done in 47ms @ http://localhost:3000/_next/static/chunks/node_modules_next_dist_1e8vcs8._.js:776
[   70348ms] [LOG] [Fast Refresh] done in 47ms @ http://localhost:3000/_next/static/chunks/node_modules_next_dist_1e8vcs8._.js:776
[   70396ms] [LOG] [Fast Refresh] done in 47ms @ http://localhost:3000/_next/static/chunks/node_modules_next_dist_1e8vcs8._.js:776
[   70441ms] [LOG] [Fast Refresh] done in 47ms @ http://localhost:3000/_next/static/chunks/node_modules_next_dist_1e8vcs8._.js:776
[   70489ms] [LOG] [Fast Refresh] done in 47ms @ http://localhost:3000/_next/static/chunks/node_modules_next_dist_1e8vcs8._.js:776
[   70534ms] [LOG] [Fast Refresh] done in 47ms @ http://localhost:3000/_next/static/chunks/node_modules_next_dist_1e8vcs8._.js:776
[   70582ms] [LOG] [Fast Refresh] done in 47ms @ http://localhost:3000/_next/static/chunks/node_modules_next_dist_1e8vcs8._.js:776
[   70629ms] [LOG] [Fast Refresh] done in 47ms @ http://localhost:3000/_next/static/chunks/node_modules_next_dist_1e8vcs8._.js:776
[   70675ms] [LOG] [Fast Refresh] done in 47ms @ http://localhost:3000/_next/static/chunks/node_modules_next_dist_1e8vcs8._.js:776
[   70723ms] [LOG] [Fast Refresh] done in 47ms @ http://localhost:3000/_next/static/chunks/node_modules_next_dist_1e8vcs8._.js:776
[   70771ms] [LOG] [Fast Refresh] done in 47ms @ http://localhost:3000/_next/static/chunks/node_modules_next_dist_1e8vcs8._.js:776
[   70818ms] [LOG] [Fast Refresh] done in 47ms @ http://localhost:3000/_next/static/chunks/node_modules_next_dist_1e8vcs8._.js:776
[   70871ms] [LOG] [Fast Refresh] done in 47ms @ http://localhost:3000/_next/static/chunks/node_modules_next_dist_1e8vcs8._.js:776
[   70919ms] [LOG] [Fast Refresh] done in 47ms @ http://localhost:3000/_next/static/chunks/node_modules_next_dist_1e8vcs8._.js:776
[   70965ms] [LOG] [Fast Refresh] done in 47ms @ http://localhost:3000/_next/static/chunks/node_modules_next_dist_1e8vcs8._.js:776
[   71011ms] [LOG] [Fast Refresh] done in 47ms @ http://localhost:3000/_next/static/chunks/node_modules_next_dist_1e8vcs8._.js:776
[   71059ms] [LOG] [Fast Refresh] done in 47ms @ http://localhost:3000/_next/static/chunks/node_modules_next_dist_1e8vcs8._.js:776
[   71106ms] [LOG] [Fast Refresh] done in 47ms @ http://localhost:3000/_next/static/chunks/node_modules_next_dist_1e8vcs8._.js:776
[   71154ms] [LOG] [Fast Refresh] done in 47ms @ http://localhost:3000/_next/static/chunks/node_modules_next_dist_1e8vcs8._.js:776
[   71201ms] [LOG] [Fast Refresh] done in 47ms @ http://localhost:3000/_next/static/chunks/node_modules_next_dist_1e8vcs8._.js:776
[   71248ms] [LOG] [Fast Refresh] done in 47ms @ http://localhost:3000/_next/static/chunks/node_modules_next_dist_1e8vcs8._.js:776
[   71295ms] [LOG] [Fast Refresh] done in 47ms @ http://localhost:3000/_next/static/chunks/node_modules_next_dist_1e8vcs8._.js:776
[   71342ms] [LOG] [Fast Refresh] done in 47ms @ http://localhost:3000/_next/static/chunks/node_modules_next_dist_1e8vcs8._.js:776
[   71390ms] [LOG] [Fast Refresh] done in 47ms @ http://localhost:3000/_next/static/chunks/node_modules_next_dist_1e8vcs8._.js:776
[   71437ms] [LOG] [Fast Refresh] done in 47ms @ http://localhost:3000/_next/static/chunks/node_modules_next_dist_1e8vcs8._.js:776
[   71485ms] [LOG] [Fast Refresh] done in 47ms @ http://localhost:3000/_next/static/chunks/node_modules_next_dist_1e8vcs8._.js:776
[   71531ms] [LOG] [Fast Refresh] done in 47ms @ http://localhost:3000/_next/static/chunks/node_modules_next_dist_1e8vcs8._.js:776
[   71579ms] [LOG] [Fast Refresh] done in 47ms @ http://localhost:3000/_next/static/chunks/node_modules_next_dist_1e8vcs8._.js:776
[   71626ms] [LOG] [Fast Refresh] done in 47ms @ http://localhost:3000/_next/static/chunks/node_modules_next_dist_1e8vcs8._.js:776
[   71675ms] [LOG] [Fast Refresh] done in 47ms @ http://localhost:3000/_next/static/chunks/node_modules_next_dist_1e8vcs8._.js:776
[   71722ms] [LOG] [Fast Refresh] done in 47ms @ http://localhost:3000/_next/static/chunks/node_modules_next_dist_1e8vcs8._.js:776
[   71768ms] [LOG] [Fast Refresh] done in 47ms @ http://localhost:3000/_next/static/chunks/node_modules_next_dist_1e8vcs8._.js:776
[   71816ms] [LOG] [Fast Refresh] done in 47ms @ http://localhost:3000/_next/static/chunks/node_modules_next_dist_1e8vcs8._.js:776
[   71864ms] [LOG] [Fast Refresh] done in 47ms @ http://localhost:3000/_next/static/chunks/node_modules_next_dist_1e8vcs8._.js:776
[   71910ms] [LOG] [Fast Refresh] done in 47ms @ http://localhost:3000/_next/static/chunks/node_modules_next_dist_1e8vcs8._.js:776
[   71957ms] [LOG] [Fast Refresh] done in 47ms @ http://localhost:3000/_next/static/chunks/node_modules_next_dist_1e8vcs8._.js:776
[   72004ms] [LOG] [Fast Refresh] done in 47ms @ http://localhost:3000/_next/static/chunks/node_modules_next_dist_1e8vcs8._.js:776
[   72052ms] [LOG] [Fast Refresh] done in 47ms @ http://localhost:3000/_next/static/chunks/node_modules_next_dist_1e8vcs8._.js:776
[   72098ms] [LOG] [Fast Refresh] done in 47ms @ http://localhost:3000/_next/static/chunks/node_modules_next_dist_1e8vcs8._.js:776
[   72146ms] [LOG] [Fast Refresh] done in 47ms @ http://localhost:3000/_next/static/chunks/node_modules_next_dist_1e8vcs8._.js:776
[   72193ms] [LOG] [Fast Refresh] done in 47ms @ http://localhost:3000/_next/static/chunks/node_modules_next_dist_1e8vcs8._.js:776
[   72240ms] [LOG] [Fast Refresh] done in 47ms @ http://localhost:3000/_next/static/chunks/node_modules_next_dist_1e8vcs8._.js:776
[   72288ms] [LOG] [Fast Refresh] done in 47ms @ http://localhost:3000/_next/static/chunks/node_modules_next_dist_1e8vcs8._.js:776
[   72335ms] [LOG] [Fast Refresh] done in 47ms @ http://localhost:3000/_next/static/chunks/node_modules_next_dist_1e8vcs8._.js:776
[   72382ms] [LOG] [Fast Refresh] done in 47ms @ http://localhost:3000/_next/static/chunks/node_modules_next_dist_1e8vcs8._.js:776
[   72430ms] [LOG] [Fast Refresh] done in 47ms @ http://localhost:3000/_next/static/chunks/node_modules_next_dist_1e8vcs8._.js:776
[   72477ms] [LOG] [Fast Refresh] done in 47ms @ http://localhost:3000/_next/static/chunks/node_modules_next_dist_1e8vcs8._.js:776
[   72524ms] [LOG] [Fast Refresh] done in 47ms @ http://localhost:3000/_next/static/chunks/node_modules_next_dist_1e8vcs8._.js:776
[   72571ms] [LOG] [Fast Refresh] done in 47ms @ http://localhost:3000/_next/static/chunks/node_modules_next_dist_1e8vcs8._.js:776
[   72618ms] [LOG] [Fast Refresh] done in 47ms @ http://localhost:3000/_next/static/chunks/node_modules_next_dist_1e8vcs8._.js:776
[   72665ms] [LOG] [Fast Refresh] done in 47ms @ http://localhost:3000/_next/static/chunks/node_modules_next_dist_1e8vcs8._.js:776
[   72713ms] [LOG] [Fast Refresh] done in 47ms @ http://localhost:3000/_next/static/chunks/node_modules_next_dist_1e8vcs8._.js:776
[   72760ms] [LOG] [Fast Refresh] done in 47ms @ http://localhost:3000/_next/static/chunks/node_modules_next_dist_1e8vcs8._.js:776
[   72807ms] [LOG] [Fast Refresh] done in 47ms @ http://localhost:3000/_next/static/chunks/node_modules_next_dist_1e8vcs8._.js:776
[   72856ms] [LOG] [Fast Refresh] done in 47ms @ http://localhost:3000/_next/static/chunks/node_modules_next_dist_1e8vcs8._.js:776
[   72903ms] [LOG] [Fast Refresh] done in 47ms @ http://localhost:3000/_next/static/chunks/node_modules_next_dist_1e8vcs8._.js:776
[   72951ms] [LOG] [Fast Refresh] done in 47ms @ http://localhost:3000/_next/static/chunks/node_modules_next_dist_1e8vcs8._.js:776
[   72998ms] [LOG] [Fast Refresh] done in 47ms @ http://localhost:3000/_next/static/chunks/node_modules_next_dist_1e8vcs8._.js:776
[   73046ms] [LOG] [Fast Refresh] done in 47ms @ http://localhost:3000/_next/static/chunks/node_modules_next_dist_1e8vcs8._.js:776
[   73092ms] [LOG] [Fast Refresh] done in 47ms @ http://localhost:3000/_next/static/chunks/node_modules_next_dist_1e8vcs8._.js:776
[   73140ms] [LOG] [Fast Refresh] done in 47ms @ http://localhost:3000/_next/static/chunks/node_modules_next_dist_1e8vcs8._.js:776
[   73185ms] [LOG] [Fast Refresh] done in 47ms @ http://localhost:3000/_next/static/chunks/node_modules_next_dist_1e8vcs8._.js:776
[   73233ms] [LOG] [Fast Refresh] done in 47ms @ http://localhost:3000/_next/static/chunks/node_modules_next_dist_1e8vcs8._.js:776
[   73280ms] [LOG] [Fast Refresh] done in 47ms @ http://localhost:3000/_next/static/chunks/node_modules_next_dist_1e8vcs8._.js:776
[   73327ms] [LOG] [Fast Refresh] done in 47ms @ http://localhost:3000/_next/static/chunks/node_modules_next_dist_1e8vcs8._.js:776
[   73375ms] [LOG] [Fast Refresh] done in 47ms @ http://localhost:3000/_next/static/chunks/node_modules_next_dist_1e8vcs8._.js:776
[   73423ms] [LOG] [Fast Refresh] done in 47ms @ http://localhost:3000/_next/static/chunks/node_modules_next_dist_1e8vcs8._.js:776
[   73469ms] [LOG] [Fast Refresh] done in 47ms @ http://localhost:3000/_next/static/chunks/node_modules_next_dist_1e8vcs8._.js:776
[   73516ms] [LOG] [Fast Refresh] done in 47ms @ http://localhost:3000/_next/static/chunks/node_modules_next_dist_1e8vcs8._.js:776
[   73564ms] [LOG] [Fast Refresh] done in 47ms @ http://localhost:3000/_next/static/chunks/node_modules_next_dist_1e8vcs8._.js:776
[   73612ms] [LOG] [Fast Refresh] done in 47ms @ http://localhost:3000/_next/static/chunks/node_modules_next_dist_1e8vcs8._.js:776
[   73660ms] [LOG] [Fast Refresh] done in 47ms @ http://localhost:3000/_next/static/chunks/node_modules_next_dist_1e8vcs8._.js:776
[   73707ms] [LOG] [Fast Refresh] done in 47ms @ http://localhost:3000/_next/static/chunks/node_modules_next_dist_1e8vcs8._.js:776
[   73755ms] [LOG] [Fast Refresh] done in 47ms @ http://localhost:3000/_next/static/chunks/node_modules_next_dist_1e8vcs8._.js:776
[   73804ms] [LOG] [Fast Refresh] done in 47ms @ http://localhost:3000/_next/static/chunks/node_modules_next_dist_1e8vcs8._.js:776
[   73852ms] [LOG] [Fast Refresh] done in 47ms @ http://localhost:3000/_next/static/chunks/node_modules_next_dist_1e8vcs8._.js:776
[   73900ms] [LOG] [Fast Refresh] done in 47ms @ http://localhost:3000/_next/static/chunks/node_modules_next_dist_1e8vcs8._.js:776
[   73948ms] [LOG] [Fast Refresh] done in 47ms @ http://localhost:3000/_next/static/chunks/node_modules_next_dist_1e8vcs8._.js:776
[   73995ms] [LOG] [Fast Refresh] done in 47ms @ http://localhost:3000/_next/static/chunks/node_modules_next_dist_1e8vcs8._.js:776
[   74043ms] [LOG] [Fast Refresh] done in 47ms @ http://localhost:3000/_next/static/chunks/node_modules_next_dist_1e8vcs8._.js:776
[   74090ms] [LOG] [Fast Refresh] done in 47ms @ http://localhost:3000/_next/static/chunks/node_modules_next_dist_1e8vcs8._.js:776
[   74137ms] [LOG] [Fast Refresh] done in 47ms @ http://localhost:3000/_next/static/chunks/node_modules_next_dist_1e8vcs8._.js:776
[   74184ms] [LOG] [Fast Refresh] done in 47ms @ http://localhost:3000/_next/static/chunks/node_modules_next_dist_1e8vcs8._.js:776
[   74232ms] [LOG] [Fast Refresh] done in 47ms @ http://localhost:3000/_next/static/chunks/node_modules_next_dist_1e8vcs8._.js:776
[   74279ms] [LOG] [Fast Refresh] done in 47ms @ http://localhost:3000/_next/static/chunks/node_modules_next_dist_1e8vcs8._.js:776
[   74327ms] [LOG] [Fast Refresh] done in 47ms @ http://localhost:3000/_next/static/chunks/node_modules_next_dist_1e8vcs8._.js:776
[   74374ms] [LOG] [Fast Refresh] done in 47ms @ http://localhost:3000/_next/static/chunks/node_modules_next_dist_1e8vcs8._.js:776
[   74421ms] [LOG] [Fast Refresh] done in 47ms @ http://localhost:3000/_next/static/chunks/node_modules_next_dist_1e8vcs8._.js:776
[   74468ms] [LOG] [Fast Refresh] done in 47ms @ http://localhost:3000/_next/static/chunks/node_modules_next_dist_1e8vcs8._.js:776
[   74515ms] [LOG] [Fast Refresh] done in 47ms @ http://localhost:3000/_next/static/chunks/node_modules_next_dist_1e8vcs8._.js:776
[   74563ms] [LOG] [Fast Refresh] done in 47ms @ http://localhost:3000/_next/static/chunks/node_modules_next_dist_1e8vcs8._.js:776
[   74611ms] [LOG] [Fast Refresh] done in 47ms @ http://localhost:3000/_next/static/chunks/node_modules_next_dist_1e8vcs8._.js:776
[   74657ms] [LOG] [Fast Refresh] done in 47ms @ http://localhost:3000/_next/static/chunks/node_modules_next_dist_1e8vcs8._.js:776
[   74704ms] [LOG] [Fast Refresh] done in 47ms @ http://localhost:3000/_next/static/chunks/node_modules_next_dist_1e8vcs8._.js:776
[   74752ms] [LOG] [Fast Refresh] done in 47ms @ http://localhost:3000/_next/static/chunks/node_modules_next_dist_1e8vcs8._.js:776
[   74799ms] [LOG] [Fast Refresh] done in 47ms @ http://localhost:3000/_next/static/chunks/node_modules_next_dist_1e8vcs8._.js:776
[   74846ms] [LOG] [Fast Refresh] done in 47ms @ http://localhost:3000/_next/static/chunks/node_modules_next_dist_1e8vcs8._.js:776
[   74893ms] [LOG] [Fast Refresh] done in 47ms @ http://localhost:3000/_next/static/chunks/node_modules_next_dist_1e8vcs8._.js:776
[   74941ms] [LOG] [Fast Refresh] done in 47ms @ http://localhost:3000/_next/static/chunks/node_modules_next_dist_1e8vcs8._.js:776
[   74988ms] [LOG] [Fast Refresh] done in 47ms @ http://localhost:3000/_next/static/chunks/node_modules_next_dist_1e8vcs8._.js:776
[   75036ms] [LOG] [Fast Refresh] done in 47ms @ http://localhost:3000/_next/static/chunks/node_modules_next_dist_1e8vcs8._.js:776
[   75083ms] [LOG] [Fast Refresh] done in 47ms @ http://localhost:3000/_next/static/chunks/node_modules_next_dist_1e8vcs8._.js:776
[   75131ms] [LOG] [Fast Refresh] done in 47ms @ http://localhost:3000/_next/static/chunks/node_modules_next_dist_1e8vcs8._.js:776
[   75178ms] [LOG] [Fast Refresh] done in 47ms @ http://localhost:3000/_next/static/chunks/node_modules_next_dist_1e8vcs8._.js:776
[   75226ms] [LOG] [Fast Refresh] done in 47ms @ http://localhost:3000/_next/static/chunks/node_modules_next_dist_1e8vcs8._.js:776
[   75274ms] [LOG] [Fast Refresh] done in 47ms @ http://localhost:3000/_next/static/chunks/node_modules_next_dist_1e8vcs8._.js:776
[   75320ms] [LOG] [Fast Refresh] done in 47ms @ http://localhost:3000/_next/static/chunks/node_modules_next_dist_1e8vcs8._.js:776
[   75367ms] [LOG] [Fast Refresh] done in 47ms @ http://localhost:3000/_next/static/chunks/node_modules_next_dist_1e8vcs8._.js:776
[   75414ms] [LOG] [Fast Refresh] done in 47ms @ http://localhost:3000/_next/static/chunks/node_modules_next_dist_1e8vcs8._.js:776
[   75461ms] [LOG] [Fast Refresh] done in 47ms @ http://localhost:3000/_next/static/chunks/node_modules_next_dist_1e8vcs8._.js:776
[   75508ms] [LOG] [Fast Refresh] done in 47ms @ http://localhost:3000/_next/static/chunks/node_modules_next_dist_1e8vcs8._.js:776
[   75555ms] [LOG] [Fast Refresh] done in 47ms @ http://localhost:3000/_next/static/chunks/node_modules_next_dist_1e8vcs8._.js:776
[   75602ms] [LOG] [Fast Refresh] done in 47ms @ http://localhost:3000/_next/static/chunks/node_modules_next_dist_1e8vcs8._.js:776
[   75649ms] [LOG] [Fast Refresh] done in 47ms @ http://localhost:3000/_next/static/chunks/node_modules_next_dist_1e8vcs8._.js:776
[   75698ms] [LOG] [Fast Refresh] done in 47ms @ http://localhost:3000/_next/static/chunks/node_modules_next_dist_1e8vcs8._.js:776
[   75744ms] [LOG] [Fast Refresh] done in 47ms @ http://localhost:3000/_next/static/chunks/node_modules_next_dist_1e8vcs8._.js:776
[   75792ms] [LOG] [Fast Refresh] done in 47ms @ http://localhost:3000/_next/static/chunks/node_modules_next_dist_1e8vcs8._.js:776
[   75839ms] [LOG] [Fast Refresh] done in 47ms @ http://localhost:3000/_next/static/chunks/node_modules_next_dist_1e8vcs8._.js:776
[   75886ms] [LOG] [Fast Refresh] done in 47ms @ http://localhost:3000/_next/static/chunks/node_modules_next_dist_1e8vcs8._.js:776
[   75947ms] [LOG] [Fast Refresh] done in 47ms @ http://localhost:3000/_next/static/chunks/node_modules_next_dist_1e8vcs8._.js:776
[   75995ms] [LOG] [Fast Refresh] done in 47ms @ http://localhost:3000/_next/static/chunks/node_modules_next_dist_1e8vcs8._.js:776
[   76044ms] [LOG] [Fast Refresh] done in 47ms @ http://localhost:3000/_next/static/chunks/node_modules_next_dist_1e8vcs8._.js:776
[   76093ms] [LOG] [Fast Refresh] done in 47ms @ http://localhost:3000/_next/static/chunks/node_modules_next_dist_1e8vcs8._.js:776
[   76162ms] [LOG] [Fast Refresh] done in 47ms @ http://localhost:3000/_next/static/chunks/node_modules_next_dist_1e8vcs8._.js:776
[   76210ms] [LOG] [Fast Refresh] done in 47ms @ http://localhost:3000/_next/static/chunks/node_modules_next_dist_1e8vcs8._.js:776
[   76256ms] [LOG] [Fast Refresh] done in 47ms @ http://localhost:3000/_next/static/chunks/node_modules_next_dist_1e8vcs8._.js:776
[   76305ms] [LOG] [Fast Refresh] done in 47ms @ http://localhost:3000/_next/static/chunks/node_modules_next_dist_1e8vcs8._.js:776
[   76352ms] [LOG] [Fast Refresh] done in 47ms @ http://localhost:3000/_next/static/chunks/node_modules_next_dist_1e8vcs8._.js:776
[   76400ms] [LOG] [Fast Refresh] done in 47ms @ http://localhost:3000/_next/static/chunks/node_modules_next_dist_1e8vcs8._.js:776
[   76449ms] [LOG] [Fast Refresh] done in 47ms @ http://localhost:3000/_next/static/chunks/node_modules_next_dist_1e8vcs8._.js:776
[   76497ms] [LOG] [Fast Refresh] done in 47ms @ http://localhost:3000/_next/static/chunks/node_modules_next_dist_1e8vcs8._.js:776
[   76549ms] [LOG] [Fast Refresh] done in 47ms @ http://localhost:3000/_next/static/chunks/node_modules_next_dist_1e8vcs8._.js:776
[   76597ms] [LOG] [Fast Refresh] done in 47ms @ http://localhost:3000/_next/static/chunks/node_modules_next_dist_1e8vcs8._.js:776
[   76644ms] [LOG] [Fast Refresh] done in 47ms @ http://localhost:3000/_next/static/chunks/node_modules_next_dist_1e8vcs8._.js:776
[   76692ms] [LOG] [Fast Refresh] done in 47ms @ http://localhost:3000/_next/static/chunks/node_modules_next_dist_1e8vcs8._.js:776
[   76742ms] [LOG] [Fast Refresh] done in 47ms @ http://localhost:3000/_next/static/chunks/node_modules_next_dist_1e8vcs8._.js:776
[   76792ms] [LOG] [Fast Refresh] done in 47ms @ http://localhost:3000/_next/static/chunks/node_modules_next_dist_1e8vcs8._.js:776
[   76840ms] [LOG] [Fast Refresh] done in 47ms @ http://localhost:3000/_next/static/chunks/node_modules_next_dist_1e8vcs8._.js:776
[   76887ms] [LOG] [Fast Refresh] done in 47ms @ http://localhost:3000/_next/static/chunks/node_modules_next_dist_1e8vcs8._.js:776
[   76935ms] [LOG] [Fast Refresh] done in 47ms @ http://localhost:3000/_next/static/chunks/node_modules_next_dist_1e8vcs8._.js:776
[   76983ms] [LOG] [Fast Refresh] done in 47ms @ http://localhost:3000/_next/static/chunks/node_modules_next_dist_1e8vcs8._.js:776
[   77031ms] [LOG] [Fast Refresh] done in 47ms @ http://localhost:3000/_next/static/chunks/node_modules_next_dist_1e8vcs8._.js:776
[   77078ms] [LOG] [Fast Refresh] done in 47ms @ http://localhost:3000/_next/static/chunks/node_modules_next_dist_1e8vcs8._.js:776
[   77125ms] [LOG] [Fast Refresh] done in 47ms @ http://localhost:3000/_next/static/chunks/node_modules_next_dist_1e8vcs8._.js:776
[   77172ms] [LOG] [Fast Refresh] done in 47ms @ http://localhost:3000/_next/static/chunks/node_modules_next_dist_1e8vcs8._.js:776
[   77221ms] [LOG] [Fast Refresh] done in 47ms @ http://localhost:3000/_next/static/chunks/node_modules_next_dist_1e8vcs8._.js:776
[   77268ms] [LOG] [Fast Refresh] done in 47ms @ http://localhost:3000/_next/static/chunks/node_modules_next_dist_1e8vcs8._.js:776
[   77315ms] [LOG] [Fast Refresh] done in 47ms @ http://localhost:3000/_next/static/chunks/node_modules_next_dist_1e8vcs8._.js:776
[   77363ms] [LOG] [Fast Refresh] done in 47ms @ http://localhost:3000/_next/static/chunks/node_modules_next_dist_1e8vcs8._.js:776
[   77410ms] [LOG] [Fast Refresh] done in 47ms @ http://localhost:3000/_next/static/chunks/node_modules_next_dist_1e8vcs8._.js:776
[   77457ms] [LOG] [Fast Refresh] done in 47ms @ http://localhost:3000/_next/static/chunks/node_modules_next_dist_1e8vcs8._.js:776
[   77503ms] [LOG] [Fast Refresh] done in 47ms @ http://localhost:3000/_next/static/chunks/node_modules_next_dist_1e8vcs8._.js:776
[   77550ms] [LOG] [Fast Refresh] done in 47ms @ http://localhost:3000/_next/static/chunks/node_modules_next_dist_1e8vcs8._.js:776
[   77598ms] [LOG] [Fast Refresh] done in 47ms @ http://localhost:3000/_next/static/chunks/node_modules_next_dist_1e8vcs8._.js:776
[   77655ms] [LOG] [Fast Refresh] done in 47ms @ http://localhost:3000/_next/static/chunks/node_modules_next_dist_1e8vcs8._.js:776
[   77703ms] [LOG] [Fast Refresh] done in 47ms @ http://localhost:3000/_next/static/chunks/node_modules_next_dist_1e8vcs8._.js:776
[   77752ms] [LOG] [Fast Refresh] done in 47ms @ http://localhost:3000/_next/static/chunks/node_modules_next_dist_1e8vcs8._.js:776
[   77801ms] [LOG] [Fast Refresh] done in 47ms @ http://localhost:3000/_next/static/chunks/node_modules_next_dist_1e8vcs8._.js:776
[   77850ms] [LOG] [Fast Refresh] done in 47ms @ http://localhost:3000/_next/static/chunks/node_modules_next_dist_1e8vcs8._.js:776
[   77904ms] [LOG] [Fast Refresh] done in 47ms @ http://localhost:3000/_next/static/chunks/node_modules_next_dist_1e8vcs8._.js:776
[   77952ms] [LOG] [Fast Refresh] done in 47ms @ http://localhost:3000/_next/static/chunks/node_modules_next_dist_1e8vcs8._.js:776
[   78000ms] [LOG] [Fast Refresh] done in 47ms @ http://localhost:3000/_next/static/chunks/node_modules_next_dist_1e8vcs8._.js:776
[   78048ms] [LOG] [Fast Refresh] done in 47ms @ http://localhost:3000/_next/static/chunks/node_modules_next_dist_1e8vcs8._.js:776
[   78096ms] [LOG] [Fast Refresh] done in 47ms @ http://localhost:3000/_next/static/chunks/node_modules_next_dist_1e8vcs8._.js:776
[   78140ms] [LOG] [Fast Refresh] done in 47ms @ http://localhost:3000/_next/static/chunks/node_modules_next_dist_1e8vcs8._.js:776
[   78187ms] [LOG] [Fast Refresh] done in 47ms @ http://localhost:3000/_next/static/chunks/node_modules_next_dist_1e8vcs8._.js:776
[   78234ms] [LOG] [Fast Refresh] done in 47ms @ http://localhost:3000/_next/static/chunks/node_modules_next_dist_1e8vcs8._.js:776
[   78282ms] [LOG] [Fast Refresh] done in 47ms @ http://localhost:3000/_next/static/chunks/node_modules_next_dist_1e8vcs8._.js:776
[   78329ms] [LOG] [Fast Refresh] done in 47ms @ http://localhost:3000/_next/static/chunks/node_modules_next_dist_1e8vcs8._.js:776
[   78377ms] [LOG] [Fast Refresh] done in 47ms @ http://localhost:3000/_next/static/chunks/node_modules_next_dist_1e8vcs8._.js:776
[   78424ms] [LOG] [Fast Refresh] done in 47ms @ http://localhost:3000/_next/static/chunks/node_modules_next_dist_1e8vcs8._.js:776
[   78472ms] [LOG] [Fast Refresh] done in 47ms @ http://localhost:3000/_next/static/chunks/node_modules_next_dist_1e8vcs8._.js:776
[   78518ms] [LOG] [Fast Refresh] done in 47ms @ http://localhost:3000/_next/static/chunks/node_modules_next_dist_1e8vcs8._.js:776
[   78566ms] [LOG] [Fast Refresh] done in 47ms @ http://localhost:3000/_next/static/chunks/node_modules_next_dist_1e8vcs8._.js:776
[   78614ms] [LOG] [Fast Refresh] done in 47ms @ http://localhost:3000/_next/static/chunks/node_modules_next_dist_1e8vcs8._.js:776
[   78669ms] [LOG] [Fast Refresh] done in 47ms @ http://localhost:3000/_next/static/chunks/node_modules_next_dist_1e8vcs8._.js:776
[   78718ms] [LOG] [Fast Refresh] done in 47ms @ http://localhost:3000/_next/static/chunks/node_modules_next_dist_1e8vcs8._.js:776
[   78766ms] [LOG] [Fast Refresh] done in 47ms @ http://localhost:3000/_next/static/chunks/node_modules_next_dist_1e8vcs8._.js:776
[   78814ms] [LOG] [Fast Refresh] done in 47ms @ http://localhost:3000/_next/static/chunks/node_modules_next_dist_1e8vcs8._.js:776
[   78862ms] [LOG] [Fast Refresh] done in 47ms @ http://localhost:3000/_next/static/chunks/node_modules_next_dist_1e8vcs8._.js:776
[   78910ms] [LOG] [Fast Refresh] done in 47ms @ http://localhost:3000/_next/static/chunks/node_modules_next_dist_1e8vcs8._.js:776
[   78957ms] [LOG] [Fast Refresh] done in 47ms @ http://localhost:3000/_next/static/chunks/node_modules_next_dist_1e8vcs8._.js:776
[   79006ms] [LOG] [Fast Refresh] done in 47ms @ http://localhost:3000/_next/static/chunks/node_modules_next_dist_1e8vcs8._.js:776
[   79054ms] [LOG] [Fast Refresh] done in 47ms @ http://localhost:3000/_next/static/chunks/node_modules_next_dist_1e8vcs8._.js:776
[   79102ms] [LOG] [Fast Refresh] done in 47ms @ http://localhost:3000/_next/static/chunks/node_modules_next_dist_1e8vcs8._.js:776
[   79149ms] [LOG] [Fast Refresh] done in 47ms @ http://localhost:3000/_next/static/chunks/node_modules_next_dist_1e8vcs8._.js:776
[   79198ms] [LOG] [Fast Refresh] done in 47ms @ http://localhost:3000/_next/static/chunks/node_modules_next_dist_1e8vcs8._.js:776
[   79244ms] [LOG] [Fast Refresh] done in 47ms @ http://localhost:3000/_next/static/chunks/node_modules_next_dist_1e8vcs8._.js:776
[   79290ms] [LOG] [Fast Refresh] done in 47ms @ http://localhost:3000/_next/static/chunks/node_modules_next_dist_1e8vcs8._.js:776
[   79338ms] [LOG] [Fast Refresh] done in 47ms @ http://localhost:3000/_next/static/chunks/node_modules_next_dist_1e8vcs8._.js:776
[   79384ms] [LOG] [Fast Refresh] done in 47ms @ http://localhost:3000/_next/static/chunks/node_modules_next_dist_1e8vcs8._.js:776
[   79432ms] [LOG] [Fast Refresh] done in 47ms @ http://localhost:3000/_next/static/chunks/node_modules_next_dist_1e8vcs8._.js:776
[   79479ms] [LOG] [Fast Refresh] done in 47ms @ http://localhost:3000/_next/static/chunks/node_modules_next_dist_1e8vcs8._.js:776
[   79527ms] [LOG] [Fast Refresh] done in 47ms @ http://localhost:3000/_next/static/chunks/node_modules_next_dist_1e8vcs8._.js:776
[   79575ms] [LOG] [Fast Refresh] done in 47ms @ http://localhost:3000/_next/static/chunks/node_modules_next_dist_1e8vcs8._.js:776
[   79623ms] [LOG] [Fast Refresh] done in 47ms @ http://localhost:3000/_next/static/chunks/node_modules_next_dist_1e8vcs8._.js:776
[   79670ms] [LOG] [Fast Refresh] done in 47ms @ http://localhost:3000/_next/static/chunks/node_modules_next_dist_1e8vcs8._.js:776
[   79717ms] [LOG] [Fast Refresh] done in 47ms @ http://localhost:3000/_next/static/chunks/node_modules_next_dist_1e8vcs8._.js:776
[   79765ms] [LOG] [Fast Refresh] done in 47ms @ http://localhost:3000/_next/static/chunks/node_modules_next_dist_1e8vcs8._.js:776
[   79813ms] [LOG] [Fast Refresh] done in 47ms @ http://localhost:3000/_next/static/chunks/node_modules_next_dist_1e8vcs8._.js:776
[   79862ms] [LOG] [Fast Refresh] done in 47ms @ http://localhost:3000/_next/static/chunks/node_modules_next_dist_1e8vcs8._.js:776
[   79908ms] [LOG] [Fast Refresh] done in 47ms @ http://localhost:3000/_next/static/chunks/node_modules_next_dist_1e8vcs8._.js:776
[   79955ms] [LOG] [Fast Refresh] done in 47ms @ http://localhost:3000/_next/static/chunks/node_modules_next_dist_1e8vcs8._.js:776
[   80001ms] [LOG] [Fast Refresh] done in 47ms @ http://localhost:3000/_next/static/chunks/node_modules_next_dist_1e8vcs8._.js:776
[   80049ms] [LOG] [Fast Refresh] done in 47ms @ http://localhost:3000/_next/static/chunks/node_modules_next_dist_1e8vcs8._.js:776
[   80096ms] [LOG] [Fast Refresh] done in 47ms @ http://localhost:3000/_next/static/chunks/node_modules_next_dist_1e8vcs8._.js:776
[   80143ms] [LOG] [Fast Refresh] done in 47ms @ http://localhost:3000/_next/static/chunks/node_modules_next_dist_1e8vcs8._.js:776
[   80192ms] [LOG] [Fast Refresh] done in 47ms @ http://localhost:3000/_next/static/chunks/node_modules_next_dist_1e8vcs8._.js:776
[   80239ms] [LOG] [Fast Refresh] done in 47ms @ http://localhost:3000/_next/static/chunks/node_modules_next_dist_1e8vcs8._.js:776
[   80286ms] [LOG] [Fast Refresh] done in 47ms @ http://localhost:3000/_next/static/chunks/node_modules_next_dist_1e8vcs8._.js:776
[   80334ms] [LOG] [Fast Refresh] done in 47ms @ http://localhost:3000/_next/static/chunks/node_modules_next_dist_1e8vcs8._.js:776
[   80381ms] [LOG] [Fast Refresh] done in 47ms @ http://localhost:3000/_next/static/chunks/node_modules_next_dist_1e8vcs8._.js:776
[   80428ms] [LOG] [Fast Refresh] done in 47ms @ http://localhost:3000/_next/static/chunks/node_modules_next_dist_1e8vcs8._.js:776
[   80476ms] [LOG] [Fast Refresh] done in 47ms @ http://localhost:3000/_next/static/chunks/node_modules_next_dist_1e8vcs8._.js:776
[   80523ms] [LOG] [Fast Refresh] done in 47ms @ http://localhost:3000/_next/static/chunks/node_modules_next_dist_1e8vcs8._.js:776
[   80569ms] [LOG] [Fast Refresh] done in 47ms @ http://localhost:3000/_next/static/chunks/node_modules_next_dist_1e8vcs8._.js:776
[   80616ms] [LOG] [Fast Refresh] done in 47ms @ http://localhost:3000/_next/static/chunks/node_modules_next_dist_1e8vcs8._.js:776
[   80654ms] [LOG] [Fast Refresh] done in 47ms @ http://localhost:3000/_next/static/chunks/node_modules_next_dist_1e8vcs8._.js:776
[   80701ms] [LOG] [Fast Refresh] done in 47ms @ http://localhost:3000/_next/static/chunks/node_modules_next_dist_1e8vcs8._.js:776
[   80748ms] [LOG] [Fast Refresh] done in 47ms @ http://localhost:3000/_next/static/chunks/node_modules_next_dist_1e8vcs8._.js:776
[   80796ms] [LOG] [Fast Refresh] done in 47ms @ http://localhost:3000/_next/static/chunks/node_modules_next_dist_1e8vcs8._.js:776
[   80844ms] [LOG] [Fast Refresh] done in 47ms @ http://localhost:3000/_next/static/chunks/node_modules_next_dist_1e8vcs8._.js:776
[   80891ms] [LOG] [Fast Refresh] done in 47ms @ http://localhost:3000/_next/static/chunks/node_modules_next_dist_1e8vcs8._.js:776
[   80939ms] [LOG] [Fast Refresh] done in 47ms @ http://localhost:3000/_next/static/chunks/node_modules_next_dist_1e8vcs8._.js:776
[   80985ms] [LOG] [Fast Refresh] done in 47ms @ http://localhost:3000/_next/static/chunks/node_modules_next_dist_1e8vcs8._.js:776
[   81033ms] [LOG] [Fast Refresh] done in 47ms @ http://localhost:3000/_next/static/chunks/node_modules_next_dist_1e8vcs8._.js:776
[   81080ms] [LOG] [Fast Refresh] done in 47ms @ http://localhost:3000/_next/static/chunks/node_modules_next_dist_1e8vcs8._.js:776
[   81128ms] [LOG] [Fast Refresh] done in 47ms @ http://localhost:3000/_next/static/chunks/node_modules_next_dist_1e8vcs8._.js:776
[   81175ms] [LOG] [Fast Refresh] done in 47ms @ http://localhost:3000/_next/static/chunks/node_modules_next_dist_1e8vcs8._.js:776
[   81222ms] [LOG] [Fast Refresh] done in 47ms @ http://localhost:3000/_next/static/chunks/node_modules_next_dist_1e8vcs8._.js:776
[   81270ms] [LOG] [Fast Refresh] done in 47ms @ http://localhost:3000/_next/static/chunks/node_modules_next_dist_1e8vcs8._.js:776
[   81317ms] [LOG] [Fast Refresh] done in 47ms @ http://localhost:3000/_next/static/chunks/node_modules_next_dist_1e8vcs8._.js:776
[   81365ms] [LOG] [Fast Refresh] done in 47ms @ http://localhost:3000/_next/static/chunks/node_modules_next_dist_1e8vcs8._.js:776
[   81411ms] [LOG] [Fast Refresh] done in 47ms @ http://localhost:3000/_next/static/chunks/node_modules_next_dist_1e8vcs8._.js:776
[   81459ms] [LOG] [Fast Refresh] done in 47ms @ http://localhost:3000/_next/static/chunks/node_modules_next_dist_1e8vcs8._.js:776
[   81505ms] [LOG] [Fast Refresh] done in 47ms @ http://localhost:3000/_next/static/chunks/node_modules_next_dist_1e8vcs8._.js:776
[   81553ms] [LOG] [Fast Refresh] done in 47ms @ http://localhost:3000/_next/static/chunks/node_modules_next_dist_1e8vcs8._.js:776
[   81601ms] [LOG] [Fast Refresh] done in 47ms @ http://localhost:3000/_next/static/chunks/node_modules_next_dist_1e8vcs8._.js:776
[   81649ms] [LOG] [Fast Refresh] done in 47ms @ http://localhost:3000/_next/static/chunks/node_modules_next_dist_1e8vcs8._.js:776
[   81696ms] [LOG] [Fast Refresh] done in 47ms @ http://localhost:3000/_next/static/chunks/node_modules_next_dist_1e8vcs8._.js:776
[   81744ms] [LOG] [Fast Refresh] done in 47ms @ http://localhost:3000/_next/static/chunks/node_modules_next_dist_1e8vcs8._.js:776
[   81792ms] [LOG] [Fast Refresh] done in 47ms @ http://localhost:3000/_next/static/chunks/node_modules_next_dist_1e8vcs8._.js:776
[   81848ms] [LOG] [Fast Refresh] done in 47ms @ http://localhost:3000/_next/static/chunks/node_modules_next_dist_1e8vcs8._.js:776
[   81913ms] [LOG] [Fast Refresh] done in 47ms @ http://localhost:3000/_next/static/chunks/node_modules_next_dist_1e8vcs8._.js:776
[   81964ms] [LOG] [Fast Refresh] done in 47ms @ http://localhost:3000/_next/static/chunks/node_modules_next_dist_1e8vcs8._.js:776
[   82015ms] [LOG] [Fast Refresh] done in 47ms @ http://localhost:3000/_next/static/chunks/node_modules_next_dist_1e8vcs8._.js:776
[   82064ms] [LOG] [Fast Refresh] done in 47ms @ http://localhost:3000/_next/static/chunks/node_modules_next_dist_1e8vcs8._.js:776
[   82119ms] [LOG] [Fast Refresh] done in 47ms @ http://localhost:3000/_next/static/chunks/node_modules_next_dist_1e8vcs8._.js:776
[   82168ms] [LOG] [Fast Refresh] done in 47ms @ http://localhost:3000/_next/static/chunks/node_modules_next_dist_1e8vcs8._.js:776
[   82216ms] [LOG] [Fast Refresh] done in 47ms @ http://localhost:3000/_next/static/chunks/node_modules_next_dist_1e8vcs8._.js:776
[   82264ms] [LOG] [Fast Refresh] done in 47ms @ http://localhost:3000/_next/static/chunks/node_modules_next_dist_1e8vcs8._.js:776
[   82311ms] [LOG] [Fast Refresh] done in 47ms @ http://localhost:3000/_next/static/chunks/node_modules_next_dist_1e8vcs8._.js:776
[   82359ms] [LOG] [Fast Refresh] done in 47ms @ http://localhost:3000/_next/static/chunks/node_modules_next_dist_1e8vcs8._.js:776
[   82406ms] [LOG] [Fast Refresh] done in 47ms @ http://localhost:3000/_next/static/chunks/node_modules_next_dist_1e8vcs8._.js:776
[   82759ms] [LOG] [Fast Refresh] done in 47ms @ http://localhost:3000/_next/static/chunks/node_modules_next_dist_1e8vcs8._.js:776
[   82827ms] [LOG] [Fast Refresh] done in 47ms @ http://localhost:3000/_next/static/chunks/node_modules_next_dist_1e8vcs8._.js:776
[   82877ms] [LOG] [Fast Refresh] done in 47ms @ http://localhost:3000/_next/static/chunks/node_modules_next_dist_1e8vcs8._.js:776
[   82931ms] [LOG] [Fast Refresh] done in 47ms @ http://localhost:3000/_next/static/chunks/node_modules_next_dist_1e8vcs8._.js:776
[   82978ms] [LOG] [Fast Refresh] done in 47ms @ http://localhost:3000/_next/static/chunks/node_modules_next_dist_1e8vcs8._.js:776
[   83027ms] [LOG] [Fast Refresh] done in 47ms @ http://localhost:3000/_next/static/chunks/node_modules_next_dist_1e8vcs8._.js:776
[   83077ms] [LOG] [Fast Refresh] done in 47ms @ http://localhost:3000/_next/static/chunks/node_modules_next_dist_1e8vcs8._.js:776
[   83127ms] [LOG] [Fast Refresh] done in 47ms @ http://localhost:3000/_next/static/chunks/node_modules_next_dist_1e8vcs8._.js:776
[   83175ms] [LOG] [Fast Refresh] done in 47ms @ http://localhost:3000/_next/static/chunks/node_modules_next_dist_1e8vcs8._.js:776
[   83223ms] [LOG] [Fast Refresh] done in 47ms @ http://localhost:3000/_next/static/chunks/node_modules_next_dist_1e8vcs8._.js:776
[   83271ms] [LOG] [Fast Refresh] done in 47ms @ http://localhost:3000/_next/static/chunks/node_modules_next_dist_1e8vcs8._.js:776
[   83318ms] [LOG] [Fast Refresh] done in 47ms @ http://localhost:3000/_next/static/chunks/node_modules_next_dist_1e8vcs8._.js:776
[   83366ms] [LOG] [Fast Refresh] done in 47ms @ http://localhost:3000/_next/static/chunks/node_modules_next_dist_1e8vcs8._.js:776
[   83415ms] [LOG] [Fast Refresh] done in 47ms @ http://localhost:3000/_next/static/chunks/node_modules_next_dist_1e8vcs8._.js:776
[   83462ms] [LOG] [Fast Refresh] done in 47ms @ http://localhost:3000/_next/static/chunks/node_modules_next_dist_1e8vcs8._.js:776
[   83509ms] [LOG] [Fast Refresh] done in 47ms @ http://localhost:3000/_next/static/chunks/node_modules_next_dist_1e8vcs8._.js:776
[   83556ms] [LOG] [Fast Refresh] done in 47ms @ http://localhost:3000/_next/static/chunks/node_modules_next_dist_1e8vcs8._.js:776
[   83605ms] [LOG] [Fast Refresh] done in 47ms @ http://localhost:3000/_next/static/chunks/node_modules_next_dist_1e8vcs8._.js:776
[   83654ms] [LOG] [Fast Refresh] done in 47ms @ http://localhost:3000/_next/static/chunks/node_modules_next_dist_1e8vcs8._.js:776
[   83704ms] [LOG] [Fast Refresh] done in 47ms @ http://localhost:3000/_next/static/chunks/node_modules_next_dist_1e8vcs8._.js:776
[   83751ms] [LOG] [Fast Refresh] done in 47ms @ http://localhost:3000/_next/static/chunks/node_modules_next_dist_1e8vcs8._.js:776
[   83799ms] [LOG] [Fast Refresh] done in 47ms @ http://localhost:3000/_next/static/chunks/node_modules_next_dist_1e8vcs8._.js:776
[   83846ms] [LOG] [Fast Refresh] done in 47ms @ http://localhost:3000/_next/static/chunks/node_modules_next_dist_1e8vcs8._.js:776
[   83894ms] [LOG] [Fast Refresh] done in 47ms @ http://localhost:3000/_next/static/chunks/node_modules_next_dist_1e8vcs8._.js:776
[   83940ms] [LOG] [Fast Refresh] done in 47ms @ http://localhost:3000/_next/static/chunks/node_modules_next_dist_1e8vcs8._.js:776
[   83987ms] [LOG] [Fast Refresh] done in 47ms @ http://localhost:3000/_next/static/chunks/node_modules_next_dist_1e8vcs8._.js:776
[   84034ms] [LOG] [Fast Refresh] done in 47ms @ http://localhost:3000/_next/static/chunks/node_modules_next_dist_1e8vcs8._.js:776
[   84082ms] [LOG] [Fast Refresh] done in 47ms @ http://localhost:3000/_next/static/chunks/node_modules_next_dist_1e8vcs8._.js:776
[   84129ms] [LOG] [Fast Refresh] done in 47ms @ http://localhost:3000/_next/static/chunks/node_modules_next_dist_1e8vcs8._.js:776
[   84176ms] [LOG] [Fast Refresh] done in 47ms @ http://localhost:3000/_next/static/chunks/node_modules_next_dist_1e8vcs8._.js:776
[   84223ms] [LOG] [Fast Refresh] done in 47ms @ http://localhost:3000/_next/static/chunks/node_modules_next_dist_1e8vcs8._.js:776
[   84271ms] [LOG] [Fast Refresh] done in 47ms @ http://localhost:3000/_next/static/chunks/node_modules_next_dist_1e8vcs8._.js:776
[   84318ms] [LOG] [Fast Refresh] done in 47ms @ http://localhost:3000/_next/static/chunks/node_modules_next_dist_1e8vcs8._.js:776
[   84364ms] [LOG] [Fast Refresh] done in 47ms @ http://localhost:3000/_next/static/chunks/node_modules_next_dist_1e8vcs8._.js:776
[   84416ms] [LOG] [Fast Refresh] done in 47ms @ http://localhost:3000/_next/static/chunks/node_modules_next_dist_1e8vcs8._.js:776
[   84464ms] [LOG] [Fast Refresh] done in 47ms @ http://localhost:3000/_next/static/chunks/node_modules_next_dist_1e8vcs8._.js:776
[   84511ms] [LOG] [Fast Refresh] done in 47ms @ http://localhost:3000/_next/static/chunks/node_modules_next_dist_1e8vcs8._.js:776
[   84559ms] [LOG] [Fast Refresh] done in 47ms @ http://localhost:3000/_next/static/chunks/node_modules_next_dist_1e8vcs8._.js:776
[   84605ms] [LOG] [Fast Refresh] done in 47ms @ http://localhost:3000/_next/static/chunks/node_modules_next_dist_1e8vcs8._.js:776
[   84653ms] [LOG] [Fast Refresh] done in 47ms @ http://localhost:3000/_next/static/chunks/node_modules_next_dist_1e8vcs8._.js:776
[   84701ms] [LOG] [Fast Refresh] done in 47ms @ http://localhost:3000/_next/static/chunks/node_modules_next_dist_1e8vcs8._.js:776
[   84749ms] [LOG] [Fast Refresh] done in 47ms @ http://localhost:3000/_next/static/chunks/node_modules_next_dist_1e8vcs8._.js:776
[   84796ms] [LOG] [Fast Refresh] done in 47ms @ http://localhost:3000/_next/static/chunks/node_modules_next_dist_1e8vcs8._.js:776
[   84843ms] [LOG] [Fast Refresh] done in 47ms @ http://localhost:3000/_next/static/chunks/node_modules_next_dist_1e8vcs8._.js:776
[   84891ms] [LOG] [Fast Refresh] done in 47ms @ http://localhost:3000/_next/static/chunks/node_modules_next_dist_1e8vcs8._.js:776
[   84938ms] [LOG] [Fast Refresh] done in 47ms @ http://localhost:3000/_next/static/chunks/node_modules_next_dist_1e8vcs8._.js:776
[   84985ms] [LOG] [Fast Refresh] done in 47ms @ http://localhost:3000/_next/static/chunks/node_modules_next_dist_1e8vcs8._.js:776
[   85033ms] [LOG] [Fast Refresh] done in 47ms @ http://localhost:3000/_next/static/chunks/node_modules_next_dist_1e8vcs8._.js:776
[   85080ms] [LOG] [Fast Refresh] done in 47ms @ http://localhost:3000/_next/static/chunks/node_modules_next_dist_1e8vcs8._.js:776
[   85126ms] [LOG] [Fast Refresh] done in 47ms @ http://localhost:3000/_next/static/chunks/node_modules_next_dist_1e8vcs8._.js:776
[   85173ms] [LOG] [Fast Refresh] done in 47ms @ http://localhost:3000/_next/static/chunks/node_modules_next_dist_1e8vcs8._.js:776
[   85219ms] [LOG] [Fast Refresh] done in 47ms @ http://localhost:3000/_next/static/chunks/node_modules_next_dist_1e8vcs8._.js:776
[   85266ms] [LOG] [Fast Refresh] done in 47ms @ http://localhost:3000/_next/static/chunks/node_modules_next_dist_1e8vcs8._.js:776
[   85312ms] [LOG] [Fast Refresh] done in 47ms @ http://localhost:3000/_next/static/chunks/node_modules_next_dist_1e8vcs8._.js:776
[   85359ms] [LOG] [Fast Refresh] done in 47ms @ http://localhost:3000/_next/static/chunks/node_modules_next_dist_1e8vcs8._.js:776
[   85406ms] [LOG] [Fast Refresh] done in 47ms @ http://localhost:3000/_next/static/chunks/node_modules_next_dist_1e8vcs8._.js:776
[   85453ms] [LOG] [Fast Refresh] done in 47ms @ http://localhost:3000/_next/static/chunks/node_modules_next_dist_1e8vcs8._.js:776
[   85501ms] [LOG] [Fast Refresh] done in 47ms @ http://localhost:3000/_next/static/chunks/node_modules_next_dist_1e8vcs8._.js:776
[   85549ms] [LOG] [Fast Refresh] done in 47ms @ http://localhost:3000/_next/static/chunks/node_modules_next_dist_1e8vcs8._.js:776
[   85597ms] [LOG] [Fast Refresh] done in 47ms @ http://localhost:3000/_next/static/chunks/node_modules_next_dist_1e8vcs8._.js:776
[   85645ms] [LOG] [Fast Refresh] done in 47ms @ http://localhost:3000/_next/static/chunks/node_modules_next_dist_1e8vcs8._.js:776
[   85692ms] [LOG] [Fast Refresh] done in 47ms @ http://localhost:3000/_next/static/chunks/node_modules_next_dist_1e8vcs8._.js:776
[   85739ms] [LOG] [Fast Refresh] done in 47ms @ http://localhost:3000/_next/static/chunks/node_modules_next_dist_1e8vcs8._.js:776
[   85785ms] [LOG] [Fast Refresh] done in 47ms @ http://localhost:3000/_next/static/chunks/node_modules_next_dist_1e8vcs8._.js:776
[   85833ms] [LOG] [Fast Refresh] done in 47ms @ http://localhost:3000/_next/static/chunks/node_modules_next_dist_1e8vcs8._.js:776
[   85879ms] [LOG] [Fast Refresh] done in 47ms @ http://localhost:3000/_next/static/chunks/node_modules_next_dist_1e8vcs8._.js:776
[   85924ms] [LOG] [Fast Refresh] done in 47ms @ http://localhost:3000/_next/static/chunks/node_modules_next_dist_1e8vcs8._.js:776
[   85972ms] [LOG] [Fast Refresh] done in 47ms @ http://localhost:3000/_next/static/chunks/node_modules_next_dist_1e8vcs8._.js:776
[   86018ms] [LOG] [Fast Refresh] done in 47ms @ http://localhost:3000/_next/static/chunks/node_modules_next_dist_1e8vcs8._.js:776
[   86065ms] [LOG] [Fast Refresh] done in 47ms @ http://localhost:3000/_next/static/chunks/node_modules_next_dist_1e8vcs8._.js:776
[   86112ms] [LOG] [Fast Refresh] done in 47ms @ http://localhost:3000/_next/static/chunks/node_modules_next_dist_1e8vcs8._.js:776
[   86159ms] [LOG] [Fast Refresh] done in 47ms @ http://localhost:3000/_next/static/chunks/node_modules_next_dist_1e8vcs8._.js:776
[   86207ms] [LOG] [Fast Refresh] done in 47ms @ http://localhost:3000/_next/static/chunks/node_modules_next_dist_1e8vcs8._.js:776
[   86253ms] [LOG] [Fast Refresh] done in 47ms @ http://localhost:3000/_next/static/chunks/node_modules_next_dist_1e8vcs8._.js:776
[   86301ms] [LOG] [Fast Refresh] done in 47ms @ http://localhost:3000/_next/static/chunks/node_modules_next_dist_1e8vcs8._.js:776
[   86349ms] [LOG] [Fast Refresh] done in 47ms @ http://localhost:3000/_next/static/chunks/node_modules_next_dist_1e8vcs8._.js:776
[   86396ms] [LOG] [Fast Refresh] done in 47ms @ http://localhost:3000/_next/static/chunks/node_modules_next_dist_1e8vcs8._.js:776
[   86443ms] [LOG] [Fast Refresh] done in 47ms @ http://localhost:3000/_next/static/chunks/node_modules_next_dist_1e8vcs8._.js:776
[   86490ms] [LOG] [Fast Refresh] done in 47ms @ http://localhost:3000/_next/static/chunks/node_modules_next_dist_1e8vcs8._.js:776
[   86538ms] [LOG] [Fast Refresh] done in 47ms @ http://localhost:3000/_next/static/chunks/node_modules_next_dist_1e8vcs8._.js:776
[   86586ms] [LOG] [Fast Refresh] done in 47ms @ http://localhost:3000/_next/static/chunks/node_modules_next_dist_1e8vcs8._.js:776
[   86634ms] [LOG] [Fast Refresh] done in 47ms @ http://localhost:3000/_next/static/chunks/node_modules_next_dist_1e8vcs8._.js:776
[   86681ms] [LOG] [Fast Refresh] done in 47ms @ http://localhost:3000/_next/static/chunks/node_modules_next_dist_1e8vcs8._.js:776
[   86729ms] [LOG] [Fast Refresh] done in 47ms @ http://localhost:3000/_next/static/chunks/node_modules_next_dist_1e8vcs8._.js:776
[   86776ms] [LOG] [Fast Refresh] done in 47ms @ http://localhost:3000/_next/static/chunks/node_modules_next_dist_1e8vcs8._.js:776
[   86824ms] [LOG] [Fast Refresh] done in 47ms @ http://localhost:3000/_next/static/chunks/node_modules_next_dist_1e8vcs8._.js:776
[   86871ms] [LOG] [Fast Refresh] done in 47ms @ http://localhost:3000/_next/static/chunks/node_modules_next_dist_1e8vcs8._.js:776
[   86918ms] [LOG] [Fast Refresh] done in 47ms @ http://localhost:3000/_next/static/chunks/node_modules_next_dist_1e8vcs8._.js:776
[   86965ms] [LOG] [Fast Refresh] done in 47ms @ http://localhost:3000/_next/static/chunks/node_modules_next_dist_1e8vcs8._.js:776
[   87012ms] [LOG] [Fast Refresh] done in 47ms @ http://localhost:3000/_next/static/chunks/node_modules_next_dist_1e8vcs8._.js:776
[   87059ms] [LOG] [Fast Refresh] done in 47ms @ http://localhost:3000/_next/static/chunks/node_modules_next_dist_1e8vcs8._.js:776
[   87106ms] [LOG] [Fast Refresh] done in 47ms @ http://localhost:3000/_next/static/chunks/node_modules_next_dist_1e8vcs8._.js:776
[   87154ms] [LOG] [Fast Refresh] done in 47ms @ http://localhost:3000/_next/static/chunks/node_modules_next_dist_1e8vcs8._.js:776
[   87201ms] [LOG] [Fast Refresh] done in 47ms @ http://localhost:3000/_next/static/chunks/node_modules_next_dist_1e8vcs8._.js:776
[   87248ms] [LOG] [Fast Refresh] done in 47ms @ http://localhost:3000/_next/static/chunks/node_modules_next_dist_1e8vcs8._.js:776
[   87296ms] [LOG] [Fast Refresh] done in 47ms @ http://localhost:3000/_next/static/chunks/node_modules_next_dist_1e8vcs8._.js:776
[   87343ms] [LOG] [Fast Refresh] done in 47ms @ http://localhost:3000/_next/static/chunks/node_modules_next_dist_1e8vcs8._.js:776
[   87390ms] [LOG] [Fast Refresh] done in 47ms @ http://localhost:3000/_next/static/chunks/node_modules_next_dist_1e8vcs8._.js:776
[   87437ms] [LOG] [Fast Refresh] done in 47ms @ http://localhost:3000/_next/static/chunks/node_modules_next_dist_1e8vcs8._.js:776
[   87485ms] [LOG] [Fast Refresh] done in 47ms @ http://localhost:3000/_next/static/chunks/node_modules_next_dist_1e8vcs8._.js:776
[   87532ms] [LOG] [Fast Refresh] done in 47ms @ http://localhost:3000/_next/static/chunks/node_modules_next_dist_1e8vcs8._.js:776
[   87579ms] [LOG] [Fast Refresh] done in 47ms @ http://localhost:3000/_next/static/chunks/node_modules_next_dist_1e8vcs8._.js:776
[   87627ms] [LOG] [Fast Refresh] done in 47ms @ http://localhost:3000/_next/static/chunks/node_modules_next_dist_1e8vcs8._.js:776
[   87674ms] [LOG] [Fast Refresh] done in 47ms @ http://localhost:3000/_next/static/chunks/node_modules_next_dist_1e8vcs8._.js:776
[   87722ms] [LOG] [Fast Refresh] done in 47ms @ http://localhost:3000/_next/static/chunks/node_modules_next_dist_1e8vcs8._.js:776
[   87768ms] [LOG] [Fast Refresh] done in 47ms @ http://localhost:3000/_next/static/chunks/node_modules_next_dist_1e8vcs8._.js:776
[   87816ms] [LOG] [Fast Refresh] done in 47ms @ http://localhost:3000/_next/static/chunks/node_modules_next_dist_1e8vcs8._.js:776
[   87865ms] [LOG] [Fast Refresh] done in 47ms @ http://localhost:3000/_next/static/chunks/node_modules_next_dist_1e8vcs8._.js:776
[   87912ms] [LOG] [Fast Refresh] done in 47ms @ http://localhost:3000/_next/static/chunks/node_modules_next_dist_1e8vcs8._.js:776
[   87959ms] [LOG] [Fast Refresh] done in 47ms @ http://localhost:3000/_next/static/chunks/node_modules_next_dist_1e8vcs8._.js:776
[   88006ms] [LOG] [Fast Refresh] done in 47ms @ http://localhost:3000/_next/static/chunks/node_modules_next_dist_1e8vcs8._.js:776
[   88053ms] [LOG] [Fast Refresh] done in 47ms @ http://localhost:3000/_next/static/chunks/node_modules_next_dist_1e8vcs8._.js:776
[   88101ms] [LOG] [Fast Refresh] done in 47ms @ http://localhost:3000/_next/static/chunks/node_modules_next_dist_1e8vcs8._.js:776
[   88148ms] [LOG] [Fast Refresh] done in 47ms @ http://localhost:3000/_next/static/chunks/node_modules_next_dist_1e8vcs8._.js:776
[   88196ms] [LOG] [Fast Refresh] done in 47ms @ http://localhost:3000/_next/static/chunks/node_modules_next_dist_1e8vcs8._.js:776
[   88243ms] [LOG] [Fast Refresh] done in 47ms @ http://localhost:3000/_next/static/chunks/node_modules_next_dist_1e8vcs8._.js:776
[   88288ms] [LOG] [Fast Refresh] done in 47ms @ http://localhost:3000/_next/static/chunks/node_modules_next_dist_1e8vcs8._.js:776
[   88335ms] [LOG] [Fast Refresh] done in 47ms @ http://localhost:3000/_next/static/chunks/node_modules_next_dist_1e8vcs8._.js:776
[   88374ms] [LOG] [Fast Refresh] done in 47ms @ http://localhost:3000/_next/static/chunks/node_modules_next_dist_1e8vcs8._.js:776
[   88422ms] [LOG] [Fast Refresh] done in 47ms @ http://localhost:3000/_next/static/chunks/node_modules_next_dist_1e8vcs8._.js:776
[   88470ms] [LOG] [Fast Refresh] done in 47ms @ http://localhost:3000/_next/static/chunks/node_modules_next_dist_1e8vcs8._.js:776
[   88517ms] [LOG] [Fast Refresh] done in 47ms @ http://localhost:3000/_next/static/chunks/node_modules_next_dist_1e8vcs8._.js:776
[   88565ms] [LOG] [Fast Refresh] done in 47ms @ http://localhost:3000/_next/static/chunks/node_modules_next_dist_1e8vcs8._.js:776
[   88611ms] [LOG] [Fast Refresh] done in 47ms @ http://localhost:3000/_next/static/chunks/node_modules_next_dist_1e8vcs8._.js:776
[   88659ms] [LOG] [Fast Refresh] done in 47ms @ http://localhost:3000/_next/static/chunks/node_modules_next_dist_1e8vcs8._.js:776
[   88705ms] [LOG] [Fast Refresh] done in 47ms @ http://localhost:3000/_next/static/chunks/node_modules_next_dist_1e8vcs8._.js:776
[   88752ms] [LOG] [Fast Refresh] done in 47ms @ http://localhost:3000/_next/static/chunks/node_modules_next_dist_1e8vcs8._.js:776
[   88800ms] [LOG] [Fast Refresh] done in 47ms @ http://localhost:3000/_next/static/chunks/node_modules_next_dist_1e8vcs8._.js:776
[   88847ms] [LOG] [Fast Refresh] done in 47ms @ http://localhost:3000/_next/static/chunks/node_modules_next_dist_1e8vcs8._.js:776
[   88895ms] [LOG] [Fast Refresh] done in 47ms @ http://localhost:3000/_next/static/chunks/node_modules_next_dist_1e8vcs8._.js:776
[   88942ms] [LOG] [Fast Refresh] done in 47ms @ http://localhost:3000/_next/static/chunks/node_modules_next_dist_1e8vcs8._.js:776
[   88990ms] [LOG] [Fast Refresh] done in 47ms @ http://localhost:3000/_next/static/chunks/node_modules_next_dist_1e8vcs8._.js:776
[   89037ms] [LOG] [Fast Refresh] done in 47ms @ http://localhost:3000/_next/static/chunks/node_modules_next_dist_1e8vcs8._.js:776
[   89084ms] [LOG] [Fast Refresh] done in 47ms @ http://localhost:3000/_next/static/chunks/node_modules_next_dist_1e8vcs8._.js:776
[   89131ms] [LOG] [Fast Refresh] done in 47ms @ http://localhost:3000/_next/static/chunks/node_modules_next_dist_1e8vcs8._.js:776
[   89178ms] [LOG] [Fast Refresh] done in 47ms @ http://localhost:3000/_next/static/chunks/node_modules_next_dist_1e8vcs8._.js:776
[   89226ms] [LOG] [Fast Refresh] done in 47ms @ http://localhost:3000/_next/static/chunks/node_modules_next_dist_1e8vcs8._.js:776
[   89274ms] [LOG] [Fast Refresh] done in 47ms @ http://localhost:3000/_next/static/chunks/node_modules_next_dist_1e8vcs8._.js:776
[   89321ms] [LOG] [Fast Refresh] done in 47ms @ http://localhost:3000/_next/static/chunks/node_modules_next_dist_1e8vcs8._.js:776
[   89367ms] [LOG] [Fast Refresh] done in 47ms @ http://localhost:3000/_next/static/chunks/node_modules_next_dist_1e8vcs8._.js:776
[   89415ms] [LOG] [Fast Refresh] done in 47ms @ http://localhost:3000/_next/static/chunks/node_modules_next_dist_1e8vcs8._.js:776
[   89462ms] [LOG] [Fast Refresh] done in 47ms @ http://localhost:3000/_next/static/chunks/node_modules_next_dist_1e8vcs8._.js:776
[   89509ms] [LOG] [Fast Refresh] done in 47ms @ http://localhost:3000/_next/static/chunks/node_modules_next_dist_1e8vcs8._.js:776
[   89556ms] [LOG] [Fast Refresh] done in 47ms @ http://localhost:3000/_next/static/chunks/node_modules_next_dist_1e8vcs8._.js:776
[   89603ms] [LOG] [Fast Refresh] done in 47ms @ http://localhost:3000/_next/static/chunks/node_modules_next_dist_1e8vcs8._.js:776
[   89652ms] [LOG] [Fast Refresh] done in 47ms @ http://localhost:3000/_next/static/chunks/node_modules_next_dist_1e8vcs8._.js:776
[   89698ms] [LOG] [Fast Refresh] done in 47ms @ http://localhost:3000/_next/static/chunks/node_modules_next_dist_1e8vcs8._.js:776
[   89746ms] [LOG] [Fast Refresh] done in 47ms @ http://localhost:3000/_next/static/chunks/node_modules_next_dist_1e8vcs8._.js:776
[   89793ms] [LOG] [Fast Refresh] done in 47ms @ http://localhost:3000/_next/static/chunks/node_modules_next_dist_1e8vcs8._.js:776
[   89849ms] [LOG] [Fast Refresh] done in 47ms @ http://localhost:3000/_next/static/chunks/node_modules_next_dist_1e8vcs8._.js:776
[   89898ms] [LOG] [Fast Refresh] done in 47ms @ http://localhost:3000/_next/static/chunks/node_modules_next_dist_1e8vcs8._.js:776
[   89945ms] [LOG] [Fast Refresh] done in 47ms @ http://localhost:3000/_next/static/chunks/node_modules_next_dist_1e8vcs8._.js:776
[   89992ms] [LOG] [Fast Refresh] done in 47ms @ http://localhost:3000/_next/static/chunks/node_modules_next_dist_1e8vcs8._.js:776
[   90039ms] [LOG] [Fast Refresh] done in 47ms @ http://localhost:3000/_next/static/chunks/node_modules_next_dist_1e8vcs8._.js:776
[   90086ms] [LOG] [Fast Refresh] done in 47ms @ http://localhost:3000/_next/static/chunks/node_modules_next_dist_1e8vcs8._.js:776
[   90134ms] [LOG] [Fast Refresh] done in 47ms @ http://localhost:3000/_next/static/chunks/node_modules_next_dist_1e8vcs8._.js:776
[   90182ms] [LOG] [Fast Refresh] done in 47ms @ http://localhost:3000/_next/static/chunks/node_modules_next_dist_1e8vcs8._.js:776
[   90228ms] [LOG] [Fast Refresh] done in 47ms @ http://localhost:3000/_next/static/chunks/node_modules_next_dist_1e8vcs8._.js:776
[   90275ms] [LOG] [Fast Refresh] done in 47ms @ http://localhost:3000/_next/static/chunks/node_modules_next_dist_1e8vcs8._.js:776
[   90322ms] [LOG] [Fast Refresh] done in 47ms @ http://localhost:3000/_next/static/chunks/node_modules_next_dist_1e8vcs8._.js:776
[   90369ms] [LOG] [Fast Refresh] done in 47ms @ http://localhost:3000/_next/static/chunks/node_modules_next_dist_1e8vcs8._.js:776
[   90417ms] [LOG] [Fast Refresh] done in 47ms @ http://localhost:3000/_next/static/chunks/node_modules_next_dist_1e8vcs8._.js:776
[   90464ms] [LOG] [Fast Refresh] done in 47ms @ http://localhost:3000/_next/static/chunks/node_modules_next_dist_1e8vcs8._.js:776
[   90512ms] [LOG] [Fast Refresh] done in 47ms @ http://localhost:3000/_next/static/chunks/node_modules_next_dist_1e8vcs8._.js:776
[   90559ms] [LOG] [Fast Refresh] done in 47ms @ http://localhost:3000/_next/static/chunks/node_modules_next_dist_1e8vcs8._.js:776
[   90606ms] [LOG] [Fast Refresh] done in 47ms @ http://localhost:3000/_next/static/chunks/node_modules_next_dist_1e8vcs8._.js:776
[   90654ms] [LOG] [Fast Refresh] done in 47ms @ http://localhost:3000/_next/static/chunks/node_modules_next_dist_1e8vcs8._.js:776
[   90701ms] [LOG] [Fast Refresh] done in 47ms @ http://localhost:3000/_next/static/chunks/node_modules_next_dist_1e8vcs8._.js:776
[   90749ms] [LOG] [Fast Refresh] done in 47ms @ http://localhost:3000/_next/static/chunks/node_modules_next_dist_1e8vcs8._.js:776
[   90796ms] [LOG] [Fast Refresh] done in 47ms @ http://localhost:3000/_next/static/chunks/node_modules_next_dist_1e8vcs8._.js:776
[   90843ms] [LOG] [Fast Refresh] done in 47ms @ http://localhost:3000/_next/static/chunks/node_modules_next_dist_1e8vcs8._.js:776
[   90890ms] [LOG] [Fast Refresh] done in 47ms @ http://localhost:3000/_next/static/chunks/node_modules_next_dist_1e8vcs8._.js:776
[   90936ms] [LOG] [Fast Refresh] done in 47ms @ http://localhost:3000/_next/static/chunks/node_modules_next_dist_1e8vcs8._.js:776
[   90984ms] [LOG] [Fast Refresh] done in 47ms @ http://localhost:3000/_next/static/chunks/node_modules_next_dist_1e8vcs8._.js:776
[   91031ms] [LOG] [Fast Refresh] done in 47ms @ http://localhost:3000/_next/static/chunks/node_modules_next_dist_1e8vcs8._.js:776
[   91079ms] [LOG] [Fast Refresh] done in 47ms @ http://localhost:3000/_next/static/chunks/node_modules_next_dist_1e8vcs8._.js:776
[   91126ms] [LOG] [Fast Refresh] done in 47ms @ http://localhost:3000/_next/static/chunks/node_modules_next_dist_1e8vcs8._.js:776
[   91173ms] [LOG] [Fast Refresh] done in 47ms @ http://localhost:3000/_next/static/chunks/node_modules_next_dist_1e8vcs8._.js:776
[   91220ms] [LOG] [Fast Refresh] done in 47ms @ http://localhost:3000/_next/static/chunks/node_modules_next_dist_1e8vcs8._.js:776
[   91267ms] [LOG] [Fast Refresh] done in 47ms @ http://localhost:3000/_next/static/chunks/node_modules_next_dist_1e8vcs8._.js:776
[   91314ms] [LOG] [Fast Refresh] done in 47ms @ http://localhost:3000/_next/static/chunks/node_modules_next_dist_1e8vcs8._.js:776
[   91361ms] [LOG] [Fast Refresh] done in 47ms @ http://localhost:3000/_next/static/chunks/node_modules_next_dist_1e8vcs8._.js:776
[   91409ms] [LOG] [Fast Refresh] done in 47ms @ http://localhost:3000/_next/static/chunks/node_modules_next_dist_1e8vcs8._.js:776
[   91456ms] [LOG] [Fast Refresh] done in 47ms @ http://localhost:3000/_next/static/chunks/node_modules_next_dist_1e8vcs8._.js:776
[   91503ms] [LOG] [Fast Refresh] done in 47ms @ http://localhost:3000/_next/static/chunks/node_modules_next_dist_1e8vcs8._.js:776
[   91551ms] [LOG] [Fast Refresh] done in 47ms @ http://localhost:3000/_next/static/chunks/node_modules_next_dist_1e8vcs8._.js:776
[   91598ms] [LOG] [Fast Refresh] done in 47ms @ http://localhost:3000/_next/static/chunks/node_modules_next_dist_1e8vcs8._.js:776
[   91647ms] [LOG] [Fast Refresh] done in 47ms @ http://localhost:3000/_next/static/chunks/node_modules_next_dist_1e8vcs8._.js:776
[   91695ms] [LOG] [Fast Refresh] done in 47ms @ http://localhost:3000/_next/static/chunks/node_modules_next_dist_1e8vcs8._.js:776
[   91743ms] [LOG] [Fast Refresh] done in 47ms @ http://localhost:3000/_next/static/chunks/node_modules_next_dist_1e8vcs8._.js:776
[   91791ms] [LOG] [Fast Refresh] done in 47ms @ http://localhost:3000/_next/static/chunks/node_modules_next_dist_1e8vcs8._.js:776
[   91838ms] [LOG] [Fast Refresh] done in 47ms @ http://localhost:3000/_next/static/chunks/node_modules_next_dist_1e8vcs8._.js:776
[   91886ms] [LOG] [Fast Refresh] done in 47ms @ http://localhost:3000/_next/static/chunks/node_modules_next_dist_1e8vcs8._.js:776
[   91936ms] [LOG] [Fast Refresh] done in 47ms @ http://localhost:3000/_next/static/chunks/node_modules_next_dist_1e8vcs8._.js:776
[   91983ms] [LOG] [Fast Refresh] done in 47ms @ http://localhost:3000/_next/static/chunks/node_modules_next_dist_1e8vcs8._.js:776
[   92031ms] [LOG] [Fast Refresh] done in 47ms @ http://localhost:3000/_next/static/chunks/node_modules_next_dist_1e8vcs8._.js:776
[   92079ms] [LOG] [Fast Refresh] done in 47ms @ http://localhost:3000/_next/static/chunks/node_modules_next_dist_1e8vcs8._.js:776
[   92128ms] [LOG] [Fast Refresh] done in 47ms @ http://localhost:3000/_next/static/chunks/node_modules_next_dist_1e8vcs8._.js:776
[   92176ms] [LOG] [Fast Refresh] done in 47ms @ http://localhost:3000/_next/static/chunks/node_modules_next_dist_1e8vcs8._.js:776
[   92224ms] [LOG] [Fast Refresh] done in 47ms @ http://localhost:3000/_next/static/chunks/node_modules_next_dist_1e8vcs8._.js:776
[   92272ms] [LOG] [Fast Refresh] done in 47ms @ http://localhost:3000/_next/static/chunks/node_modules_next_dist_1e8vcs8._.js:776
[   92320ms] [LOG] [Fast Refresh] done in 47ms @ http://localhost:3000/_next/static/chunks/node_modules_next_dist_1e8vcs8._.js:776
[   92367ms] [LOG] [Fast Refresh] done in 47ms @ http://localhost:3000/_next/static/chunks/node_modules_next_dist_1e8vcs8._.js:776
[   92415ms] [LOG] [Fast Refresh] done in 47ms @ http://localhost:3000/_next/static/chunks/node_modules_next_dist_1e8vcs8._.js:776
[   92463ms] [LOG] [Fast Refresh] done in 47ms @ http://localhost:3000/_next/static/chunks/node_modules_next_dist_1e8vcs8._.js:776
[   92510ms] [LOG] [Fast Refresh] done in 47ms @ http://localhost:3000/_next/static/chunks/node_modules_next_dist_1e8vcs8._.js:776
[   92558ms] [LOG] [Fast Refresh] done in 47ms @ http://localhost:3000/_next/static/chunks/node_modules_next_dist_1e8vcs8._.js:776
[   92606ms] [LOG] [Fast Refresh] done in 47ms @ http://localhost:3000/_next/static/chunks/node_modules_next_dist_1e8vcs8._.js:776
[   92652ms] [LOG] [Fast Refresh] done in 47ms @ http://localhost:3000/_next/static/chunks/node_modules_next_dist_1e8vcs8._.js:776
[   92710ms] [LOG] [Fast Refresh] done in 47ms @ http://localhost:3000/_next/static/chunks/node_modules_next_dist_1e8vcs8._.js:776
[   92758ms] [LOG] [Fast Refresh] done in 47ms @ http://localhost:3000/_next/static/chunks/node_modules_next_dist_1e8vcs8._.js:776
[   92805ms] [LOG] [Fast Refresh] done in 47ms @ http://localhost:3000/_next/static/chunks/node_modules_next_dist_1e8vcs8._.js:776
[   92852ms] [LOG] [Fast Refresh] done in 47ms @ http://localhost:3000/_next/static/chunks/node_modules_next_dist_1e8vcs8._.js:776
[   92898ms] [LOG] [Fast Refresh] done in 47ms @ http://localhost:3000/_next/static/chunks/node_modules_next_dist_1e8vcs8._.js:776
[   92946ms] [LOG] [Fast Refresh] done in 47ms @ http://localhost:3000/_next/static/chunks/node_modules_next_dist_1e8vcs8._.js:776
[   92993ms] [LOG] [Fast Refresh] done in 47ms @ http://localhost:3000/_next/static/chunks/node_modules_next_dist_1e8vcs8._.js:776
[   93040ms] [LOG] [Fast Refresh] done in 47ms @ http://localhost:3000/_next/static/chunks/node_modules_next_dist_1e8vcs8._.js:776
[   93088ms] [LOG] [Fast Refresh] done in 47ms @ http://localhost:3000/_next/static/chunks/node_modules_next_dist_1e8vcs8._.js:776
[   93135ms] [LOG] [Fast Refresh] done in 47ms @ http://localhost:3000/_next/static/chunks/node_modules_next_dist_1e8vcs8._.js:776
[   93182ms] [LOG] [Fast Refresh] done in 47ms @ http://localhost:3000/_next/static/chunks/node_modules_next_dist_1e8vcs8._.js:776
[   93230ms] [LOG] [Fast Refresh] done in 47ms @ http://localhost:3000/_next/static/chunks/node_modules_next_dist_1e8vcs8._.js:776
[   93278ms] [LOG] [Fast Refresh] done in 47ms @ http://localhost:3000/_next/static/chunks/node_modules_next_dist_1e8vcs8._.js:776
[   93325ms] [LOG] [Fast Refresh] done in 47ms @ http://localhost:3000/_next/static/chunks/node_modules_next_dist_1e8vcs8._.js:776
[   93372ms] [LOG] [Fast Refresh] done in 47ms @ http://localhost:3000/_next/static/chunks/node_modules_next_dist_1e8vcs8._.js:776
[   93419ms] [LOG] [Fast Refresh] done in 47ms @ http://localhost:3000/_next/static/chunks/node_modules_next_dist_1e8vcs8._.js:776
[   93467ms] [LOG] [Fast Refresh] done in 47ms @ http://localhost:3000/_next/static/chunks/node_modules_next_dist_1e8vcs8._.js:776
[   93514ms] [LOG] [Fast Refresh] done in 47ms @ http://localhost:3000/_next/static/chunks/node_modules_next_dist_1e8vcs8._.js:776
[   93562ms] [LOG] [Fast Refresh] done in 47ms @ http://localhost:3000/_next/static/chunks/node_modules_next_dist_1e8vcs8._.js:776
[   93609ms] [LOG] [Fast Refresh] done in 47ms @ http://localhost:3000/_next/static/chunks/node_modules_next_dist_1e8vcs8._.js:776
[   93656ms] [LOG] [Fast Refresh] done in 47ms @ http://localhost:3000/_next/static/chunks/node_modules_next_dist_1e8vcs8._.js:776
[   93704ms] [LOG] [Fast Refresh] done in 47ms @ http://localhost:3000/_next/static/chunks/node_modules_next_dist_1e8vcs8._.js:776
[   93752ms] [LOG] [Fast Refresh] done in 47ms @ http://localhost:3000/_next/static/chunks/node_modules_next_dist_1e8vcs8._.js:776
[   93801ms] [LOG] [Fast Refresh] done in 47ms @ http://localhost:3000/_next/static/chunks/node_modules_next_dist_1e8vcs8._.js:776
[   93849ms] [LOG] [Fast Refresh] done in 47ms @ http://localhost:3000/_next/static/chunks/node_modules_next_dist_1e8vcs8._.js:776
[   93896ms] [LOG] [Fast Refresh] done in 47ms @ http://localhost:3000/_next/static/chunks/node_modules_next_dist_1e8vcs8._.js:776
[   93943ms] [LOG] [Fast Refresh] done in 47ms @ http://localhost:3000/_next/static/chunks/node_modules_next_dist_1e8vcs8._.js:776
[   93991ms] [LOG] [Fast Refresh] done in 47ms @ http://localhost:3000/_next/static/chunks/node_modules_next_dist_1e8vcs8._.js:776
[   94039ms] [LOG] [Fast Refresh] done in 47ms @ http://localhost:3000/_next/static/chunks/node_modules_next_dist_1e8vcs8._.js:776
[   94086ms] [LOG] [Fast Refresh] done in 47ms @ http://localhost:3000/_next/static/chunks/node_modules_next_dist_1e8vcs8._.js:776
[   94134ms] [LOG] [Fast Refresh] done in 47ms @ http://localhost:3000/_next/static/chunks/node_modules_next_dist_1e8vcs8._.js:776
[   94181ms] [LOG] [Fast Refresh] done in 47ms @ http://localhost:3000/_next/static/chunks/node_modules_next_dist_1e8vcs8._.js:776
[   94228ms] [LOG] [Fast Refresh] done in 47ms @ http://localhost:3000/_next/static/chunks/node_modules_next_dist_1e8vcs8._.js:776
[   94275ms] [LOG] [Fast Refresh] done in 47ms @ http://localhost:3000/_next/static/chunks/node_modules_next_dist_1e8vcs8._.js:776
[   94322ms] [LOG] [Fast Refresh] done in 47ms @ http://localhost:3000/_next/static/chunks/node_modules_next_dist_1e8vcs8._.js:776
[   94369ms] [LOG] [Fast Refresh] done in 47ms @ http://localhost:3000/_next/static/chunks/node_modules_next_dist_1e8vcs8._.js:776
[   94417ms] [LOG] [Fast Refresh] done in 47ms @ http://localhost:3000/_next/static/chunks/node_modules_next_dist_1e8vcs8._.js:776
[   94465ms] [LOG] [Fast Refresh] done in 47ms @ http://localhost:3000/_next/static/chunks/node_modules_next_dist_1e8vcs8._.js:776
[   94512ms] [LOG] [Fast Refresh] done in 47ms @ http://localhost:3000/_next/static/chunks/node_modules_next_dist_1e8vcs8._.js:776
[   94559ms] [LOG] [Fast Refresh] done in 47ms @ http://localhost:3000/_next/static/chunks/node_modules_next_dist_1e8vcs8._.js:776
[   94605ms] [LOG] [Fast Refresh] done in 47ms @ http://localhost:3000/_next/static/chunks/node_modules_next_dist_1e8vcs8._.js:776
[   94651ms] [LOG] [Fast Refresh] done in 47ms @ http://localhost:3000/_next/static/chunks/node_modules_next_dist_1e8vcs8._.js:776
[   94699ms] [LOG] [Fast Refresh] done in 47ms @ http://localhost:3000/_next/static/chunks/node_modules_next_dist_1e8vcs8._.js:776
[   94746ms] [LOG] [Fast Refresh] done in 47ms @ http://localhost:3000/_next/static/chunks/node_modules_next_dist_1e8vcs8._.js:776
[   94793ms] [LOG] [Fast Refresh] done in 47ms @ http://localhost:3000/_next/static/chunks/node_modules_next_dist_1e8vcs8._.js:776
[   94842ms] [LOG] [Fast Refresh] done in 47ms @ http://localhost:3000/_next/static/chunks/node_modules_next_dist_1e8vcs8._.js:776
[   94888ms] [LOG] [Fast Refresh] done in 47ms @ http://localhost:3000/_next/static/chunks/node_modules_next_dist_1e8vcs8._.js:776
[   94935ms] [LOG] [Fast Refresh] done in 47ms @ http://localhost:3000/_next/static/chunks/node_modules_next_dist_1e8vcs8._.js:776
[   94982ms] [LOG] [Fast Refresh] done in 47ms @ http://localhost:3000/_next/static/chunks/node_modules_next_dist_1e8vcs8._.js:776
[   95029ms] [LOG] [Fast Refresh] done in 47ms @ http://localhost:3000/_next/static/chunks/node_modules_next_dist_1e8vcs8._.js:776
[   95077ms] [LOG] [Fast Refresh] done in 47ms @ http://localhost:3000/_next/static/chunks/node_modules_next_dist_1e8vcs8._.js:776
[   95124ms] [LOG] [Fast Refresh] done in 47ms @ http://localhost:3000/_next/static/chunks/node_modules_next_dist_1e8vcs8._.js:776
[   95171ms] [LOG] [Fast Refresh] done in 47ms @ http://localhost:3000/_next/static/chunks/node_modules_next_dist_1e8vcs8._.js:776
[   95217ms] [LOG] [Fast Refresh] done in 47ms @ http://localhost:3000/_next/static/chunks/node_modules_next_dist_1e8vcs8._.js:776
[   95264ms] [LOG] [Fast Refresh] done in 47ms @ http://localhost:3000/_next/static/chunks/node_modules_next_dist_1e8vcs8._.js:776
[   95311ms] [LOG] [Fast Refresh] done in 47ms @ http://localhost:3000/_next/static/chunks/node_modules_next_dist_1e8vcs8._.js:776
[   95357ms] [LOG] [Fast Refresh] done in 47ms @ http://localhost:3000/_next/static/chunks/node_modules_next_dist_1e8vcs8._.js:776
[   95405ms] [LOG] [Fast Refresh] done in 47ms @ http://localhost:3000/_next/static/chunks/node_modules_next_dist_1e8vcs8._.js:776
[   95452ms] [LOG] [Fast Refresh] done in 47ms @ http://localhost:3000/_next/static/chunks/node_modules_next_dist_1e8vcs8._.js:776
[   95498ms] [LOG] [Fast Refresh] done in 47ms @ http://localhost:3000/_next/static/chunks/node_modules_next_dist_1e8vcs8._.js:776
[   95544ms] [LOG] [Fast Refresh] done in 47ms @ http://localhost:3000/_next/static/chunks/node_modules_next_dist_1e8vcs8._.js:776
[   95590ms] [LOG] [Fast Refresh] done in 47ms @ http://localhost:3000/_next/static/chunks/node_modules_next_dist_1e8vcs8._.js:776
[   95637ms] [LOG] [Fast Refresh] done in 47ms @ http://localhost:3000/_next/static/chunks/node_modules_next_dist_1e8vcs8._.js:776
[   95685ms] [LOG] [Fast Refresh] done in 47ms @ http://localhost:3000/_next/static/chunks/node_modules_next_dist_1e8vcs8._.js:776
[   95732ms] [LOG] [Fast Refresh] done in 47ms @ http://localhost:3000/_next/static/chunks/node_modules_next_dist_1e8vcs8._.js:776
[   95778ms] [LOG] [Fast Refresh] done in 47ms @ http://localhost:3000/_next/static/chunks/node_modules_next_dist_1e8vcs8._.js:776
[   95825ms] [LOG] [Fast Refresh] done in 47ms @ http://localhost:3000/_next/static/chunks/node_modules_next_dist_1e8vcs8._.js:776
[   95871ms] [LOG] [Fast Refresh] done in 47ms @ http://localhost:3000/_next/static/chunks/node_modules_next_dist_1e8vcs8._.js:776
[   95917ms] [LOG] [Fast Refresh] done in 47ms @ http://localhost:3000/_next/static/chunks/node_modules_next_dist_1e8vcs8._.js:776
[   95965ms] [LOG] [Fast Refresh] done in 47ms @ http://localhost:3000/_next/static/chunks/node_modules_next_dist_1e8vcs8._.js:776
[   96012ms] [LOG] [Fast Refresh] done in 47ms @ http://localhost:3000/_next/static/chunks/node_modules_next_dist_1e8vcs8._.js:776
[   96060ms] [LOG] [Fast Refresh] done in 47ms @ http://localhost:3000/_next/static/chunks/node_modules_next_dist_1e8vcs8._.js:776
[   96107ms] [LOG] [Fast Refresh] done in 47ms @ http://localhost:3000/_next/static/chunks/node_modules_next_dist_1e8vcs8._.js:776
[   96154ms] [LOG] [Fast Refresh] done in 47ms @ http://localhost:3000/_next/static/chunks/node_modules_next_dist_1e8vcs8._.js:776
[   96201ms] [LOG] [Fast Refresh] done in 47ms @ http://localhost:3000/_next/static/chunks/node_modules_next_dist_1e8vcs8._.js:776
[   96249ms] [LOG] [Fast Refresh] done in 47ms @ http://localhost:3000/_next/static/chunks/node_modules_next_dist_1e8vcs8._.js:776
[   96298ms] [LOG] [Fast Refresh] done in 47ms @ http://localhost:3000/_next/static/chunks/node_modules_next_dist_1e8vcs8._.js:776
[   96345ms] [LOG] [Fast Refresh] done in 47ms @ http://localhost:3000/_next/static/chunks/node_modules_next_dist_1e8vcs8._.js:776
[   96393ms] [LOG] [Fast Refresh] done in 47ms @ http://localhost:3000/_next/static/chunks/node_modules_next_dist_1e8vcs8._.js:776
[   96439ms] [LOG] [Fast Refresh] done in 47ms @ http://localhost:3000/_next/static/chunks/node_modules_next_dist_1e8vcs8._.js:776
[   96486ms] [LOG] [Fast Refresh] done in 47ms @ http://localhost:3000/_next/static/chunks/node_modules_next_dist_1e8vcs8._.js:776
[   96536ms] [LOG] [Fast Refresh] done in 47ms @ http://localhost:3000/_next/static/chunks/node_modules_next_dist_1e8vcs8._.js:776
[   96583ms] [LOG] [Fast Refresh] done in 47ms @ http://localhost:3000/_next/static/chunks/node_modules_next_dist_1e8vcs8._.js:776
[   96631ms] [LOG] [Fast Refresh] done in 47ms @ http://localhost:3000/_next/static/chunks/node_modules_next_dist_1e8vcs8._.js:776
[   96678ms] [LOG] [Fast Refresh] done in 47ms @ http://localhost:3000/_next/static/chunks/node_modules_next_dist_1e8vcs8._.js:776
[   96725ms] [LOG] [Fast Refresh] done in 47ms @ http://localhost:3000/_next/static/chunks/node_modules_next_dist_1e8vcs8._.js:776
[   96771ms] [LOG] [Fast Refresh] done in 47ms @ http://localhost:3000/_next/static/chunks/node_modules_next_dist_1e8vcs8._.js:776
[   96818ms] [LOG] [Fast Refresh] done in 47ms @ http://localhost:3000/_next/static/chunks/node_modules_next_dist_1e8vcs8._.js:776
[   96864ms] [LOG] [Fast Refresh] done in 47ms @ http://localhost:3000/_next/static/chunks/node_modules_next_dist_1e8vcs8._.js:776
[   96911ms] [LOG] [Fast Refresh] done in 47ms @ http://localhost:3000/_next/static/chunks/node_modules_next_dist_1e8vcs8._.js:776
[   96959ms] [LOG] [Fast Refresh] done in 47ms @ http://localhost:3000/_next/static/chunks/node_modules_next_dist_1e8vcs8._.js:776
[   97006ms] [LOG] [Fast Refresh] done in 47ms @ http://localhost:3000/_next/static/chunks/node_modules_next_dist_1e8vcs8._.js:776
[   97053ms] [LOG] [Fast Refresh] done in 47ms @ http://localhost:3000/_next/static/chunks/node_modules_next_dist_1e8vcs8._.js:776
[   97101ms] [LOG] [Fast Refresh] done in 47ms @ http://localhost:3000/_next/static/chunks/node_modules_next_dist_1e8vcs8._.js:776
[   97149ms] [LOG] [Fast Refresh] done in 47ms @ http://localhost:3000/_next/static/chunks/node_modules_next_dist_1e8vcs8._.js:776
[   97196ms] [LOG] [Fast Refresh] done in 47ms @ http://localhost:3000/_next/static/chunks/node_modules_next_dist_1e8vcs8._.js:776
[   97243ms] [LOG] [Fast Refresh] done in 47ms @ http://localhost:3000/_next/static/chunks/node_modules_next_dist_1e8vcs8._.js:776
[   97290ms] [LOG] [Fast Refresh] done in 47ms @ http://localhost:3000/_next/static/chunks/node_modules_next_dist_1e8vcs8._.js:776
[   97337ms] [LOG] [Fast Refresh] done in 47ms @ http://localhost:3000/_next/static/chunks/node_modules_next_dist_1e8vcs8._.js:776
[   97384ms] [LOG] [Fast Refresh] done in 47ms @ http://localhost:3000/_next/static/chunks/node_modules_next_dist_1e8vcs8._.js:776
[   97431ms] [LOG] [Fast Refresh] done in 47ms @ http://localhost:3000/_next/static/chunks/node_modules_next_dist_1e8vcs8._.js:776
[   97477ms] [LOG] [Fast Refresh] done in 47ms @ http://localhost:3000/_next/static/chunks/node_modules_next_dist_1e8vcs8._.js:776
[   97525ms] [LOG] [Fast Refresh] done in 47ms @ http://localhost:3000/_next/static/chunks/node_modules_next_dist_1e8vcs8._.js:776
[   97571ms] [LOG] [Fast Refresh] done in 47ms @ http://localhost:3000/_next/static/chunks/node_modules_next_dist_1e8vcs8._.js:776
[   97619ms] [LOG] [Fast Refresh] done in 47ms @ http://localhost:3000/_next/static/chunks/node_modules_next_dist_1e8vcs8._.js:776
[   97667ms] [LOG] [Fast Refresh] done in 47ms @ http://localhost:3000/_next/static/chunks/node_modules_next_dist_1e8vcs8._.js:776
[   97714ms] [LOG] [Fast Refresh] done in 47ms @ http://localhost:3000/_next/static/chunks/node_modules_next_dist_1e8vcs8._.js:776
[   97760ms] [LOG] [Fast Refresh] done in 47ms @ http://localhost:3000/_next/static/chunks/node_modules_next_dist_1e8vcs8._.js:776
[   97807ms] [LOG] [Fast Refresh] done in 47ms @ http://localhost:3000/_next/static/chunks/node_modules_next_dist_1e8vcs8._.js:776
[   97854ms] [LOG] [Fast Refresh] done in 47ms @ http://localhost:3000/_next/static/chunks/node_modules_next_dist_1e8vcs8._.js:776
[   97891ms] [LOG] [Fast Refresh] done in 47ms @ http://localhost:3000/_next/static/chunks/node_modules_next_dist_1e8vcs8._.js:776
[   97937ms] [LOG] [Fast Refresh] done in 47ms @ http://localhost:3000/_next/static/chunks/node_modules_next_dist_1e8vcs8._.js:776
[   97984ms] [LOG] [Fast Refresh] done in 47ms @ http://localhost:3000/_next/static/chunks/node_modules_next_dist_1e8vcs8._.js:776
[   98032ms] [LOG] [Fast Refresh] done in 47ms @ http://localhost:3000/_next/static/chunks/node_modules_next_dist_1e8vcs8._.js:776
[   98079ms] [LOG] [Fast Refresh] done in 47ms @ http://localhost:3000/_next/static/chunks/node_modules_next_dist_1e8vcs8._.js:776
[   98126ms] [LOG] [Fast Refresh] done in 47ms @ http://localhost:3000/_next/static/chunks/node_modules_next_dist_1e8vcs8._.js:776
[   98173ms] [LOG] [Fast Refresh] done in 47ms @ http://localhost:3000/_next/static/chunks/node_modules_next_dist_1e8vcs8._.js:776
[   98219ms] [LOG] [Fast Refresh] done in 47ms @ http://localhost:3000/_next/static/chunks/node_modules_next_dist_1e8vcs8._.js:776
[   98267ms] [LOG] [Fast Refresh] done in 47ms @ http://localhost:3000/_next/static/chunks/node_modules_next_dist_1e8vcs8._.js:776
[   98314ms] [LOG] [Fast Refresh] done in 47ms @ http://localhost:3000/_next/static/chunks/node_modules_next_dist_1e8vcs8._.js:776
[   98362ms] [LOG] [Fast Refresh] done in 47ms @ http://localhost:3000/_next/static/chunks/node_modules_next_dist_1e8vcs8._.js:776
[   98409ms] [LOG] [Fast Refresh] done in 47ms @ http://localhost:3000/_next/static/chunks/node_modules_next_dist_1e8vcs8._.js:776
[   98455ms] [LOG] [Fast Refresh] done in 47ms @ http://localhost:3000/_next/static/chunks/node_modules_next_dist_1e8vcs8._.js:776
[   98501ms] [LOG] [Fast Refresh] done in 47ms @ http://localhost:3000/_next/static/chunks/node_modules_next_dist_1e8vcs8._.js:776
[   98548ms] [LOG] [Fast Refresh] done in 47ms @ http://localhost:3000/_next/static/chunks/node_modules_next_dist_1e8vcs8._.js:776
[   98595ms] [LOG] [Fast Refresh] done in 47ms @ http://localhost:3000/_next/static/chunks/node_modules_next_dist_1e8vcs8._.js:776
[   98636ms] [LOG] [Fast Refresh] done in 47ms @ http://localhost:3000/_next/static/chunks/node_modules_next_dist_1e8vcs8._.js:776
[   98684ms] [LOG] [Fast Refresh] done in 47ms @ http://localhost:3000/_next/static/chunks/node_modules_next_dist_1e8vcs8._.js:776
[   98731ms] [LOG] [Fast Refresh] done in 47ms @ http://localhost:3000/_next/static/chunks/node_modules_next_dist_1e8vcs8._.js:776
[   98778ms] [LOG] [Fast Refresh] done in 47ms @ http://localhost:3000/_next/static/chunks/node_modules_next_dist_1e8vcs8._.js:776
[   98825ms] [LOG] [Fast Refresh] done in 47ms @ http://localhost:3000/_next/static/chunks/node_modules_next_dist_1e8vcs8._.js:776
[   98873ms] [LOG] [Fast Refresh] done in 47ms @ http://localhost:3000/_next/static/chunks/node_modules_next_dist_1e8vcs8._.js:776
[   98920ms] [LOG] [Fast Refresh] done in 47ms @ http://localhost:3000/_next/static/chunks/node_modules_next_dist_1e8vcs8._.js:776
[   98967ms] [LOG] [Fast Refresh] done in 47ms @ http://localhost:3000/_next/static/chunks/node_modules_next_dist_1e8vcs8._.js:776
[   99013ms] [LOG] [Fast Refresh] done in 47ms @ http://localhost:3000/_next/static/chunks/node_modules_next_dist_1e8vcs8._.js:776
[   99061ms] [LOG] [Fast Refresh] done in 47ms @ http://localhost:3000/_next/static/chunks/node_modules_next_dist_1e8vcs8._.js:776
[   99108ms] [LOG] [Fast Refresh] done in 47ms @ http://localhost:3000/_next/static/chunks/node_modules_next_dist_1e8vcs8._.js:776
[   99154ms] [LOG] [Fast Refresh] done in 47ms @ http://localhost:3000/_next/static/chunks/node_modules_next_dist_1e8vcs8._.js:776
[   99201ms] [LOG] [Fast Refresh] done in 47ms @ http://localhost:3000/_next/static/chunks/node_modules_next_dist_1e8vcs8._.js:776
[   99248ms] [LOG] [Fast Refresh] done in 47ms @ http://localhost:3000/_next/static/chunks/node_modules_next_dist_1e8vcs8._.js:776
[   99296ms] [LOG] [Fast Refresh] done in 47ms @ http://localhost:3000/_next/static/chunks/node_modules_next_dist_1e8vcs8._.js:776
[   99343ms] [LOG] [Fast Refresh] done in 47ms @ http://localhost:3000/_next/static/chunks/node_modules_next_dist_1e8vcs8._.js:776
[   99390ms] [LOG] [Fast Refresh] done in 47ms @ http://localhost:3000/_next/static/chunks/node_modules_next_dist_1e8vcs8._.js:776
[   99438ms] [LOG] [Fast Refresh] done in 47ms @ http://localhost:3000/_next/static/chunks/node_modules_next_dist_1e8vcs8._.js:776
[   99485ms] [LOG] [Fast Refresh] done in 47ms @ http://localhost:3000/_next/static/chunks/node_modules_next_dist_1e8vcs8._.js:776
[   99533ms] [LOG] [Fast Refresh] done in 47ms @ http://localhost:3000/_next/static/chunks/node_modules_next_dist_1e8vcs8._.js:776
[   99581ms] [LOG] [Fast Refresh] done in 47ms @ http://localhost:3000/_next/static/chunks/node_modules_next_dist_1e8vcs8._.js:776
[   99628ms] [LOG] [Fast Refresh] done in 47ms @ http://localhost:3000/_next/static/chunks/node_modules_next_dist_1e8vcs8._.js:776
[   99675ms] [LOG] [Fast Refresh] done in 47ms @ http://localhost:3000/_next/static/chunks/node_modules_next_dist_1e8vcs8._.js:776
[   99723ms] [LOG] [Fast Refresh] done in 47ms @ http://localhost:3000/_next/static/chunks/node_modules_next_dist_1e8vcs8._.js:776
[   99770ms] [LOG] [Fast Refresh] done in 47ms @ http://localhost:3000/_next/static/chunks/node_modules_next_dist_1e8vcs8._.js:776
[   99818ms] [LOG] [Fast Refresh] done in 47ms @ http://localhost:3000/_next/static/chunks/node_modules_next_dist_1e8vcs8._.js:776
[   99865ms] [LOG] [Fast Refresh] done in 47ms @ http://localhost:3000/_next/static/chunks/node_modules_next_dist_1e8vcs8._.js:776
[   99913ms] [LOG] [Fast Refresh] done in 47ms @ http://localhost:3000/_next/static/chunks/node_modules_next_dist_1e8vcs8._.js:776
[   99961ms] [LOG] [Fast Refresh] done in 47ms @ http://localhost:3000/_next/static/chunks/node_modules_next_dist_1e8vcs8._.js:776
[  100008ms] [LOG] [Fast Refresh] done in 47ms @ http://localhost:3000/_next/static/chunks/node_modules_next_dist_1e8vcs8._.js:776
[  100054ms] [LOG] [Fast Refresh] done in 47ms @ http://localhost:3000/_next/static/chunks/node_modules_next_dist_1e8vcs8._.js:776
[  100102ms] [LOG] [Fast Refresh] done in 47ms @ http://localhost:3000/_next/static/chunks/node_modules_next_dist_1e8vcs8._.js:776
[  100149ms] [LOG] [Fast Refresh] done in 47ms @ http://localhost:3000/_next/static/chunks/node_modules_next_dist_1e8vcs8._.js:776
[  100195ms] [LOG] [Fast Refresh] done in 47ms @ http://localhost:3000/_next/static/chunks/node_modules_next_dist_1e8vcs8._.js:776
[  100243ms] [LOG] [Fast Refresh] done in 47ms @ http://localhost:3000/_next/static/chunks/node_modules_next_dist_1e8vcs8._.js:776
[  100290ms] [LOG] [Fast Refresh] done in 47ms @ http://localhost:3000/_next/static/chunks/node_modules_next_dist_1e8vcs8._.js:776
[  100336ms] [LOG] [Fast Refresh] done in 47ms @ http://localhost:3000/_next/static/chunks/node_modules_next_dist_1e8vcs8._.js:776
[  100384ms] [LOG] [Fast Refresh] done in 47ms @ http://localhost:3000/_next/static/chunks/node_modules_next_dist_1e8vcs8._.js:776
[  100430ms] [LOG] [Fast Refresh] done in 47ms @ http://localhost:3000/_next/static/chunks/node_modules_next_dist_1e8vcs8._.js:776
[  100477ms] [LOG] [Fast Refresh] done in 47ms @ http://localhost:3000/_next/static/chunks/node_modules_next_dist_1e8vcs8._.js:776
[  100524ms] [LOG] [Fast Refresh] done in 47ms @ http://localhost:3000/_next/static/chunks/node_modules_next_dist_1e8vcs8._.js:776
[  100572ms] [LOG] [Fast Refresh] done in 47ms @ http://localhost:3000/_next/static/chunks/node_modules_next_dist_1e8vcs8._.js:776
[  100619ms] [LOG] [Fast Refresh] done in 47ms @ http://localhost:3000/_next/static/chunks/node_modules_next_dist_1e8vcs8._.js:776
[  100667ms] [LOG] [Fast Refresh] done in 47ms @ http://localhost:3000/_next/static/chunks/node_modules_next_dist_1e8vcs8._.js:776
[  100715ms] [LOG] [Fast Refresh] done in 47ms @ http://localhost:3000/_next/static/chunks/node_modules_next_dist_1e8vcs8._.js:776
[  100762ms] [LOG] [Fast Refresh] done in 47ms @ http://localhost:3000/_next/static/chunks/node_modules_next_dist_1e8vcs8._.js:776
[  100810ms] [LOG] [Fast Refresh] done in 47ms @ http://localhost:3000/_next/static/chunks/node_modules_next_dist_1e8vcs8._.js:776
[  100858ms] [LOG] [Fast Refresh] done in 47ms @ http://localhost:3000/_next/static/chunks/node_modules_next_dist_1e8vcs8._.js:776
[  100905ms] [LOG] [Fast Refresh] done in 47ms @ http://localhost:3000/_next/static/chunks/node_modules_next_dist_1e8vcs8._.js:776
[  100952ms] [LOG] [Fast Refresh] done in 47ms @ http://localhost:3000/_next/static/chunks/node_modules_next_dist_1e8vcs8._.js:776
[  101000ms] [LOG] [Fast Refresh] done in 47ms @ http://localhost:3000/_next/static/chunks/node_modules_next_dist_1e8vcs8._.js:776
[  101048ms] [LOG] [Fast Refresh] done in 47ms @ http://localhost:3000/_next/static/chunks/node_modules_next_dist_1e8vcs8._.js:776
[  101095ms] [LOG] [Fast Refresh] done in 47ms @ http://localhost:3000/_next/static/chunks/node_modules_next_dist_1e8vcs8._.js:776
[  101143ms] [LOG] [Fast Refresh] done in 47ms @ http://localhost:3000/_next/static/chunks/node_modules_next_dist_1e8vcs8._.js:776
[  101190ms] [LOG] [Fast Refresh] done in 47ms @ http://localhost:3000/_next/static/chunks/node_modules_next_dist_1e8vcs8._.js:776
[  101237ms] [LOG] [Fast Refresh] done in 47ms @ http://localhost:3000/_next/static/chunks/node_modules_next_dist_1e8vcs8._.js:776
[  101284ms] [LOG] [Fast Refresh] done in 47ms @ http://localhost:3000/_next/static/chunks/node_modules_next_dist_1e8vcs8._.js:776
[  101330ms] [LOG] [Fast Refresh] done in 47ms @ http://localhost:3000/_next/static/chunks/node_modules_next_dist_1e8vcs8._.js:776
[  101377ms] [LOG] [Fast Refresh] done in 47ms @ http://localhost:3000/_next/static/chunks/node_modules_next_dist_1e8vcs8._.js:776
[  101424ms] [LOG] [Fast Refresh] done in 47ms @ http://localhost:3000/_next/static/chunks/node_modules_next_dist_1e8vcs8._.js:776
[  101471ms] [LOG] [Fast Refresh] done in 47ms @ http://localhost:3000/_next/static/chunks/node_modules_next_dist_1e8vcs8._.js:776
[  101517ms] [LOG] [Fast Refresh] done in 47ms @ http://localhost:3000/_next/static/chunks/node_modules_next_dist_1e8vcs8._.js:776
[  101565ms] [LOG] [Fast Refresh] done in 47ms @ http://localhost:3000/_next/static/chunks/node_modules_next_dist_1e8vcs8._.js:776
[  101612ms] [LOG] [Fast Refresh] done in 47ms @ http://localhost:3000/_next/static/chunks/node_modules_next_dist_1e8vcs8._.js:776
[  101659ms] [LOG] [Fast Refresh] done in 47ms @ http://localhost:3000/_next/static/chunks/node_modules_next_dist_1e8vcs8._.js:776
[  101707ms] [LOG] [Fast Refresh] done in 47ms @ http://localhost:3000/_next/static/chunks/node_modules_next_dist_1e8vcs8._.js:776
[  101753ms] [LOG] [Fast Refresh] done in 47ms @ http://localhost:3000/_next/static/chunks/node_modules_next_dist_1e8vcs8._.js:776
[  101800ms] [LOG] [Fast Refresh] done in 47ms @ http://localhost:3000/_next/static/chunks/node_modules_next_dist_1e8vcs8._.js:776
[  101848ms] [LOG] [Fast Refresh] done in 47ms @ http://localhost:3000/_next/static/chunks/node_modules_next_dist_1e8vcs8._.js:776
[  101896ms] [LOG] [Fast Refresh] done in 47ms @ http://localhost:3000/_next/static/chunks/node_modules_next_dist_1e8vcs8._.js:776
[  101943ms] [LOG] [Fast Refresh] done in 47ms @ http://localhost:3000/_next/static/chunks/node_modules_next_dist_1e8vcs8._.js:776
[  101990ms] [LOG] [Fast Refresh] done in 47ms @ http://localhost:3000/_next/static/chunks/node_modules_next_dist_1e8vcs8._.js:776
[  102037ms] [LOG] [Fast Refresh] done in 47ms @ http://localhost:3000/_next/static/chunks/node_modules_next_dist_1e8vcs8._.js:776
[  102084ms] [LOG] [Fast Refresh] done in 47ms @ http://localhost:3000/_next/static/chunks/node_modules_next_dist_1e8vcs8._.js:776
[  102131ms] [LOG] [Fast Refresh] done in 47ms @ http://localhost:3000/_next/static/chunks/node_modules_next_dist_1e8vcs8._.js:776
[  102176ms] [LOG] [Fast Refresh] done in 47ms @ http://localhost:3000/_next/static/chunks/node_modules_next_dist_1e8vcs8._.js:776
[  102222ms] [LOG] [Fast Refresh] done in 47ms @ http://localhost:3000/_next/static/chunks/node_modules_next_dist_1e8vcs8._.js:776
[  102269ms] [LOG] [Fast Refresh] done in 47ms @ http://localhost:3000/_next/static/chunks/node_modules_next_dist_1e8vcs8._.js:776
[  102316ms] [LOG] [Fast Refresh] done in 47ms @ http://localhost:3000/_next/static/chunks/node_modules_next_dist_1e8vcs8._.js:776
[  102364ms] [LOG] [Fast Refresh] done in 47ms @ http://localhost:3000/_next/static/chunks/node_modules_next_dist_1e8vcs8._.js:776
[  102411ms] [LOG] [Fast Refresh] done in 47ms @ http://localhost:3000/_next/static/chunks/node_modules_next_dist_1e8vcs8._.js:776
[  102457ms] [LOG] [Fast Refresh] done in 47ms @ http://localhost:3000/_next/static/chunks/node_modules_next_dist_1e8vcs8._.js:776
[  102505ms] [LOG] [Fast Refresh] done in 47ms @ http://localhost:3000/_next/static/chunks/node_modules_next_dist_1e8vcs8._.js:776
[  102553ms] [LOG] [Fast Refresh] done in 47ms @ http://localhost:3000/_next/static/chunks/node_modules_next_dist_1e8vcs8._.js:776
[  102600ms] [LOG] [Fast Refresh] done in 47ms @ http://localhost:3000/_next/static/chunks/node_modules_next_dist_1e8vcs8._.js:776
[  102647ms] [LOG] [Fast Refresh] done in 47ms @ http://localhost:3000/_next/static/chunks/node_modules_next_dist_1e8vcs8._.js:776
[  102694ms] [LOG] [Fast Refresh] done in 47ms @ http://localhost:3000/_next/static/chunks/node_modules_next_dist_1e8vcs8._.js:776
[  102741ms] [LOG] [Fast Refresh] done in 47ms @ http://localhost:3000/_next/static/chunks/node_modules_next_dist_1e8vcs8._.js:776
[  102788ms] [LOG] [Fast Refresh] done in 47ms @ http://localhost:3000/_next/static/chunks/node_modules_next_dist_1e8vcs8._.js:776
[  102835ms] [LOG] [Fast Refresh] done in 47ms @ http://localhost:3000/_next/static/chunks/node_modules_next_dist_1e8vcs8._.js:776
[  102883ms] [LOG] [Fast Refresh] done in 47ms @ http://localhost:3000/_next/static/chunks/node_modules_next_dist_1e8vcs8._.js:776
[  102930ms] [LOG] [Fast Refresh] done in 47ms @ http://localhost:3000/_next/static/chunks/node_modules_next_dist_1e8vcs8._.js:776
[  102977ms] [LOG] [Fast Refresh] done in 47ms @ http://localhost:3000/_next/static/chunks/node_modules_next_dist_1e8vcs8._.js:776
[  103025ms] [LOG] [Fast Refresh] done in 47ms @ http://localhost:3000/_next/static/chunks/node_modules_next_dist_1e8vcs8._.js:776
[  103071ms] [LOG] [Fast Refresh] done in 47ms @ http://localhost:3000/_next/static/chunks/node_modules_next_dist_1e8vcs8._.js:776
[  103119ms] [LOG] [Fast Refresh] done in 47ms @ http://localhost:3000/_next/static/chunks/node_modules_next_dist_1e8vcs8._.js:776
[  103167ms] [LOG] [Fast Refresh] done in 47ms @ http://localhost:3000/_next/static/chunks/node_modules_next_dist_1e8vcs8._.js:776
[  103213ms] [LOG] [Fast Refresh] done in 47ms @ http://localhost:3000/_next/static/chunks/node_modules_next_dist_1e8vcs8._.js:776
[  103259ms] [LOG] [Fast Refresh] done in 47ms @ http://localhost:3000/_next/static/chunks/node_modules_next_dist_1e8vcs8._.js:776
[  103306ms] [LOG] [Fast Refresh] done in 47ms @ http://localhost:3000/_next/static/chunks/node_modules_next_dist_1e8vcs8._.js:776
[  103354ms] [LOG] [Fast Refresh] done in 47ms @ http://localhost:3000/_next/static/chunks/node_modules_next_dist_1e8vcs8._.js:776
[  103402ms] [LOG] [Fast Refresh] done in 47ms @ http://localhost:3000/_next/static/chunks/node_modules_next_dist_1e8vcs8._.js:776
[  103449ms] [LOG] [Fast Refresh] done in 47ms @ http://localhost:3000/_next/static/chunks/node_modules_next_dist_1e8vcs8._.js:776
[  103496ms] [LOG] [Fast Refresh] done in 47ms @ http://localhost:3000/_next/static/chunks/node_modules_next_dist_1e8vcs8._.js:776
[  103543ms] [LOG] [Fast Refresh] done in 47ms @ http://localhost:3000/_next/static/chunks/node_modules_next_dist_1e8vcs8._.js:776
[  103589ms] [LOG] [Fast Refresh] done in 47ms @ http://localhost:3000/_next/static/chunks/node_modules_next_dist_1e8vcs8._.js:776
[  103635ms] [LOG] [Fast Refresh] done in 47ms @ http://localhost:3000/_next/static/chunks/node_modules_next_dist_1e8vcs8._.js:776
[  103684ms] [LOG] [Fast Refresh] done in 47ms @ http://localhost:3000/_next/static/chunks/node_modules_next_dist_1e8vcs8._.js:776
[  103731ms] [LOG] [Fast Refresh] done in 47ms @ http://localhost:3000/_next/static/chunks/node_modules_next_dist_1e8vcs8._.js:776
[  103777ms] [LOG] [Fast Refresh] done in 47ms @ http://localhost:3000/_next/static/chunks/node_modules_next_dist_1e8vcs8._.js:776
[  103824ms] [LOG] [Fast Refresh] done in 47ms @ http://localhost:3000/_next/static/chunks/node_modules_next_dist_1e8vcs8._.js:776
[  103871ms] [LOG] [Fast Refresh] done in 47ms @ http://localhost:3000/_next/static/chunks/node_modules_next_dist_1e8vcs8._.js:776
[  103918ms] [LOG] [Fast Refresh] done in 47ms @ http://localhost:3000/_next/static/chunks/node_modules_next_dist_1e8vcs8._.js:776
[  103964ms] [LOG] [Fast Refresh] done in 47ms @ http://localhost:3000/_next/static/chunks/node_modules_next_dist_1e8vcs8._.js:776
[  104011ms] [LOG] [Fast Refresh] done in 47ms @ http://localhost:3000/_next/static/chunks/node_modules_next_dist_1e8vcs8._.js:776
[  104059ms] [LOG] [Fast Refresh] done in 47ms @ http://localhost:3000/_next/static/chunks/node_modules_next_dist_1e8vcs8._.js:776
[  104106ms] [LOG] [Fast Refresh] done in 47ms @ http://localhost:3000/_next/static/chunks/node_modules_next_dist_1e8vcs8._.js:776
[  104153ms] [LOG] [Fast Refresh] done in 47ms @ http://localhost:3000/_next/static/chunks/node_modules_next_dist_1e8vcs8._.js:776
[  104200ms] [LOG] [Fast Refresh] done in 47ms @ http://localhost:3000/_next/static/chunks/node_modules_next_dist_1e8vcs8._.js:776
[  104247ms] [LOG] [Fast Refresh] done in 47ms @ http://localhost:3000/_next/static/chunks/node_modules_next_dist_1e8vcs8._.js:776
[  104294ms] [LOG] [Fast Refresh] done in 47ms @ http://localhost:3000/_next/static/chunks/node_modules_next_dist_1e8vcs8._.js:776
[  104340ms] [LOG] [Fast Refresh] done in 47ms @ http://localhost:3000/_next/static/chunks/node_modules_next_dist_1e8vcs8._.js:776
[  104387ms] [LOG] [Fast Refresh] done in 47ms @ http://localhost:3000/_next/static/chunks/node_modules_next_dist_1e8vcs8._.js:776
[  104433ms] [LOG] [Fast Refresh] done in 47ms @ http://localhost:3000/_next/static/chunks/node_modules_next_dist_1e8vcs8._.js:776
[  104480ms] [LOG] [Fast Refresh] done in 47ms @ http://localhost:3000/_next/static/chunks/node_modules_next_dist_1e8vcs8._.js:776
[  104527ms] [LOG] [Fast Refresh] done in 47ms @ http://localhost:3000/_next/static/chunks/node_modules_next_dist_1e8vcs8._.js:776
[  104575ms] [LOG] [Fast Refresh] done in 47ms @ http://localhost:3000/_next/static/chunks/node_modules_next_dist_1e8vcs8._.js:776
[  104624ms] [LOG] [Fast Refresh] done in 47ms @ http://localhost:3000/_next/static/chunks/node_modules_next_dist_1e8vcs8._.js:776
[  104708ms] [LOG] [Fast Refresh] done in 47ms @ http://localhost:3000/_next/static/chunks/node_modules_next_dist_1e8vcs8._.js:776
[  104767ms] [LOG] [Fast Refresh] done in 47ms @ http://localhost:3000/_next/static/chunks/node_modules_next_dist_1e8vcs8._.js:776
[  104819ms] [LOG] [Fast Refresh] done in 47ms @ http://localhost:3000/_next/static/chunks/node_modules_next_dist_1e8vcs8._.js:776
[  104866ms] [LOG] [Fast Refresh] done in 47ms @ http://localhost:3000/_next/static/chunks/node_modules_next_dist_1e8vcs8._.js:776
[  104916ms] [LOG] [Fast Refresh] done in 47ms @ http://localhost:3000/_next/static/chunks/node_modules_next_dist_1e8vcs8._.js:776
[  104964ms] [LOG] [Fast Refresh] done in 47ms @ http://localhost:3000/_next/static/chunks/node_modules_next_dist_1e8vcs8._.js:776
[  105001ms] [LOG] [Fast Refresh] done in 47ms @ http://localhost:3000/_next/static/chunks/node_modules_next_dist_1e8vcs8._.js:776
[  105047ms] [LOG] [Fast Refresh] done in 47ms @ http://localhost:3000/_next/static/chunks/node_modules_next_dist_1e8vcs8._.js:776
[  105095ms] [LOG] [Fast Refresh] done in 47ms @ http://localhost:3000/_next/static/chunks/node_modules_next_dist_1e8vcs8._.js:776
[  105143ms] [LOG] [Fast Refresh] done in 47ms @ http://localhost:3000/_next/static/chunks/node_modules_next_dist_1e8vcs8._.js:776
[  105196ms] [LOG] [Fast Refresh] done in 47ms @ http://localhost:3000/_next/static/chunks/node_modules_next_dist_1e8vcs8._.js:776
[  105243ms] [LOG] [Fast Refresh] done in 47ms @ http://localhost:3000/_next/static/chunks/node_modules_next_dist_1e8vcs8._.js:776
[  105290ms] [LOG] [Fast Refresh] done in 47ms @ http://localhost:3000/_next/static/chunks/node_modules_next_dist_1e8vcs8._.js:776
[  105338ms] [LOG] [Fast Refresh] done in 47ms @ http://localhost:3000/_next/static/chunks/node_modules_next_dist_1e8vcs8._.js:776
[  105385ms] [LOG] [Fast Refresh] done in 47ms @ http://localhost:3000/_next/static/chunks/node_modules_next_dist_1e8vcs8._.js:776
[  105433ms] [LOG] [Fast Refresh] done in 47ms @ http://localhost:3000/_next/static/chunks/node_modules_next_dist_1e8vcs8._.js:776
[  105481ms] [LOG] [Fast Refresh] done in 47ms @ http://localhost:3000/_next/static/chunks/node_modules_next_dist_1e8vcs8._.js:776
[  105527ms] [LOG] [Fast Refresh] done in 47ms @ http://localhost:3000/_next/static/chunks/node_modules_next_dist_1e8vcs8._.js:776
[  105574ms] [LOG] [Fast Refresh] done in 47ms @ http://localhost:3000/_next/static/chunks/node_modules_next_dist_1e8vcs8._.js:776
[  105621ms] [LOG] [Fast Refresh] done in 47ms @ http://localhost:3000/_next/static/chunks/node_modules_next_dist_1e8vcs8._.js:776
[  105668ms] [LOG] [Fast Refresh] done in 47ms @ http://localhost:3000/_next/static/chunks/node_modules_next_dist_1e8vcs8._.js:776
[  105716ms] [LOG] [Fast Refresh] done in 47ms @ http://localhost:3000/_next/static/chunks/node_modules_next_dist_1e8vcs8._.js:776
[  105763ms] [LOG] [Fast Refresh] done in 47ms @ http://localhost:3000/_next/static/chunks/node_modules_next_dist_1e8vcs8._.js:776
[  105810ms] [LOG] [Fast Refresh] done in 47ms @ http://localhost:3000/_next/static/chunks/node_modules_next_dist_1e8vcs8._.js:776
[  105858ms] [LOG] [Fast Refresh] done in 47ms @ http://localhost:3000/_next/static/chunks/node_modules_next_dist_1e8vcs8._.js:776
[  105904ms] [LOG] [Fast Refresh] done in 47ms @ http://localhost:3000/_next/static/chunks/node_modules_next_dist_1e8vcs8._.js:776
[  105951ms] [LOG] [Fast Refresh] done in 47ms @ http://localhost:3000/_next/static/chunks/node_modules_next_dist_1e8vcs8._.js:776
[  106000ms] [LOG] [Fast Refresh] done in 47ms @ http://localhost:3000/_next/static/chunks/node_modules_next_dist_1e8vcs8._.js:776
[  106049ms] [LOG] [Fast Refresh] done in 47ms @ http://localhost:3000/_next/static/chunks/node_modules_next_dist_1e8vcs8._.js:776
[  106097ms] [LOG] [Fast Refresh] done in 47ms @ http://localhost:3000/_next/static/chunks/node_modules_next_dist_1e8vcs8._.js:776
[  106143ms] [LOG] [Fast Refresh] done in 47ms @ http://localhost:3000/_next/static/chunks/node_modules_next_dist_1e8vcs8._.js:776
[  106190ms] [LOG] [Fast Refresh] done in 47ms @ http://localhost:3000/_next/static/chunks/node_modules_next_dist_1e8vcs8._.js:776
[  106238ms] [LOG] [Fast Refresh] done in 47ms @ http://localhost:3000/_next/static/chunks/node_modules_next_dist_1e8vcs8._.js:776
[  106284ms] [LOG] [Fast Refresh] done in 47ms @ http://localhost:3000/_next/static/chunks/node_modules_next_dist_1e8vcs8._.js:776
[  106331ms] [LOG] [Fast Refresh] done in 47ms @ http://localhost:3000/_next/static/chunks/node_modules_next_dist_1e8vcs8._.js:776
[  106379ms] [LOG] [Fast Refresh] done in 47ms @ http://localhost:3000/_next/static/chunks/node_modules_next_dist_1e8vcs8._.js:776
[  106426ms] [LOG] [Fast Refresh] done in 47ms @ http://localhost:3000/_next/static/chunks/node_modules_next_dist_1e8vcs8._.js:776
[  106473ms] [LOG] [Fast Refresh] done in 47ms @ http://localhost:3000/_next/static/chunks/node_modules_next_dist_1e8vcs8._.js:776
[  106520ms] [LOG] [Fast Refresh] done in 47ms @ http://localhost:3000/_next/static/chunks/node_modules_next_dist_1e8vcs8._.js:776
[  106568ms] [LOG] [Fast Refresh] done in 47ms @ http://localhost:3000/_next/static/chunks/node_modules_next_dist_1e8vcs8._.js:776
[  106615ms] [LOG] [Fast Refresh] done in 47ms @ http://localhost:3000/_next/static/chunks/node_modules_next_dist_1e8vcs8._.js:776
[  106662ms] [LOG] [Fast Refresh] done in 47ms @ http://localhost:3000/_next/static/chunks/node_modules_next_dist_1e8vcs8._.js:776
[  106709ms] [LOG] [Fast Refresh] done in 47ms @ http://localhost:3000/_next/static/chunks/node_modules_next_dist_1e8vcs8._.js:776
[  106755ms] [LOG] [Fast Refresh] done in 47ms @ http://localhost:3000/_next/static/chunks/node_modules_next_dist_1e8vcs8._.js:776
[  106802ms] [LOG] [Fast Refresh] done in 47ms @ http://localhost:3000/_next/static/chunks/node_modules_next_dist_1e8vcs8._.js:776
[  106850ms] [LOG] [Fast Refresh] done in 47ms @ http://localhost:3000/_next/static/chunks/node_modules_next_dist_1e8vcs8._.js:776
[  106899ms] [LOG] [Fast Refresh] done in 47ms @ http://localhost:3000/_next/static/chunks/node_modules_next_dist_1e8vcs8._.js:776
[  106946ms] [LOG] [Fast Refresh] done in 47ms @ http://localhost:3000/_next/static/chunks/node_modules_next_dist_1e8vcs8._.js:776
[  106994ms] [LOG] [Fast Refresh] done in 47ms @ http://localhost:3000/_next/static/chunks/node_modules_next_dist_1e8vcs8._.js:776
[  107040ms] [LOG] [Fast Refresh] done in 47ms @ http://localhost:3000/_next/static/chunks/node_modules_next_dist_1e8vcs8._.js:776
[  107088ms] [LOG] [Fast Refresh] done in 47ms @ http://localhost:3000/_next/static/chunks/node_modules_next_dist_1e8vcs8._.js:776
[  107135ms] [LOG] [Fast Refresh] done in 47ms @ http://localhost:3000/_next/static/chunks/node_modules_next_dist_1e8vcs8._.js:776
[  107182ms] [LOG] [Fast Refresh] done in 47ms @ http://localhost:3000/_next/static/chunks/node_modules_next_dist_1e8vcs8._.js:776
[  107230ms] [LOG] [Fast Refresh] done in 47ms @ http://localhost:3000/_next/static/chunks/node_modules_next_dist_1e8vcs8._.js:776
[  107277ms] [LOG] [Fast Refresh] done in 47ms @ http://localhost:3000/_next/static/chunks/node_modules_next_dist_1e8vcs8._.js:776
[  107332ms] [LOG] [Fast Refresh] done in 47ms @ http://localhost:3000/_next/static/chunks/node_modules_next_dist_1e8vcs8._.js:776
[  107383ms] [LOG] [Fast Refresh] done in 47ms @ http://localhost:3000/_next/static/chunks/node_modules_next_dist_1e8vcs8._.js:776
[  107430ms] [LOG] [Fast Refresh] done in 47ms @ http://localhost:3000/_next/static/chunks/node_modules_next_dist_1e8vcs8._.js:776
[  107477ms] [LOG] [Fast Refresh] done in 47ms @ http://localhost:3000/_next/static/chunks/node_modules_next_dist_1e8vcs8._.js:776
[  107525ms] [LOG] [Fast Refresh] done in 47ms @ http://localhost:3000/_next/static/chunks/node_modules_next_dist_1e8vcs8._.js:776
[  107574ms] [LOG] [Fast Refresh] done in 47ms @ http://localhost:3000/_next/static/chunks/node_modules_next_dist_1e8vcs8._.js:776
[  107621ms] [LOG] [Fast Refresh] done in 47ms @ http://localhost:3000/_next/static/chunks/node_modules_next_dist_1e8vcs8._.js:776
[  107667ms] [LOG] [Fast Refresh] done in 47ms @ http://localhost:3000/_next/static/chunks/node_modules_next_dist_1e8vcs8._.js:776
[  107714ms] [LOG] [Fast Refresh] done in 47ms @ http://localhost:3000/_next/static/chunks/node_modules_next_dist_1e8vcs8._.js:776
[  107761ms] [LOG] [Fast Refresh] done in 47ms @ http://localhost:3000/_next/static/chunks/node_modules_next_dist_1e8vcs8._.js:776
[  107808ms] [LOG] [Fast Refresh] done in 47ms @ http://localhost:3000/_next/static/chunks/node_modules_next_dist_1e8vcs8._.js:776
[  107857ms] [LOG] [Fast Refresh] done in 47ms @ http://localhost:3000/_next/static/chunks/node_modules_next_dist_1e8vcs8._.js:776
[  107905ms] [LOG] [Fast Refresh] done in 47ms @ http://localhost:3000/_next/static/chunks/node_modules_next_dist_1e8vcs8._.js:776
[  107952ms] [LOG] [Fast Refresh] done in 47ms @ http://localhost:3000/_next/static/chunks/node_modules_next_dist_1e8vcs8._.js:776
[  107999ms] [LOG] [Fast Refresh] done in 47ms @ http://localhost:3000/_next/static/chunks/node_modules_next_dist_1e8vcs8._.js:776
[  108047ms] [LOG] [Fast Refresh] done in 47ms @ http://localhost:3000/_next/static/chunks/node_modules_next_dist_1e8vcs8._.js:776
[  108094ms] [LOG] [Fast Refresh] done in 47ms @ http://localhost:3000/_next/static/chunks/node_modules_next_dist_1e8vcs8._.js:776
[  108141ms] [LOG] [Fast Refresh] done in 47ms @ http://localhost:3000/_next/static/chunks/node_modules_next_dist_1e8vcs8._.js:776
[  108188ms] [LOG] [Fast Refresh] done in 47ms @ http://localhost:3000/_next/static/chunks/node_modules_next_dist_1e8vcs8._.js:776
[  108235ms] [LOG] [Fast Refresh] done in 47ms @ http://localhost:3000/_next/static/chunks/node_modules_next_dist_1e8vcs8._.js:776
[  108283ms] [LOG] [Fast Refresh] done in 47ms @ http://localhost:3000/_next/static/chunks/node_modules_next_dist_1e8vcs8._.js:776
[  108331ms] [LOG] [Fast Refresh] done in 47ms @ http://localhost:3000/_next/static/chunks/node_modules_next_dist_1e8vcs8._.js:776
[  108378ms] [LOG] [Fast Refresh] done in 47ms @ http://localhost:3000/_next/static/chunks/node_modules_next_dist_1e8vcs8._.js:776
[  108426ms] [LOG] [Fast Refresh] done in 47ms @ http://localhost:3000/_next/static/chunks/node_modules_next_dist_1e8vcs8._.js:776
[  108474ms] [LOG] [Fast Refresh] done in 47ms @ http://localhost:3000/_next/static/chunks/node_modules_next_dist_1e8vcs8._.js:776
[  108522ms] [LOG] [Fast Refresh] done in 47ms @ http://localhost:3000/_next/static/chunks/node_modules_next_dist_1e8vcs8._.js:776
[  108569ms] [LOG] [Fast Refresh] done in 47ms @ http://localhost:3000/_next/static/chunks/node_modules_next_dist_1e8vcs8._.js:776
[  108617ms] [LOG] [Fast Refresh] done in 47ms @ http://localhost:3000/_next/static/chunks/node_modules_next_dist_1e8vcs8._.js:776
[  108716ms] [LOG] [Fast Refresh] done in 47ms @ http://localhost:3000/_next/static/chunks/node_modules_next_dist_1e8vcs8._.js:776
[  108764ms] [LOG] [Fast Refresh] done in 47ms @ http://localhost:3000/_next/static/chunks/node_modules_next_dist_1e8vcs8._.js:776
[  108812ms] [LOG] [Fast Refresh] done in 47ms @ http://localhost:3000/_next/static/chunks/node_modules_next_dist_1e8vcs8._.js:776
[  108860ms] [LOG] [Fast Refresh] done in 47ms @ http://localhost:3000/_next/static/chunks/node_modules_next_dist_1e8vcs8._.js:776
[  108924ms] [LOG] [Fast Refresh] done in 47ms @ http://localhost:3000/_next/static/chunks/node_modules_next_dist_1e8vcs8._.js:776
[  108972ms] [LOG] [Fast Refresh] done in 47ms @ http://localhost:3000/_next/static/chunks/node_modules_next_dist_1e8vcs8._.js:776
[  109020ms] [LOG] [Fast Refresh] done in 47ms @ http://localhost:3000/_next/static/chunks/node_modules_next_dist_1e8vcs8._.js:776
[  109069ms] [LOG] [Fast Refresh] done in 47ms @ http://localhost:3000/_next/static/chunks/node_modules_next_dist_1e8vcs8._.js:776
[  109119ms] [LOG] [Fast Refresh] done in 47ms @ http://localhost:3000/_next/static/chunks/node_modules_next_dist_1e8vcs8._.js:776
[  109163ms] [LOG] [Fast Refresh] done in 47ms @ http://localhost:3000/_next/static/chunks/node_modules_next_dist_1e8vcs8._.js:776
[  109307ms] [LOG] [Fast Refresh] done in 47ms @ http://localhost:3000/_next/static/chunks/node_modules_next_dist_1e8vcs8._.js:776
[  109356ms] [LOG] [Fast Refresh] done in 47ms @ http://localhost:3000/_next/static/chunks/node_modules_next_dist_1e8vcs8._.js:776
[  109397ms] [LOG] [Fast Refresh] done in 47ms @ http://localhost:3000/_next/static/chunks/node_modules_next_dist_1e8vcs8._.js:776
[  109452ms] [LOG] [Fast Refresh] done in 47ms @ http://localhost:3000/_next/static/chunks/node_modules_next_dist_1e8vcs8._.js:776
[  109503ms] [LOG] [Fast Refresh] done in 47ms @ http://localhost:3000/_next/static/chunks/node_modules_next_dist_1e8vcs8._.js:776
[  109551ms] [LOG] [Fast Refresh] done in 47ms @ http://localhost:3000/_next/static/chunks/node_modules_next_dist_1e8vcs8._.js:776
[  109599ms] [LOG] [Fast Refresh] done in 47ms @ http://localhost:3000/_next/static/chunks/node_modules_next_dist_1e8vcs8._.js:776
[  109648ms] [LOG] [Fast Refresh] done in 47ms @ http://localhost:3000/_next/static/chunks/node_modules_next_dist_1e8vcs8._.js:776
[  109698ms] [LOG] [Fast Refresh] done in 47ms @ http://localhost:3000/_next/static/chunks/node_modules_next_dist_1e8vcs8._.js:776
[  109747ms] [LOG] [Fast Refresh] done in 47ms @ http://localhost:3000/_next/static/chunks/node_modules_next_dist_1e8vcs8._.js:776
[  109797ms] [LOG] [Fast Refresh] done in 47ms @ http://localhost:3000/_next/static/chunks/node_modules_next_dist_1e8vcs8._.js:776
[  109864ms] [LOG] [Fast Refresh] done in 47ms @ http://localhost:3000/_next/static/chunks/node_modules_next_dist_1e8vcs8._.js:776
[  109934ms] [LOG] [Fast Refresh] done in 47ms @ http://localhost:3000/_next/static/chunks/node_modules_next_dist_1e8vcs8._.js:776
[  109982ms] [LOG] [Fast Refresh] done in 47ms @ http://localhost:3000/_next/static/chunks/node_modules_next_dist_1e8vcs8._.js:776
[  110032ms] [LOG] [Fast Refresh] done in 47ms @ http://localhost:3000/_next/static/chunks/node_modules_next_dist_1e8vcs8._.js:776
[  110081ms] [LOG] [Fast Refresh] done in 47ms @ http://localhost:3000/_next/static/chunks/node_modules_next_dist_1e8vcs8._.js:776
[  110118ms] [LOG] [Fast Refresh] done in 47ms @ http://localhost:3000/_next/static/chunks/node_modules_next_dist_1e8vcs8._.js:776
[  110175ms] [LOG] [Fast Refresh] done in 47ms @ http://localhost:3000/_next/static/chunks/node_modules_next_dist_1e8vcs8._.js:776
[  110223ms] [LOG] [Fast Refresh] done in 47ms @ http://localhost:3000/_next/static/chunks/node_modules_next_dist_1e8vcs8._.js:776
[  110262ms] [LOG] [Fast Refresh] done in 47ms @ http://localhost:3000/_next/static/chunks/node_modules_next_dist_1e8vcs8._.js:776
[  110313ms] [LOG] [Fast Refresh] done in 47ms @ http://localhost:3000/_next/static/chunks/node_modules_next_dist_1e8vcs8._.js:776
[  110361ms] [LOG] [Fast Refresh] done in 47ms @ http://localhost:3000/_next/static/chunks/node_modules_next_dist_1e8vcs8._.js:776
[  110410ms] [LOG] [Fast Refresh] done in 47ms @ http://localhost:3000/_next/static/chunks/node_modules_next_dist_1e8vcs8._.js:776
[  110458ms] [LOG] [Fast Refresh] done in 47ms @ http://localhost:3000/_next/static/chunks/node_modules_next_dist_1e8vcs8._.js:776
[  110506ms] [LOG] [Fast Refresh] done in 47ms @ http://localhost:3000/_next/static/chunks/node_modules_next_dist_1e8vcs8._.js:776
[  110554ms] [LOG] [Fast Refresh] done in 47ms @ http://localhost:3000/_next/static/chunks/node_modules_next_dist_1e8vcs8._.js:776
[  110595ms] [LOG] [Fast Refresh] done in 47ms @ http://localhost:3000/_next/static/chunks/node_modules_next_dist_1e8vcs8._.js:776
[  110644ms] [LOG] [Fast Refresh] done in 47ms @ http://localhost:3000/_next/static/chunks/node_modules_next_dist_1e8vcs8._.js:776
[  110691ms] [LOG] [Fast Refresh] done in 47ms @ http://localhost:3000/_next/static/chunks/node_modules_next_dist_1e8vcs8._.js:776
[  110738ms] [LOG] [Fast Refresh] done in 47ms @ http://localhost:3000/_next/static/chunks/node_modules_next_dist_1e8vcs8._.js:776
[  110786ms] [LOG] [Fast Refresh] done in 47ms @ http://localhost:3000/_next/static/chunks/node_modules_next_dist_1e8vcs8._.js:776
[  110833ms] [LOG] [Fast Refresh] done in 47ms @ http://localhost:3000/_next/static/chunks/node_modules_next_dist_1e8vcs8._.js:776
[  110880ms] [LOG] [Fast Refresh] done in 47ms @ http://localhost:3000/_next/static/chunks/node_modules_next_dist_1e8vcs8._.js:776
[  110920ms] [LOG] [Fast Refresh] done in 47ms @ http://localhost:3000/_next/static/chunks/node_modules_next_dist_1e8vcs8._.js:776
[  110960ms] [LOG] [Fast Refresh] done in 47ms @ http://localhost:3000/_next/static/chunks/node_modules_next_dist_1e8vcs8._.js:776
[  111007ms] [LOG] [Fast Refresh] done in 47ms @ http://localhost:3000/_next/static/chunks/node_modules_next_dist_1e8vcs8._.js:776
[  111055ms] [LOG] [Fast Refresh] done in 47ms @ http://localhost:3000/_next/static/chunks/node_modules_next_dist_1e8vcs8._.js:776
[  111103ms] [LOG] [Fast Refresh] done in 47ms @ http://localhost:3000/_next/static/chunks/node_modules_next_dist_1e8vcs8._.js:776
[  111150ms] [LOG] [Fast Refresh] done in 47ms @ http://localhost:3000/_next/static/chunks/node_modules_next_dist_1e8vcs8._.js:776
[  111199ms] [LOG] [Fast Refresh] done in 47ms @ http://localhost:3000/_next/static/chunks/node_modules_next_dist_1e8vcs8._.js:776
[  111248ms] [LOG] [Fast Refresh] done in 47ms @ http://localhost:3000/_next/static/chunks/node_modules_next_dist_1e8vcs8._.js:776
[  111295ms] [LOG] [Fast Refresh] done in 47ms @ http://localhost:3000/_next/static/chunks/node_modules_next_dist_1e8vcs8._.js:776
[  111343ms] [LOG] [Fast Refresh] done in 47ms @ http://localhost:3000/_next/static/chunks/node_modules_next_dist_1e8vcs8._.js:776
[  111391ms] [LOG] [Fast Refresh] done in 47ms @ http://localhost:3000/_next/static/chunks/node_modules_next_dist_1e8vcs8._.js:776
[  111439ms] [LOG] [Fast Refresh] done in 47ms @ http://localhost:3000/_next/static/chunks/node_modules_next_dist_1e8vcs8._.js:776
[  111487ms] [LOG] [Fast Refresh] done in 47ms @ http://localhost:3000/_next/static/chunks/node_modules_next_dist_1e8vcs8._.js:776
[  111530ms] [LOG] [Fast Refresh] done in 47ms @ http://localhost:3000/_next/static/chunks/node_modules_next_dist_1e8vcs8._.js:776
[  111577ms] [LOG] [Fast Refresh] done in 47ms @ http://localhost:3000/_next/static/chunks/node_modules_next_dist_1e8vcs8._.js:776
[  111623ms] [LOG] [Fast Refresh] done in 47ms @ http://localhost:3000/_next/static/chunks/node_modules_next_dist_1e8vcs8._.js:776
[  111671ms] [LOG] [Fast Refresh] done in 47ms @ http://localhost:3000/_next/static/chunks/node_modules_next_dist_1e8vcs8._.js:776
[  111708ms] [LOG] [Fast Refresh] done in 47ms @ http://localhost:3000/_next/static/chunks/node_modules_next_dist_1e8vcs8._.js:776
[  111754ms] [LOG] [Fast Refresh] done in 47ms @ http://localhost:3000/_next/static/chunks/node_modules_next_dist_1e8vcs8._.js:776
[  111802ms] [LOG] [Fast Refresh] done in 47ms @ http://localhost:3000/_next/static/chunks/node_modules_next_dist_1e8vcs8._.js:776
[  111848ms] [LOG] [Fast Refresh] done in 47ms @ http://localhost:3000/_next/static/chunks/node_modules_next_dist_1e8vcs8._.js:776
[  111895ms] [LOG] [Fast Refresh] done in 47ms @ http://localhost:3000/_next/static/chunks/node_modules_next_dist_1e8vcs8._.js:776
[  111938ms] [LOG] [Fast Refresh] done in 47ms @ http://localhost:3000/_next/static/chunks/node_modules_next_dist_1e8vcs8._.js:776
[  111985ms] [LOG] [Fast Refresh] done in 47ms @ http://localhost:3000/_next/static/chunks/node_modules_next_dist_1e8vcs8._.js:776
[  112032ms] [LOG] [Fast Refresh] done in 47ms @ http://localhost:3000/_next/static/chunks/node_modules_next_dist_1e8vcs8._.js:776
[  112079ms] [LOG] [Fast Refresh] done in 47ms @ http://localhost:3000/_next/static/chunks/node_modules_next_dist_1e8vcs8._.js:776
[  112127ms] [LOG] [Fast Refresh] done in 47ms @ http://localhost:3000/_next/static/chunks/node_modules_next_dist_1e8vcs8._.js:776
[  112173ms] [LOG] [Fast Refresh] done in 47ms @ http://localhost:3000/_next/static/chunks/node_modules_next_dist_1e8vcs8._.js:776
[  112221ms] [LOG] [Fast Refresh] done in 47ms @ http://localhost:3000/_next/static/chunks/node_modules_next_dist_1e8vcs8._.js:776
[  112269ms] [LOG] [Fast Refresh] done in 47ms @ http://localhost:3000/_next/static/chunks/node_modules_next_dist_1e8vcs8._.js:776
[  112319ms] [LOG] [Fast Refresh] done in 47ms @ http://localhost:3000/_next/static/chunks/node_modules_next_dist_1e8vcs8._.js:776
[  112367ms] [LOG] [Fast Refresh] done in 47ms @ http://localhost:3000/_next/static/chunks/node_modules_next_dist_1e8vcs8._.js:776
[  112414ms] [LOG] [Fast Refresh] done in 47ms @ http://localhost:3000/_next/static/chunks/node_modules_next_dist_1e8vcs8._.js:776
[  112462ms] [LOG] [Fast Refresh] done in 47ms @ http://localhost:3000/_next/static/chunks/node_modules_next_dist_1e8vcs8._.js:776
[  112510ms] [LOG] [Fast Refresh] done in 47ms @ http://localhost:3000/_next/static/chunks/node_modules_next_dist_1e8vcs8._.js:776
[  112557ms] [LOG] [Fast Refresh] done in 47ms @ http://localhost:3000/_next/static/chunks/node_modules_next_dist_1e8vcs8._.js:776
[  112604ms] [LOG] [Fast Refresh] done in 47ms @ http://localhost:3000/_next/static/chunks/node_modules_next_dist_1e8vcs8._.js:776
[  112651ms] [LOG] [Fast Refresh] done in 47ms @ http://localhost:3000/_next/static/chunks/node_modules_next_dist_1e8vcs8._.js:776
[  112698ms] [LOG] [Fast Refresh] done in 47ms @ http://localhost:3000/_next/static/chunks/node_modules_next_dist_1e8vcs8._.js:776
[  112745ms] [LOG] [Fast Refresh] done in 47ms @ http://localhost:3000/_next/static/chunks/node_modules_next_dist_1e8vcs8._.js:776
[  112794ms] [LOG] [Fast Refresh] done in 47ms @ http://localhost:3000/_next/static/chunks/node_modules_next_dist_1e8vcs8._.js:776
[  112840ms] [LOG] [Fast Refresh] done in 47ms @ http://localhost:3000/_next/static/chunks/node_modules_next_dist_1e8vcs8._.js:776
[  112887ms] [LOG] [Fast Refresh] done in 47ms @ http://localhost:3000/_next/static/chunks/node_modules_next_dist_1e8vcs8._.js:776
[  112934ms] [LOG] [Fast Refresh] done in 47ms @ http://localhost:3000/_next/static/chunks/node_modules_next_dist_1e8vcs8._.js:776
[  112981ms] [LOG] [Fast Refresh] done in 47ms @ http://localhost:3000/_next/static/chunks/node_modules_next_dist_1e8vcs8._.js:776
[  113030ms] [LOG] [Fast Refresh] done in 47ms @ http://localhost:3000/_next/static/chunks/node_modules_next_dist_1e8vcs8._.js:776
[  113077ms] [LOG] [Fast Refresh] done in 47ms @ http://localhost:3000/_next/static/chunks/node_modules_next_dist_1e8vcs8._.js:776
[  113125ms] [LOG] [Fast Refresh] done in 47ms @ http://localhost:3000/_next/static/chunks/node_modules_next_dist_1e8vcs8._.js:776
[  113173ms] [LOG] [Fast Refresh] done in 47ms @ http://localhost:3000/_next/static/chunks/node_modules_next_dist_1e8vcs8._.js:776
[  113221ms] [LOG] [Fast Refresh] done in 47ms @ http://localhost:3000/_next/static/chunks/node_modules_next_dist_1e8vcs8._.js:776
[  113267ms] [LOG] [Fast Refresh] done in 47ms @ http://localhost:3000/_next/static/chunks/node_modules_next_dist_1e8vcs8._.js:776
[  113314ms] [LOG] [Fast Refresh] done in 47ms @ http://localhost:3000/_next/static/chunks/node_modules_next_dist_1e8vcs8._.js:776
[  113362ms] [LOG] [Fast Refresh] done in 47ms @ http://localhost:3000/_next/static/chunks/node_modules_next_dist_1e8vcs8._.js:776
[  113410ms] [LOG] [Fast Refresh] done in 47ms @ http://localhost:3000/_next/static/chunks/node_modules_next_dist_1e8vcs8._.js:776
[  113457ms] [LOG] [Fast Refresh] done in 47ms @ http://localhost:3000/_next/static/chunks/node_modules_next_dist_1e8vcs8._.js:776
[  113504ms] [LOG] [Fast Refresh] done in 47ms @ http://localhost:3000/_next/static/chunks/node_modules_next_dist_1e8vcs8._.js:776
[  113551ms] [LOG] [Fast Refresh] done in 47ms @ http://localhost:3000/_next/static/chunks/node_modules_next_dist_1e8vcs8._.js:776
[  113597ms] [LOG] [Fast Refresh] done in 47ms @ http://localhost:3000/_next/static/chunks/node_modules_next_dist_1e8vcs8._.js:776
[  113645ms] [LOG] [Fast Refresh] done in 47ms @ http://localhost:3000/_next/static/chunks/node_modules_next_dist_1e8vcs8._.js:776
[  113692ms] [LOG] [Fast Refresh] done in 47ms @ http://localhost:3000/_next/static/chunks/node_modules_next_dist_1e8vcs8._.js:776
[  113740ms] [LOG] [Fast Refresh] done in 47ms @ http://localhost:3000/_next/static/chunks/node_modules_next_dist_1e8vcs8._.js:776
[  113788ms] [LOG] [Fast Refresh] done in 47ms @ http://localhost:3000/_next/static/chunks/node_modules_next_dist_1e8vcs8._.js:776
[  113835ms] [LOG] [Fast Refresh] done in 47ms @ http://localhost:3000/_next/static/chunks/node_modules_next_dist_1e8vcs8._.js:776
[  113876ms] [LOG] [Fast Refresh] done in 47ms @ http://localhost:3000/_next/static/chunks/node_modules_next_dist_1e8vcs8._.js:776
[  113923ms] [LOG] [Fast Refresh] done in 47ms @ http://localhost:3000/_next/static/chunks/node_modules_next_dist_1e8vcs8._.js:776
[  113970ms] [LOG] [Fast Refresh] done in 47ms @ http://localhost:3000/_next/static/chunks/node_modules_next_dist_1e8vcs8._.js:776
[  114019ms] [LOG] [Fast Refresh] done in 47ms @ http://localhost:3000/_next/static/chunks/node_modules_next_dist_1e8vcs8._.js:776
[  114066ms] [LOG] [Fast Refresh] done in 47ms @ http://localhost:3000/_next/static/chunks/node_modules_next_dist_1e8vcs8._.js:776
[  114115ms] [LOG] [Fast Refresh] done in 47ms @ http://localhost:3000/_next/static/chunks/node_modules_next_dist_1e8vcs8._.js:776
[  114162ms] [LOG] [Fast Refresh] done in 47ms @ http://localhost:3000/_next/static/chunks/node_modules_next_dist_1e8vcs8._.js:776
[  114202ms] [LOG] [Fast Refresh] done in 47ms @ http://localhost:3000/_next/static/chunks/node_modules_next_dist_1e8vcs8._.js:776
[  114249ms] [LOG] [Fast Refresh] done in 47ms @ http://localhost:3000/_next/static/chunks/node_modules_next_dist_1e8vcs8._.js:776
[  114299ms] [LOG] [Fast Refresh] done in 47ms @ http://localhost:3000/_next/static/chunks/node_modules_next_dist_1e8vcs8._.js:776
[  114347ms] [LOG] [Fast Refresh] done in 47ms @ http://localhost:3000/_next/static/chunks/node_modules_next_dist_1e8vcs8._.js:776
[  114395ms] [LOG] [Fast Refresh] done in 47ms @ http://localhost:3000/_next/static/chunks/node_modules_next_dist_1e8vcs8._.js:776
[  114443ms] [LOG] [Fast Refresh] done in 47ms @ http://localhost:3000/_next/static/chunks/node_modules_next_dist_1e8vcs8._.js:776
[  114490ms] [LOG] [Fast Refresh] done in 47ms @ http://localhost:3000/_next/static/chunks/node_modules_next_dist_1e8vcs8._.js:776
[  114536ms] [LOG] [Fast Refresh] done in 47ms @ http://localhost:3000/_next/static/chunks/node_modules_next_dist_1e8vcs8._.js:776
[  114584ms] [LOG] [Fast Refresh] done in 47ms @ http://localhost:3000/_next/static/chunks/node_modules_next_dist_1e8vcs8._.js:776
[  114631ms] [LOG] [Fast Refresh] done in 47ms @ http://localhost:3000/_next/static/chunks/node_modules_next_dist_1e8vcs8._.js:776
[  114677ms] [LOG] [Fast Refresh] done in 47ms @ http://localhost:3000/_next/static/chunks/node_modules_next_dist_1e8vcs8._.js:776
[  114725ms] [LOG] [Fast Refresh] done in 47ms @ http://localhost:3000/_next/static/chunks/node_modules_next_dist_1e8vcs8._.js:776
[  114773ms] [LOG] [Fast Refresh] done in 47ms @ http://localhost:3000/_next/static/chunks/node_modules_next_dist_1e8vcs8._.js:776
[  114821ms] [LOG] [Fast Refresh] done in 47ms @ http://localhost:3000/_next/static/chunks/node_modules_next_dist_1e8vcs8._.js:776
[  114867ms] [LOG] [Fast Refresh] done in 47ms @ http://localhost:3000/_next/static/chunks/node_modules_next_dist_1e8vcs8._.js:776
[  114916ms] [LOG] [Fast Refresh] done in 47ms @ http://localhost:3000/_next/static/chunks/node_modules_next_dist_1e8vcs8._.js:776
[  114963ms] [LOG] [Fast Refresh] done in 47ms @ http://localhost:3000/_next/static/chunks/node_modules_next_dist_1e8vcs8._.js:776
[  115010ms] [LOG] [Fast Refresh] done in 47ms @ http://localhost:3000/_next/static/chunks/node_modules_next_dist_1e8vcs8._.js:776
[  115058ms] [LOG] [Fast Refresh] done in 47ms @ http://localhost:3000/_next/static/chunks/node_modules_next_dist_1e8vcs8._.js:776
[  115105ms] [LOG] [Fast Refresh] done in 47ms @ http://localhost:3000/_next/static/chunks/node_modules_next_dist_1e8vcs8._.js:776
[  115153ms] [LOG] [Fast Refresh] done in 47ms @ http://localhost:3000/_next/static/chunks/node_modules_next_dist_1e8vcs8._.js:776
[  115200ms] [LOG] [Fast Refresh] done in 47ms @ http://localhost:3000/_next/static/chunks/node_modules_next_dist_1e8vcs8._.js:776
[  115247ms] [LOG] [Fast Refresh] done in 47ms @ http://localhost:3000/_next/static/chunks/node_modules_next_dist_1e8vcs8._.js:776
[  115295ms] [LOG] [Fast Refresh] done in 47ms @ http://localhost:3000/_next/static/chunks/node_modules_next_dist_1e8vcs8._.js:776
[  115342ms] [LOG] [Fast Refresh] done in 47ms @ http://localhost:3000/_next/static/chunks/node_modules_next_dist_1e8vcs8._.js:776
[  115389ms] [LOG] [Fast Refresh] done in 47ms @ http://localhost:3000/_next/static/chunks/node_modules_next_dist_1e8vcs8._.js:776
[  115431ms] [LOG] [Fast Refresh] done in 47ms @ http://localhost:3000/_next/static/chunks/node_modules_next_dist_1e8vcs8._.js:776
[  115478ms] [LOG] [Fast Refresh] done in 47ms @ http://localhost:3000/_next/static/chunks/node_modules_next_dist_1e8vcs8._.js:776
[  115525ms] [LOG] [Fast Refresh] done in 47ms @ http://localhost:3000/_next/static/chunks/node_modules_next_dist_1e8vcs8._.js:776
[  115572ms] [LOG] [Fast Refresh] done in 47ms @ http://localhost:3000/_next/static/chunks/node_modules_next_dist_1e8vcs8._.js:776
[  115621ms] [LOG] [Fast Refresh] done in 47ms @ http://localhost:3000/_next/static/chunks/node_modules_next_dist_1e8vcs8._.js:776
[  115668ms] [LOG] [Fast Refresh] done in 47ms @ http://localhost:3000/_next/static/chunks/node_modules_next_dist_1e8vcs8._.js:776
[  115715ms] [LOG] [Fast Refresh] done in 47ms @ http://localhost:3000/_next/static/chunks/node_modules_next_dist_1e8vcs8._.js:776
[  115767ms] [LOG] [Fast Refresh] done in 47ms @ http://localhost:3000/_next/static/chunks/node_modules_next_dist_1e8vcs8._.js:776
[  115815ms] [LOG] [Fast Refresh] done in 47ms @ http://localhost:3000/_next/static/chunks/node_modules_next_dist_1e8vcs8._.js:776
[  115862ms] [LOG] [Fast Refresh] done in 47ms @ http://localhost:3000/_next/static/chunks/node_modules_next_dist_1e8vcs8._.js:776
[  115910ms] [LOG] [Fast Refresh] done in 47ms @ http://localhost:3000/_next/static/chunks/node_modules_next_dist_1e8vcs8._.js:776
[  115956ms] [LOG] [Fast Refresh] done in 47ms @ http://localhost:3000/_next/static/chunks/node_modules_next_dist_1e8vcs8._.js:776
[  116002ms] [LOG] [Fast Refresh] done in 47ms @ http://localhost:3000/_next/static/chunks/node_modules_next_dist_1e8vcs8._.js:776
[  116050ms] [LOG] [Fast Refresh] done in 47ms @ http://localhost:3000/_next/static/chunks/node_modules_next_dist_1e8vcs8._.js:776
[  116097ms] [LOG] [Fast Refresh] done in 47ms @ http://localhost:3000/_next/static/chunks/node_modules_next_dist_1e8vcs8._.js:776
[  116144ms] [LOG] [Fast Refresh] done in 47ms @ http://localhost:3000/_next/static/chunks/node_modules_next_dist_1e8vcs8._.js:776
[  116191ms] [LOG] [Fast Refresh] done in 47ms @ http://localhost:3000/_next/static/chunks/node_modules_next_dist_1e8vcs8._.js:776
[  116239ms] [LOG] [Fast Refresh] done in 47ms @ http://localhost:3000/_next/static/chunks/node_modules_next_dist_1e8vcs8._.js:776
[  116294ms] [LOG] [Fast Refresh] done in 47ms @ http://localhost:3000/_next/static/chunks/node_modules_next_dist_1e8vcs8._.js:776
[  116340ms] [LOG] [Fast Refresh] done in 47ms @ http://localhost:3000/_next/static/chunks/node_modules_next_dist_1e8vcs8._.js:776
[  116387ms] [LOG] [Fast Refresh] done in 47ms @ http://localhost:3000/_next/static/chunks/node_modules_next_dist_1e8vcs8._.js:776
[  116433ms] [LOG] [Fast Refresh] done in 47ms @ http://localhost:3000/_next/static/chunks/node_modules_next_dist_1e8vcs8._.js:776
[  116481ms] [LOG] [Fast Refresh] done in 47ms @ http://localhost:3000/_next/static/chunks/node_modules_next_dist_1e8vcs8._.js:776
[  116527ms] [LOG] [Fast Refresh] done in 47ms @ http://localhost:3000/_next/static/chunks/node_modules_next_dist_1e8vcs8._.js:776
[  116575ms] [LOG] [Fast Refresh] done in 47ms @ http://localhost:3000/_next/static/chunks/node_modules_next_dist_1e8vcs8._.js:776
[  116623ms] [LOG] [Fast Refresh] done in 47ms @ http://localhost:3000/_next/static/chunks/node_modules_next_dist_1e8vcs8._.js:776
[  116670ms] [LOG] [Fast Refresh] done in 47ms @ http://localhost:3000/_next/static/chunks/node_modules_next_dist_1e8vcs8._.js:776
[  116718ms] [LOG] [Fast Refresh] done in 47ms @ http://localhost:3000/_next/static/chunks/node_modules_next_dist_1e8vcs8._.js:776
[  116765ms] [LOG] [Fast Refresh] done in 47ms @ http://localhost:3000/_next/static/chunks/node_modules_next_dist_1e8vcs8._.js:776
[  116811ms] [LOG] [Fast Refresh] done in 47ms @ http://localhost:3000/_next/static/chunks/node_modules_next_dist_1e8vcs8._.js:776
[  116858ms] [LOG] [Fast Refresh] done in 47ms @ http://localhost:3000/_next/static/chunks/node_modules_next_dist_1e8vcs8._.js:776
[  116905ms] [LOG] [Fast Refresh] done in 47ms @ http://localhost:3000/_next/static/chunks/node_modules_next_dist_1e8vcs8._.js:776
[  116952ms] [LOG] [Fast Refresh] done in 47ms @ http://localhost:3000/_next/static/chunks/node_modules_next_dist_1e8vcs8._.js:776
[  117000ms] [LOG] [Fast Refresh] done in 47ms @ http://localhost:3000/_next/static/chunks/node_modules_next_dist_1e8vcs8._.js:776
[  117047ms] [LOG] [Fast Refresh] done in 47ms @ http://localhost:3000/_next/static/chunks/node_modules_next_dist_1e8vcs8._.js:776
[  117094ms] [LOG] [Fast Refresh] done in 47ms @ http://localhost:3000/_next/static/chunks/node_modules_next_dist_1e8vcs8._.js:776
[  117142ms] [LOG] [Fast Refresh] done in 47ms @ http://localhost:3000/_next/static/chunks/node_modules_next_dist_1e8vcs8._.js:776
[  117190ms] [LOG] [Fast Refresh] done in 47ms @ http://localhost:3000/_next/static/chunks/node_modules_next_dist_1e8vcs8._.js:776
[  117236ms] [LOG] [Fast Refresh] done in 47ms @ http://localhost:3000/_next/static/chunks/node_modules_next_dist_1e8vcs8._.js:776
[  117284ms] [LOG] [Fast Refresh] done in 47ms @ http://localhost:3000/_next/static/chunks/node_modules_next_dist_1e8vcs8._.js:776
[  117331ms] [LOG] [Fast Refresh] done in 47ms @ http://localhost:3000/_next/static/chunks/node_modules_next_dist_1e8vcs8._.js:776
[  117378ms] [LOG] [Fast Refresh] done in 47ms @ http://localhost:3000/_next/static/chunks/node_modules_next_dist_1e8vcs8._.js:776
[  117427ms] [LOG] [Fast Refresh] done in 47ms @ http://localhost:3000/_next/static/chunks/node_modules_next_dist_1e8vcs8._.js:776
[  117473ms] [LOG] [Fast Refresh] done in 47ms @ http://localhost:3000/_next/static/chunks/node_modules_next_dist_1e8vcs8._.js:776
[  117521ms] [LOG] [Fast Refresh] done in 47ms @ http://localhost:3000/_next/static/chunks/node_modules_next_dist_1e8vcs8._.js:776
[  117568ms] [LOG] [Fast Refresh] done in 47ms @ http://localhost:3000/_next/static/chunks/node_modules_next_dist_1e8vcs8._.js:776
[  117615ms] [LOG] [Fast Refresh] done in 47ms @ http://localhost:3000/_next/static/chunks/node_modules_next_dist_1e8vcs8._.js:776
[  117661ms] [LOG] [Fast Refresh] done in 47ms @ http://localhost:3000/_next/static/chunks/node_modules_next_dist_1e8vcs8._.js:776
[  117708ms] [LOG] [Fast Refresh] done in 47ms @ http://localhost:3000/_next/static/chunks/node_modules_next_dist_1e8vcs8._.js:776
[  117754ms] [LOG] [Fast Refresh] done in 47ms @ http://localhost:3000/_next/static/chunks/node_modules_next_dist_1e8vcs8._.js:776
[  117802ms] [LOG] [Fast Refresh] done in 47ms @ http://localhost:3000/_next/static/chunks/node_modules_next_dist_1e8vcs8._.js:776
[  117847ms] [LOG] [Fast Refresh] done in 47ms @ http://localhost:3000/_next/static/chunks/node_modules_next_dist_1e8vcs8._.js:776
[  117895ms] [LOG] [Fast Refresh] done in 47ms @ http://localhost:3000/_next/static/chunks/node_modules_next_dist_1e8vcs8._.js:776
[  117943ms] [LOG] [Fast Refresh] done in 47ms @ http://localhost:3000/_next/static/chunks/node_modules_next_dist_1e8vcs8._.js:776
[  117991ms] [LOG] [Fast Refresh] done in 47ms @ http://localhost:3000/_next/static/chunks/node_modules_next_dist_1e8vcs8._.js:776
[  118039ms] [LOG] [Fast Refresh] done in 47ms @ http://localhost:3000/_next/static/chunks/node_modules_next_dist_1e8vcs8._.js:776
[  118088ms] [LOG] [Fast Refresh] done in 47ms @ http://localhost:3000/_next/static/chunks/node_modules_next_dist_1e8vcs8._.js:776
[  118134ms] [LOG] [Fast Refresh] done in 47ms @ http://localhost:3000/_next/static/chunks/node_modules_next_dist_1e8vcs8._.js:776
[  118181ms] [LOG] [Fast Refresh] done in 47ms @ http://localhost:3000/_next/static/chunks/node_modules_next_dist_1e8vcs8._.js:776
[  118228ms] [LOG] [Fast Refresh] done in 47ms @ http://localhost:3000/_next/static/chunks/node_modules_next_dist_1e8vcs8._.js:776
[  118277ms] [LOG] [Fast Refresh] done in 47ms @ http://localhost:3000/_next/static/chunks/node_modules_next_dist_1e8vcs8._.js:776
[  118324ms] [LOG] [Fast Refresh] done in 47ms @ http://localhost:3000/_next/static/chunks/node_modules_next_dist_1e8vcs8._.js:776
[  118374ms] [LOG] [Fast Refresh] done in 47ms @ http://localhost:3000/_next/static/chunks/node_modules_next_dist_1e8vcs8._.js:776
[  118421ms] [LOG] [Fast Refresh] done in 47ms @ http://localhost:3000/_next/static/chunks/node_modules_next_dist_1e8vcs8._.js:776
[  118468ms] [LOG] [Fast Refresh] done in 47ms @ http://localhost:3000/_next/static/chunks/node_modules_next_dist_1e8vcs8._.js:776
[  118515ms] [LOG] [Fast Refresh] done in 47ms @ http://localhost:3000/_next/static/chunks/node_modules_next_dist_1e8vcs8._.js:776
[  118561ms] [LOG] [Fast Refresh] done in 47ms @ http://localhost:3000/_next/static/chunks/node_modules_next_dist_1e8vcs8._.js:776
[  118609ms] [LOG] [Fast Refresh] done in 47ms @ http://localhost:3000/_next/static/chunks/node_modules_next_dist_1e8vcs8._.js:776
[  118656ms] [LOG] [Fast Refresh] done in 47ms @ http://localhost:3000/_next/static/chunks/node_modules_next_dist_1e8vcs8._.js:776
[  118703ms] [LOG] [Fast Refresh] done in 47ms @ http://localhost:3000/_next/static/chunks/node_modules_next_dist_1e8vcs8._.js:776
[  118750ms] [LOG] [Fast Refresh] done in 47ms @ http://localhost:3000/_next/static/chunks/node_modules_next_dist_1e8vcs8._.js:776
[  118798ms] [LOG] [Fast Refresh] done in 47ms @ http://localhost:3000/_next/static/chunks/node_modules_next_dist_1e8vcs8._.js:776
[  118847ms] [LOG] [Fast Refresh] done in 47ms @ http://localhost:3000/_next/static/chunks/node_modules_next_dist_1e8vcs8._.js:776
[  118894ms] [LOG] [Fast Refresh] done in 47ms @ http://localhost:3000/_next/static/chunks/node_modules_next_dist_1e8vcs8._.js:776
[  118941ms] [LOG] [Fast Refresh] done in 47ms @ http://localhost:3000/_next/static/chunks/node_modules_next_dist_1e8vcs8._.js:776
[  118989ms] [LOG] [Fast Refresh] done in 47ms @ http://localhost:3000/_next/static/chunks/node_modules_next_dist_1e8vcs8._.js:776
[  119037ms] [LOG] [Fast Refresh] done in 47ms @ http://localhost:3000/_next/static/chunks/node_modules_next_dist_1e8vcs8._.js:776
[  119085ms] [LOG] [Fast Refresh] done in 47ms @ http://localhost:3000/_next/static/chunks/node_modules_next_dist_1e8vcs8._.js:776
[  119131ms] [LOG] [Fast Refresh] done in 47ms @ http://localhost:3000/_next/static/chunks/node_modules_next_dist_1e8vcs8._.js:776
[  119178ms] [LOG] [Fast Refresh] done in 47ms @ http://localhost:3000/_next/static/chunks/node_modules_next_dist_1e8vcs8._.js:776
[  119225ms] [LOG] [Fast Refresh] done in 47ms @ http://localhost:3000/_next/static/chunks/node_modules_next_dist_1e8vcs8._.js:776
[  119270ms] [LOG] [Fast Refresh] done in 47ms @ http://localhost:3000/_next/static/chunks/node_modules_next_dist_1e8vcs8._.js:776
[  119317ms] [LOG] [Fast Refresh] done in 47ms @ http://localhost:3000/_next/static/chunks/node_modules_next_dist_1e8vcs8._.js:776
[  119365ms] [LOG] [Fast Refresh] done in 47ms @ http://localhost:3000/_next/static/chunks/node_modules_next_dist_1e8vcs8._.js:776
[  119413ms] [LOG] [Fast Refresh] done in 47ms @ http://localhost:3000/_next/static/chunks/node_modules_next_dist_1e8vcs8._.js:776
[  119460ms] [LOG] [Fast Refresh] done in 47ms @ http://localhost:3000/_next/static/chunks/node_modules_next_dist_1e8vcs8._.js:776
[  119507ms] [LOG] [Fast Refresh] done in 47ms @ http://localhost:3000/_next/static/chunks/node_modules_next_dist_1e8vcs8._.js:776
[  119553ms] [LOG] [Fast Refresh] done in 47ms @ http://localhost:3000/_next/static/chunks/node_modules_next_dist_1e8vcs8._.js:776
[  119601ms] [LOG] [Fast Refresh] done in 47ms @ http://localhost:3000/_next/static/chunks/node_modules_next_dist_1e8vcs8._.js:776
[  119648ms] [LOG] [Fast Refresh] done in 47ms @ http://localhost:3000/_next/static/chunks/node_modules_next_dist_1e8vcs8._.js:776
[  119695ms] [LOG] [Fast Refresh] done in 47ms @ http://localhost:3000/_next/static/chunks/node_modules_next_dist_1e8vcs8._.js:776
[  119742ms] [LOG] [Fast Refresh] done in 47ms @ http://localhost:3000/_next/static/chunks/node_modules_next_dist_1e8vcs8._.js:776
[  119790ms] [LOG] [Fast Refresh] done in 47ms @ http://localhost:3000/_next/static/chunks/node_modules_next_dist_1e8vcs8._.js:776
[  119837ms] [LOG] [Fast Refresh] done in 47ms @ http://localhost:3000/_next/static/chunks/node_modules_next_dist_1e8vcs8._.js:776
[  119884ms] [LOG] [Fast Refresh] done in 47ms @ http://localhost:3000/_next/static/chunks/node_modules_next_dist_1e8vcs8._.js:776
[  119931ms] [LOG] [Fast Refresh] done in 47ms @ http://localhost:3000/_next/static/chunks/node_modules_next_dist_1e8vcs8._.js:776
[  119978ms] [LOG] [Fast Refresh] done in 47ms @ http://localhost:3000/_next/static/chunks/node_modules_next_dist_1e8vcs8._.js:776
[  120025ms] [LOG] [Fast Refresh] done in 47ms @ http://localhost:3000/_next/static/chunks/node_modules_next_dist_1e8vcs8._.js:776
[  120074ms] [LOG] [Fast Refresh] done in 47ms @ http://localhost:3000/_next/static/chunks/node_modules_next_dist_1e8vcs8._.js:776
[  120121ms] [LOG] [Fast Refresh] done in 47ms @ http://localhost:3000/_next/static/chunks/node_modules_next_dist_1e8vcs8._.js:776
[  120168ms] [LOG] [Fast Refresh] done in 47ms @ http://localhost:3000/_next/static/chunks/node_modules_next_dist_1e8vcs8._.js:776
[  120215ms] [LOG] [Fast Refresh] done in 47ms @ http://localhost:3000/_next/static/chunks/node_modules_next_dist_1e8vcs8._.js:776
[  120264ms] [LOG] [Fast Refresh] done in 47ms @ http://localhost:3000/_next/static/chunks/node_modules_next_dist_1e8vcs8._.js:776
[  120311ms] [LOG] [Fast Refresh] done in 47ms @ http://localhost:3000/_next/static/chunks/node_modules_next_dist_1e8vcs8._.js:776
[  120360ms] [LOG] [Fast Refresh] done in 47ms @ http://localhost:3000/_next/static/chunks/node_modules_next_dist_1e8vcs8._.js:776
[  120407ms] [LOG] [Fast Refresh] done in 47ms @ http://localhost:3000/_next/static/chunks/node_modules_next_dist_1e8vcs8._.js:776
[  120454ms] [LOG] [Fast Refresh] done in 47ms @ http://localhost:3000/_next/static/chunks/node_modules_next_dist_1e8vcs8._.js:776
[  120502ms] [LOG] [Fast Refresh] done in 47ms @ http://localhost:3000/_next/static/chunks/node_modules_next_dist_1e8vcs8._.js:776
[  120550ms] [LOG] [Fast Refresh] done in 47ms @ http://localhost:3000/_next/static/chunks/node_modules_next_dist_1e8vcs8._.js:776
[  120597ms] [LOG] [Fast Refresh] done in 47ms @ http://localhost:3000/_next/static/chunks/node_modules_next_dist_1e8vcs8._.js:776
[  120644ms] [LOG] [Fast Refresh] done in 47ms @ http://localhost:3000/_next/static/chunks/node_modules_next_dist_1e8vcs8._.js:776
[  120691ms] [LOG] [Fast Refresh] done in 47ms @ http://localhost:3000/_next/static/chunks/node_modules_next_dist_1e8vcs8._.js:776
[  120738ms] [LOG] [Fast Refresh] done in 47ms @ http://localhost:3000/_next/static/chunks/node_modules_next_dist_1e8vcs8._.js:776
[  120785ms] [LOG] [Fast Refresh] done in 47ms @ http://localhost:3000/_next/static/chunks/node_modules_next_dist_1e8vcs8._.js:776
[  120831ms] [LOG] [Fast Refresh] done in 47ms @ http://localhost:3000/_next/static/chunks/node_modules_next_dist_1e8vcs8._.js:776
[  120878ms] [LOG] [Fast Refresh] done in 47ms @ http://localhost:3000/_next/static/chunks/node_modules_next_dist_1e8vcs8._.js:776
[  120926ms] [LOG] [Fast Refresh] done in 47ms @ http://localhost:3000/_next/static/chunks/node_modules_next_dist_1e8vcs8._.js:776
[  120973ms] [LOG] [Fast Refresh] done in 47ms @ http://localhost:3000/_next/static/chunks/node_modules_next_dist_1e8vcs8._.js:776
[  121020ms] [LOG] [Fast Refresh] done in 47ms @ http://localhost:3000/_next/static/chunks/node_modules_next_dist_1e8vcs8._.js:776
[  121067ms] [LOG] [Fast Refresh] done in 47ms @ http://localhost:3000/_next/static/chunks/node_modules_next_dist_1e8vcs8._.js:776
[  121115ms] [LOG] [Fast Refresh] done in 47ms @ http://localhost:3000/_next/static/chunks/node_modules_next_dist_1e8vcs8._.js:776
[  121164ms] [LOG] [Fast Refresh] done in 47ms @ http://localhost:3000/_next/static/chunks/node_modules_next_dist_1e8vcs8._.js:776
[  121210ms] [LOG] [Fast Refresh] done in 47ms @ http://localhost:3000/_next/static/chunks/node_modules_next_dist_1e8vcs8._.js:776
[  121256ms] [LOG] [Fast Refresh] done in 47ms @ http://localhost:3000/_next/static/chunks/node_modules_next_dist_1e8vcs8._.js:776
[  121303ms] [LOG] [Fast Refresh] done in 47ms @ http://localhost:3000/_next/static/chunks/node_modules_next_dist_1e8vcs8._.js:776
[  121351ms] [LOG] [Fast Refresh] done in 47ms @ http://localhost:3000/_next/static/chunks/node_modules_next_dist_1e8vcs8._.js:776
[  121397ms] [LOG] [Fast Refresh] done in 47ms @ http://localhost:3000/_next/static/chunks/node_modules_next_dist_1e8vcs8._.js:776
[  121445ms] [LOG] [Fast Refresh] done in 47ms @ http://localhost:3000/_next/static/chunks/node_modules_next_dist_1e8vcs8._.js:776
[  121492ms] [LOG] [Fast Refresh] done in 47ms @ http://localhost:3000/_next/static/chunks/node_modules_next_dist_1e8vcs8._.js:776
[  121540ms] [LOG] [Fast Refresh] done in 47ms @ http://localhost:3000/_next/static/chunks/node_modules_next_dist_1e8vcs8._.js:776
[  121587ms] [LOG] [Fast Refresh] done in 47ms @ http://localhost:3000/_next/static/chunks/node_modules_next_dist_1e8vcs8._.js:776
[  121635ms] [LOG] [Fast Refresh] done in 47ms @ http://localhost:3000/_next/static/chunks/node_modules_next_dist_1e8vcs8._.js:776
[  121682ms] [LOG] [Fast Refresh] done in 47ms @ http://localhost:3000/_next/static/chunks/node_modules_next_dist_1e8vcs8._.js:776
[  121729ms] [LOG] [Fast Refresh] done in 47ms @ http://localhost:3000/_next/static/chunks/node_modules_next_dist_1e8vcs8._.js:776
[  121777ms] [LOG] [Fast Refresh] done in 47ms @ http://localhost:3000/_next/static/chunks/node_modules_next_dist_1e8vcs8._.js:776
[  121824ms] [LOG] [Fast Refresh] done in 47ms @ http://localhost:3000/_next/static/chunks/node_modules_next_dist_1e8vcs8._.js:776
[  121870ms] [LOG] [Fast Refresh] done in 47ms @ http://localhost:3000/_next/static/chunks/node_modules_next_dist_1e8vcs8._.js:776
[  121918ms] [LOG] [Fast Refresh] done in 47ms @ http://localhost:3000/_next/static/chunks/node_modules_next_dist_1e8vcs8._.js:776
[  121965ms] [LOG] [Fast Refresh] done in 47ms @ http://localhost:3000/_next/static/chunks/node_modules_next_dist_1e8vcs8._.js:776
[  122015ms] [LOG] [Fast Refresh] done in 47ms @ http://localhost:3000/_next/static/chunks/node_modules_next_dist_1e8vcs8._.js:776
[  122064ms] [LOG] [Fast Refresh] done in 47ms @ http://localhost:3000/_next/static/chunks/node_modules_next_dist_1e8vcs8._.js:776
[  122111ms] [LOG] [Fast Refresh] done in 47ms @ http://localhost:3000/_next/static/chunks/node_modules_next_dist_1e8vcs8._.js:776
[  122158ms] [LOG] [Fast Refresh] done in 47ms @ http://localhost:3000/_next/static/chunks/node_modules_next_dist_1e8vcs8._.js:776
[  122205ms] [LOG] [Fast Refresh] done in 47ms @ http://localhost:3000/_next/static/chunks/node_modules_next_dist_1e8vcs8._.js:776
[  122252ms] [LOG] [Fast Refresh] done in 47ms @ http://localhost:3000/_next/static/chunks/node_modules_next_dist_1e8vcs8._.js:776
[  122298ms] [LOG] [Fast Refresh] done in 47ms @ http://localhost:3000/_next/static/chunks/node_modules_next_dist_1e8vcs8._.js:776
[  122346ms] [LOG] [Fast Refresh] done in 47ms @ http://localhost:3000/_next/static/chunks/node_modules_next_dist_1e8vcs8._.js:776
[  122394ms] [LOG] [Fast Refresh] done in 47ms @ http://localhost:3000/_next/static/chunks/node_modules_next_dist_1e8vcs8._.js:776
[  122442ms] [LOG] [Fast Refresh] done in 47ms @ http://localhost:3000/_next/static/chunks/node_modules_next_dist_1e8vcs8._.js:776
[  122488ms] [LOG] [Fast Refresh] done in 47ms @ http://localhost:3000/_next/static/chunks/node_modules_next_dist_1e8vcs8._.js:776
[  122535ms] [LOG] [Fast Refresh] done in 47ms @ http://localhost:3000/_next/static/chunks/node_modules_next_dist_1e8vcs8._.js:776
[  122582ms] [LOG] [Fast Refresh] done in 47ms @ http://localhost:3000/_next/static/chunks/node_modules_next_dist_1e8vcs8._.js:776
[  122629ms] [LOG] [Fast Refresh] done in 47ms @ http://localhost:3000/_next/static/chunks/node_modules_next_dist_1e8vcs8._.js:776
[  122680ms] [LOG] [Fast Refresh] done in 47ms @ http://localhost:3000/_next/static/chunks/node_modules_next_dist_1e8vcs8._.js:776
[  122728ms] [LOG] [Fast Refresh] done in 47ms @ http://localhost:3000/_next/static/chunks/node_modules_next_dist_1e8vcs8._.js:776
[  122776ms] [LOG] [Fast Refresh] done in 47ms @ http://localhost:3000/_next/static/chunks/node_modules_next_dist_1e8vcs8._.js:776
[  122822ms] [LOG] [Fast Refresh] done in 47ms @ http://localhost:3000/_next/static/chunks/node_modules_next_dist_1e8vcs8._.js:776
[  122869ms] [LOG] [Fast Refresh] done in 47ms @ http://localhost:3000/_next/static/chunks/node_modules_next_dist_1e8vcs8._.js:776
[  122915ms] [LOG] [Fast Refresh] done in 47ms @ http://localhost:3000/_next/static/chunks/node_modules_next_dist_1e8vcs8._.js:776
[  122961ms] [LOG] [Fast Refresh] done in 47ms @ http://localhost:3000/_next/static/chunks/node_modules_next_dist_1e8vcs8._.js:776
[  123019ms] [LOG] [Fast Refresh] done in 47ms @ http://localhost:3000/_next/static/chunks/node_modules_next_dist_1e8vcs8._.js:776
[  123066ms] [LOG] [Fast Refresh] done in 47ms @ http://localhost:3000/_next/static/chunks/node_modules_next_dist_1e8vcs8._.js:776
[  123114ms] [LOG] [Fast Refresh] done in 47ms @ http://localhost:3000/_next/static/chunks/node_modules_next_dist_1e8vcs8._.js:776
[  123161ms] [LOG] [Fast Refresh] done in 47ms @ http://localhost:3000/_next/static/chunks/node_modules_next_dist_1e8vcs8._.js:776
[  123216ms] [LOG] [Fast Refresh] done in 47ms @ http://localhost:3000/_next/static/chunks/node_modules_next_dist_1e8vcs8._.js:776
[  123264ms] [LOG] [Fast Refresh] done in 47ms @ http://localhost:3000/_next/static/chunks/node_modules_next_dist_1e8vcs8._.js:776
[  123315ms] [LOG] [Fast Refresh] done in 47ms @ http://localhost:3000/_next/static/chunks/node_modules_next_dist_1e8vcs8._.js:776
[  123361ms] [LOG] [Fast Refresh] done in 47ms @ http://localhost:3000/_next/static/chunks/node_modules_next_dist_1e8vcs8._.js:776
[  123409ms] [LOG] [Fast Refresh] done in 47ms @ http://localhost:3000/_next/static/chunks/node_modules_next_dist_1e8vcs8._.js:776
[  123458ms] [LOG] [Fast Refresh] done in 47ms @ http://localhost:3000/_next/static/chunks/node_modules_next_dist_1e8vcs8._.js:776
[  123506ms] [LOG] [Fast Refresh] done in 47ms @ http://localhost:3000/_next/static/chunks/node_modules_next_dist_1e8vcs8._.js:776
[  123556ms] [LOG] [Fast Refresh] done in 47ms @ http://localhost:3000/_next/static/chunks/node_modules_next_dist_1e8vcs8._.js:776
[  123605ms] [LOG] [Fast Refresh] done in 47ms @ http://localhost:3000/_next/static/chunks/node_modules_next_dist_1e8vcs8._.js:776
[  123656ms] [LOG] [Fast Refresh] done in 47ms @ http://localhost:3000/_next/static/chunks/node_modules_next_dist_1e8vcs8._.js:776
[  123703ms] [LOG] [Fast Refresh] done in 47ms @ http://localhost:3000/_next/static/chunks/node_modules_next_dist_1e8vcs8._.js:776
[  123750ms] [LOG] [Fast Refresh] done in 47ms @ http://localhost:3000/_next/static/chunks/node_modules_next_dist_1e8vcs8._.js:776
[  123798ms] [LOG] [Fast Refresh] done in 47ms @ http://localhost:3000/_next/static/chunks/node_modules_next_dist_1e8vcs8._.js:776
[  123845ms] [LOG] [Fast Refresh] done in 47ms @ http://localhost:3000/_next/static/chunks/node_modules_next_dist_1e8vcs8._.js:776
[  123894ms] [LOG] [Fast Refresh] done in 47ms @ http://localhost:3000/_next/static/chunks/node_modules_next_dist_1e8vcs8._.js:776
[  123944ms] [LOG] [Fast Refresh] done in 47ms @ http://localhost:3000/_next/static/chunks/node_modules_next_dist_1e8vcs8._.js:776
[  123992ms] [LOG] [Fast Refresh] done in 47ms @ http://localhost:3000/_next/static/chunks/node_modules_next_dist_1e8vcs8._.js:776
[  124040ms] [LOG] [Fast Refresh] done in 47ms @ http://localhost:3000/_next/static/chunks/node_modules_next_dist_1e8vcs8._.js:776
[  124087ms] [LOG] [Fast Refresh] done in 47ms @ http://localhost:3000/_next/static/chunks/node_modules_next_dist_1e8vcs8._.js:776
[  124134ms] [LOG] [Fast Refresh] done in 47ms @ http://localhost:3000/_next/static/chunks/node_modules_next_dist_1e8vcs8._.js:776
[  124181ms] [LOG] [Fast Refresh] done in 47ms @ http://localhost:3000/_next/static/chunks/node_modules_next_dist_1e8vcs8._.js:776
[  124229ms] [LOG] [Fast Refresh] done in 47ms @ http://localhost:3000/_next/static/chunks/node_modules_next_dist_1e8vcs8._.js:776
[  124277ms] [LOG] [Fast Refresh] done in 47ms @ http://localhost:3000/_next/static/chunks/node_modules_next_dist_1e8vcs8._.js:776
[  124325ms] [LOG] [Fast Refresh] done in 47ms @ http://localhost:3000/_next/static/chunks/node_modules_next_dist_1e8vcs8._.js:776
[  124373ms] [LOG] [Fast Refresh] done in 47ms @ http://localhost:3000/_next/static/chunks/node_modules_next_dist_1e8vcs8._.js:776
[  124423ms] [LOG] [Fast Refresh] done in 47ms @ http://localhost:3000/_next/static/chunks/node_modules_next_dist_1e8vcs8._.js:776
[  124470ms] [LOG] [Fast Refresh] done in 47ms @ http://localhost:3000/_next/static/chunks/node_modules_next_dist_1e8vcs8._.js:776
[  124517ms] [LOG] [Fast Refresh] done in 47ms @ http://localhost:3000/_next/static/chunks/node_modules_next_dist_1e8vcs8._.js:776
[  124564ms] [LOG] [Fast Refresh] done in 47ms @ http://localhost:3000/_next/static/chunks/node_modules_next_dist_1e8vcs8._.js:776
[  124612ms] [LOG] [Fast Refresh] done in 47ms @ http://localhost:3000/_next/static/chunks/node_modules_next_dist_1e8vcs8._.js:776
[  124659ms] [LOG] [Fast Refresh] done in 47ms @ http://localhost:3000/_next/static/chunks/node_modules_next_dist_1e8vcs8._.js:776
[  124705ms] [LOG] [Fast Refresh] done in 47ms @ http://localhost:3000/_next/static/chunks/node_modules_next_dist_1e8vcs8._.js:776
[  124753ms] [LOG] [Fast Refresh] done in 47ms @ http://localhost:3000/_next/static/chunks/node_modules_next_dist_1e8vcs8._.js:776
[  124800ms] [LOG] [Fast Refresh] done in 47ms @ http://localhost:3000/_next/static/chunks/node_modules_next_dist_1e8vcs8._.js:776
[  124851ms] [LOG] [Fast Refresh] done in 47ms @ http://localhost:3000/_next/static/chunks/node_modules_next_dist_1e8vcs8._.js:776
[  124902ms] [LOG] [Fast Refresh] done in 47ms @ http://localhost:3000/_next/static/chunks/node_modules_next_dist_1e8vcs8._.js:776
[  124950ms] [LOG] [Fast Refresh] done in 47ms @ http://localhost:3000/_next/static/chunks/node_modules_next_dist_1e8vcs8._.js:776
[  124997ms] [LOG] [Fast Refresh] done in 47ms @ http://localhost:3000/_next/static/chunks/node_modules_next_dist_1e8vcs8._.js:776
[  125047ms] [LOG] [Fast Refresh] done in 47ms @ http://localhost:3000/_next/static/chunks/node_modules_next_dist_1e8vcs8._.js:776
[  125095ms] [LOG] [Fast Refresh] done in 47ms @ http://localhost:3000/_next/static/chunks/node_modules_next_dist_1e8vcs8._.js:776
[  125143ms] [LOG] [Fast Refresh] done in 47ms @ http://localhost:3000/_next/static/chunks/node_modules_next_dist_1e8vcs8._.js:776
[  125190ms] [LOG] [Fast Refresh] done in 47ms @ http://localhost:3000/_next/static/chunks/node_modules_next_dist_1e8vcs8._.js:776
[  125236ms] [LOG] [Fast Refresh] done in 47ms @ http://localhost:3000/_next/static/chunks/node_modules_next_dist_1e8vcs8._.js:776
[  125284ms] [LOG] [Fast Refresh] done in 47ms @ http://localhost:3000/_next/static/chunks/node_modules_next_dist_1e8vcs8._.js:776
[  125332ms] [LOG] [Fast Refresh] done in 47ms @ http://localhost:3000/_next/static/chunks/node_modules_next_dist_1e8vcs8._.js:776
[  125380ms] [LOG] [Fast Refresh] done in 47ms @ http://localhost:3000/_next/static/chunks/node_modules_next_dist_1e8vcs8._.js:776
[  125426ms] [LOG] [Fast Refresh] done in 47ms @ http://localhost:3000/_next/static/chunks/node_modules_next_dist_1e8vcs8._.js:776
[  125473ms] [LOG] [Fast Refresh] done in 47ms @ http://localhost:3000/_next/static/chunks/node_modules_next_dist_1e8vcs8._.js:776
[  125520ms] [LOG] [Fast Refresh] done in 47ms @ http://localhost:3000/_next/static/chunks/node_modules_next_dist_1e8vcs8._.js:776
[  125567ms] [LOG] [Fast Refresh] done in 47ms @ http://localhost:3000/_next/static/chunks/node_modules_next_dist_1e8vcs8._.js:776
[  125615ms] [LOG] [Fast Refresh] done in 47ms @ http://localhost:3000/_next/static/chunks/node_modules_next_dist_1e8vcs8._.js:776
[  125677ms] [LOG] [Fast Refresh] done in 47ms @ http://localhost:3000/_next/static/chunks/node_modules_next_dist_1e8vcs8._.js:776
[  125731ms] [LOG] [Fast Refresh] done in 47ms @ http://localhost:3000/_next/static/chunks/node_modules_next_dist_1e8vcs8._.js:776
[  125780ms] [LOG] [Fast Refresh] done in 47ms @ http://localhost:3000/_next/static/chunks/node_modules_next_dist_1e8vcs8._.js:776
[  125827ms] [LOG] [Fast Refresh] done in 47ms @ http://localhost:3000/_next/static/chunks/node_modules_next_dist_1e8vcs8._.js:776
[  125875ms] [LOG] [Fast Refresh] done in 47ms @ http://localhost:3000/_next/static/chunks/node_modules_next_dist_1e8vcs8._.js:776
[  125923ms] [LOG] [Fast Refresh] done in 47ms @ http://localhost:3000/_next/static/chunks/node_modules_next_dist_1e8vcs8._.js:776
[  125971ms] [LOG] [Fast Refresh] done in 47ms @ http://localhost:3000/_next/static/chunks/node_modules_next_dist_1e8vcs8._.js:776
[  126019ms] [LOG] [Fast Refresh] done in 47ms @ http://localhost:3000/_next/static/chunks/node_modules_next_dist_1e8vcs8._.js:776
[  126066ms] [LOG] [Fast Refresh] done in 47ms @ http://localhost:3000/_next/static/chunks/node_modules_next_dist_1e8vcs8._.js:776
[  126114ms] [LOG] [Fast Refresh] done in 47ms @ http://localhost:3000/_next/static/chunks/node_modules_next_dist_1e8vcs8._.js:776
[  126160ms] [LOG] [Fast Refresh] done in 47ms @ http://localhost:3000/_next/static/chunks/node_modules_next_dist_1e8vcs8._.js:776
[  126209ms] [LOG] [Fast Refresh] done in 47ms @ http://localhost:3000/_next/static/chunks/node_modules_next_dist_1e8vcs8._.js:776
[  126256ms] [LOG] [Fast Refresh] done in 47ms @ http://localhost:3000/_next/static/chunks/node_modules_next_dist_1e8vcs8._.js:776
[  126305ms] [LOG] [Fast Refresh] done in 47ms @ http://localhost:3000/_next/static/chunks/node_modules_next_dist_1e8vcs8._.js:776
[  126352ms] [LOG] [Fast Refresh] done in 47ms @ http://localhost:3000/_next/static/chunks/node_modules_next_dist_1e8vcs8._.js:776
[  126401ms] [LOG] [Fast Refresh] done in 47ms @ http://localhost:3000/_next/static/chunks/node_modules_next_dist_1e8vcs8._.js:776
[  126449ms] [LOG] [Fast Refresh] done in 47ms @ http://localhost:3000/_next/static/chunks/node_modules_next_dist_1e8vcs8._.js:776
[  126496ms] [LOG] [Fast Refresh] done in 47ms @ http://localhost:3000/_next/static/chunks/node_modules_next_dist_1e8vcs8._.js:776
[  126544ms] [LOG] [Fast Refresh] done in 47ms @ http://localhost:3000/_next/static/chunks/node_modules_next_dist_1e8vcs8._.js:776
[  126591ms] [LOG] [Fast Refresh] done in 47ms @ http://localhost:3000/_next/static/chunks/node_modules_next_dist_1e8vcs8._.js:776
[  126639ms] [LOG] [Fast Refresh] done in 47ms @ http://localhost:3000/_next/static/chunks/node_modules_next_dist_1e8vcs8._.js:776
[  126686ms] [LOG] [Fast Refresh] done in 47ms @ http://localhost:3000/_next/static/chunks/node_modules_next_dist_1e8vcs8._.js:776
[  126732ms] [LOG] [Fast Refresh] done in 47ms @ http://localhost:3000/_next/static/chunks/node_modules_next_dist_1e8vcs8._.js:776
[  126781ms] [LOG] [Fast Refresh] done in 47ms @ http://localhost:3000/_next/static/chunks/node_modules_next_dist_1e8vcs8._.js:776
[  126827ms] [LOG] [Fast Refresh] done in 47ms @ http://localhost:3000/_next/static/chunks/node_modules_next_dist_1e8vcs8._.js:776
[  126874ms] [LOG] [Fast Refresh] done in 47ms @ http://localhost:3000/_next/static/chunks/node_modules_next_dist_1e8vcs8._.js:776
[  126921ms] [LOG] [Fast Refresh] done in 47ms @ http://localhost:3000/_next/static/chunks/node_modules_next_dist_1e8vcs8._.js:776
[  126968ms] [LOG] [Fast Refresh] done in 47ms @ http://localhost:3000/_next/static/chunks/node_modules_next_dist_1e8vcs8._.js:776
[  127016ms] [LOG] [Fast Refresh] done in 47ms @ http://localhost:3000/_next/static/chunks/node_modules_next_dist_1e8vcs8._.js:776
[  127064ms] [LOG] [Fast Refresh] done in 47ms @ http://localhost:3000/_next/static/chunks/node_modules_next_dist_1e8vcs8._.js:776
[  127111ms] [LOG] [Fast Refresh] done in 47ms @ http://localhost:3000/_next/static/chunks/node_modules_next_dist_1e8vcs8._.js:776
[  127158ms] [LOG] [Fast Refresh] done in 47ms @ http://localhost:3000/_next/static/chunks/node_modules_next_dist_1e8vcs8._.js:776
[  127206ms] [LOG] [Fast Refresh] done in 47ms @ http://localhost:3000/_next/static/chunks/node_modules_next_dist_1e8vcs8._.js:776
[  127253ms] [LOG] [Fast Refresh] done in 47ms @ http://localhost:3000/_next/static/chunks/node_modules_next_dist_1e8vcs8._.js:776
[  127300ms] [LOG] [Fast Refresh] done in 47ms @ http://localhost:3000/_next/static/chunks/node_modules_next_dist_1e8vcs8._.js:776
[  127347ms] [LOG] [Fast Refresh] done in 47ms @ http://localhost:3000/_next/static/chunks/node_modules_next_dist_1e8vcs8._.js:776
[  127393ms] [LOG] [Fast Refresh] done in 47ms @ http://localhost:3000/_next/static/chunks/node_modules_next_dist_1e8vcs8._.js:776
[  127440ms] [LOG] [Fast Refresh] done in 47ms @ http://localhost:3000/_next/static/chunks/node_modules_next_dist_1e8vcs8._.js:776
[  127488ms] [LOG] [Fast Refresh] done in 47ms @ http://localhost:3000/_next/static/chunks/node_modules_next_dist_1e8vcs8._.js:776
[  127535ms] [LOG] [Fast Refresh] done in 47ms @ http://localhost:3000/_next/static/chunks/node_modules_next_dist_1e8vcs8._.js:776
[  127582ms] [LOG] [Fast Refresh] done in 47ms @ http://localhost:3000/_next/static/chunks/node_modules_next_dist_1e8vcs8._.js:776
[  127629ms] [LOG] [Fast Refresh] done in 47ms @ http://localhost:3000/_next/static/chunks/node_modules_next_dist_1e8vcs8._.js:776
[  127676ms] [LOG] [Fast Refresh] done in 47ms @ http://localhost:3000/_next/static/chunks/node_modules_next_dist_1e8vcs8._.js:776
[  127722ms] [LOG] [Fast Refresh] done in 47ms @ http://localhost:3000/_next/static/chunks/node_modules_next_dist_1e8vcs8._.js:776
[  127768ms] [LOG] [Fast Refresh] done in 47ms @ http://localhost:3000/_next/static/chunks/node_modules_next_dist_1e8vcs8._.js:776
[  127815ms] [LOG] [Fast Refresh] done in 47ms @ http://localhost:3000/_next/static/chunks/node_modules_next_dist_1e8vcs8._.js:776
[  127861ms] [LOG] [Fast Refresh] done in 47ms @ http://localhost:3000/_next/static/chunks/node_modules_next_dist_1e8vcs8._.js:776
[  127908ms] [LOG] [Fast Refresh] done in 47ms @ http://localhost:3000/_next/static/chunks/node_modules_next_dist_1e8vcs8._.js:776
[  127956ms] [LOG] [Fast Refresh] done in 47ms @ http://localhost:3000/_next/static/chunks/node_modules_next_dist_1e8vcs8._.js:776
[  128002ms] [LOG] [Fast Refresh] done in 47ms @ http://localhost:3000/_next/static/chunks/node_modules_next_dist_1e8vcs8._.js:776
[  128048ms] [LOG] [Fast Refresh] done in 47ms @ http://localhost:3000/_next/static/chunks/node_modules_next_dist_1e8vcs8._.js:776
[  128096ms] [LOG] [Fast Refresh] done in 47ms @ http://localhost:3000/_next/static/chunks/node_modules_next_dist_1e8vcs8._.js:776
[  128142ms] [LOG] [Fast Refresh] done in 47ms @ http://localhost:3000/_next/static/chunks/node_modules_next_dist_1e8vcs8._.js:776
[  128190ms] [LOG] [Fast Refresh] done in 47ms @ http://localhost:3000/_next/static/chunks/node_modules_next_dist_1e8vcs8._.js:776
[  128237ms] [LOG] [Fast Refresh] done in 47ms @ http://localhost:3000/_next/static/chunks/node_modules_next_dist_1e8vcs8._.js:776
[  128285ms] [LOG] [Fast Refresh] done in 47ms @ http://localhost:3000/_next/static/chunks/node_modules_next_dist_1e8vcs8._.js:776
[  128332ms] [LOG] [Fast Refresh] done in 47ms @ http://localhost:3000/_next/static/chunks/node_modules_next_dist_1e8vcs8._.js:776
[  128379ms] [LOG] [Fast Refresh] done in 47ms @ http://localhost:3000/_next/static/chunks/node_modules_next_dist_1e8vcs8._.js:776
[  128426ms] [LOG] [Fast Refresh] done in 47ms @ http://localhost:3000/_next/static/chunks/node_modules_next_dist_1e8vcs8._.js:776
[  128474ms] [LOG] [Fast Refresh] done in 47ms @ http://localhost:3000/_next/static/chunks/node_modules_next_dist_1e8vcs8._.js:776
[  128521ms] [LOG] [Fast Refresh] done in 47ms @ http://localhost:3000/_next/static/chunks/node_modules_next_dist_1e8vcs8._.js:776
[  128567ms] [LOG] [Fast Refresh] done in 47ms @ http://localhost:3000/_next/static/chunks/node_modules_next_dist_1e8vcs8._.js:776
[  128614ms] [LOG] [Fast Refresh] done in 47ms @ http://localhost:3000/_next/static/chunks/node_modules_next_dist_1e8vcs8._.js:776
[  128661ms] [LOG] [Fast Refresh] done in 47ms @ http://localhost:3000/_next/static/chunks/node_modules_next_dist_1e8vcs8._.js:776
[  128708ms] [LOG] [Fast Refresh] done in 47ms @ http://localhost:3000/_next/static/chunks/node_modules_next_dist_1e8vcs8._.js:776
[  128754ms] [LOG] [Fast Refresh] done in 47ms @ http://localhost:3000/_next/static/chunks/node_modules_next_dist_1e8vcs8._.js:776
[  128801ms] [LOG] [Fast Refresh] done in 47ms @ http://localhost:3000/_next/static/chunks/node_modules_next_dist_1e8vcs8._.js:776
[  128849ms] [LOG] [Fast Refresh] done in 47ms @ http://localhost:3000/_next/static/chunks/node_modules_next_dist_1e8vcs8._.js:776
[  128896ms] [LOG] [Fast Refresh] done in 47ms @ http://localhost:3000/_next/static/chunks/node_modules_next_dist_1e8vcs8._.js:776
[  128942ms] [LOG] [Fast Refresh] done in 47ms @ http://localhost:3000/_next/static/chunks/node_modules_next_dist_1e8vcs8._.js:776
[  128989ms] [LOG] [Fast Refresh] done in 47ms @ http://localhost:3000/_next/static/chunks/node_modules_next_dist_1e8vcs8._.js:776
[  129036ms] [LOG] [Fast Refresh] done in 47ms @ http://localhost:3000/_next/static/chunks/node_modules_next_dist_1e8vcs8._.js:776
[  129083ms] [LOG] [Fast Refresh] done in 47ms @ http://localhost:3000/_next/static/chunks/node_modules_next_dist_1e8vcs8._.js:776
[  129130ms] [LOG] [Fast Refresh] done in 47ms @ http://localhost:3000/_next/static/chunks/node_modules_next_dist_1e8vcs8._.js:776
[  129177ms] [LOG] [Fast Refresh] done in 47ms @ http://localhost:3000/_next/static/chunks/node_modules_next_dist_1e8vcs8._.js:776
[  129225ms] [LOG] [Fast Refresh] done in 47ms @ http://localhost:3000/_next/static/chunks/node_modules_next_dist_1e8vcs8._.js:776
[  129271ms] [LOG] [Fast Refresh] done in 47ms @ http://localhost:3000/_next/static/chunks/node_modules_next_dist_1e8vcs8._.js:776
[  129317ms] [LOG] [Fast Refresh] done in 47ms @ http://localhost:3000/_next/static/chunks/node_modules_next_dist_1e8vcs8._.js:776
[  129365ms] [LOG] [Fast Refresh] done in 47ms @ http://localhost:3000/_next/static/chunks/node_modules_next_dist_1e8vcs8._.js:776
[  129412ms] [LOG] [Fast Refresh] done in 47ms @ http://localhost:3000/_next/static/chunks/node_modules_next_dist_1e8vcs8._.js:776
[  129458ms] [LOG] [Fast Refresh] done in 47ms @ http://localhost:3000/_next/static/chunks/node_modules_next_dist_1e8vcs8._.js:776
[  129506ms] [LOG] [Fast Refresh] done in 47ms @ http://localhost:3000/_next/static/chunks/node_modules_next_dist_1e8vcs8._.js:776
[  129552ms] [LOG] [Fast Refresh] done in 47ms @ http://localhost:3000/_next/static/chunks/node_modules_next_dist_1e8vcs8._.js:776
[  129600ms] [LOG] [Fast Refresh] done in 47ms @ http://localhost:3000/_next/static/chunks/node_modules_next_dist_1e8vcs8._.js:776
[  129648ms] [LOG] [Fast Refresh] done in 47ms @ http://localhost:3000/_next/static/chunks/node_modules_next_dist_1e8vcs8._.js:776
[  129695ms] [LOG] [Fast Refresh] done in 47ms @ http://localhost:3000/_next/static/chunks/node_modules_next_dist_1e8vcs8._.js:776
[  129742ms] [LOG] [Fast Refresh] done in 47ms @ http://localhost:3000/_next/static/chunks/node_modules_next_dist_1e8vcs8._.js:776
[  129788ms] [LOG] [Fast Refresh] done in 47ms @ http://localhost:3000/_next/static/chunks/node_modules_next_dist_1e8vcs8._.js:776
[  129835ms] [LOG] [Fast Refresh] done in 47ms @ http://localhost:3000/_next/static/chunks/node_modules_next_dist_1e8vcs8._.js:776
[  129883ms] [LOG] [Fast Refresh] done in 47ms @ http://localhost:3000/_next/static/chunks/node_modules_next_dist_1e8vcs8._.js:776
[  129930ms] [LOG] [Fast Refresh] done in 47ms @ http://localhost:3000/_next/static/chunks/node_modules_next_dist_1e8vcs8._.js:776
[  129977ms] [LOG] [Fast Refresh] done in 47ms @ http://localhost:3000/_next/static/chunks/node_modules_next_dist_1e8vcs8._.js:776
[  130024ms] [LOG] [Fast Refresh] done in 47ms @ http://localhost:3000/_next/static/chunks/node_modules_next_dist_1e8vcs8._.js:776
[  130070ms] [LOG] [Fast Refresh] done in 47ms @ http://localhost:3000/_next/static/chunks/node_modules_next_dist_1e8vcs8._.js:776
[  130117ms] [LOG] [Fast Refresh] done in 47ms @ http://localhost:3000/_next/static/chunks/node_modules_next_dist_1e8vcs8._.js:776
[  130163ms] [LOG] [Fast Refresh] done in 47ms @ http://localhost:3000/_next/static/chunks/node_modules_next_dist_1e8vcs8._.js:776
[  130210ms] [LOG] [Fast Refresh] done in 47ms @ http://localhost:3000/_next/static/chunks/node_modules_next_dist_1e8vcs8._.js:776
[  130258ms] [LOG] [Fast Refresh] done in 47ms @ http://localhost:3000/_next/static/chunks/node_modules_next_dist_1e8vcs8._.js:776
[  130307ms] [LOG] [Fast Refresh] done in 47ms @ http://localhost:3000/_next/static/chunks/node_modules_next_dist_1e8vcs8._.js:776
[  130354ms] [LOG] [Fast Refresh] done in 47ms @ http://localhost:3000/_next/static/chunks/node_modules_next_dist_1e8vcs8._.js:776
[  130401ms] [LOG] [Fast Refresh] done in 47ms @ http://localhost:3000/_next/static/chunks/node_modules_next_dist_1e8vcs8._.js:776
[  130448ms] [LOG] [Fast Refresh] done in 47ms @ http://localhost:3000/_next/static/chunks/node_modules_next_dist_1e8vcs8._.js:776
[  130495ms] [LOG] [Fast Refresh] done in 47ms @ http://localhost:3000/_next/static/chunks/node_modules_next_dist_1e8vcs8._.js:776
[  130545ms] [LOG] [Fast Refresh] done in 47ms @ http://localhost:3000/_next/static/chunks/node_modules_next_dist_1e8vcs8._.js:776
[  130592ms] [LOG] [Fast Refresh] done in 47ms @ http://localhost:3000/_next/static/chunks/node_modules_next_dist_1e8vcs8._.js:776
[  130638ms] [LOG] [Fast Refresh] done in 47ms @ http://localhost:3000/_next/static/chunks/node_modules_next_dist_1e8vcs8._.js:776
[  130685ms] [LOG] [Fast Refresh] done in 47ms @ http://localhost:3000/_next/static/chunks/node_modules_next_dist_1e8vcs8._.js:776
[  130732ms] [LOG] [Fast Refresh] done in 47ms @ http://localhost:3000/_next/static/chunks/node_modules_next_dist_1e8vcs8._.js:776
[  130780ms] [LOG] [Fast Refresh] done in 47ms @ http://localhost:3000/_next/static/chunks/node_modules_next_dist_1e8vcs8._.js:776
[  130829ms] [LOG] [Fast Refresh] done in 47ms @ http://localhost:3000/_next/static/chunks/node_modules_next_dist_1e8vcs8._.js:776
[  130877ms] [LOG] [Fast Refresh] done in 47ms @ http://localhost:3000/_next/static/chunks/node_modules_next_dist_1e8vcs8._.js:776
[  130923ms] [LOG] [Fast Refresh] done in 47ms @ http://localhost:3000/_next/static/chunks/node_modules_next_dist_1e8vcs8._.js:776
[  130970ms] [LOG] [Fast Refresh] done in 47ms @ http://localhost:3000/_next/static/chunks/node_modules_next_dist_1e8vcs8._.js:776
[  131018ms] [LOG] [Fast Refresh] done in 47ms @ http://localhost:3000/_next/static/chunks/node_modules_next_dist_1e8vcs8._.js:776
[  131065ms] [LOG] [Fast Refresh] done in 47ms @ http://localhost:3000/_next/static/chunks/node_modules_next_dist_1e8vcs8._.js:776
[  131113ms] [LOG] [Fast Refresh] done in 47ms @ http://localhost:3000/_next/static/chunks/node_modules_next_dist_1e8vcs8._.js:776
[  131160ms] [LOG] [Fast Refresh] done in 47ms @ http://localhost:3000/_next/static/chunks/node_modules_next_dist_1e8vcs8._.js:776
[  131206ms] [LOG] [Fast Refresh] done in 47ms @ http://localhost:3000/_next/static/chunks/node_modules_next_dist_1e8vcs8._.js:776
[  131252ms] [LOG] [Fast Refresh] done in 47ms @ http://localhost:3000/_next/static/chunks/node_modules_next_dist_1e8vcs8._.js:776
[  131300ms] [LOG] [Fast Refresh] done in 47ms @ http://localhost:3000/_next/static/chunks/node_modules_next_dist_1e8vcs8._.js:776
[  131347ms] [LOG] [Fast Refresh] done in 47ms @ http://localhost:3000/_next/static/chunks/node_modules_next_dist_1e8vcs8._.js:776
[  131396ms] [LOG] [Fast Refresh] done in 47ms @ http://localhost:3000/_next/static/chunks/node_modules_next_dist_1e8vcs8._.js:776
[  131442ms] [LOG] [Fast Refresh] done in 47ms @ http://localhost:3000/_next/static/chunks/node_modules_next_dist_1e8vcs8._.js:776
[  131490ms] [LOG] [Fast Refresh] done in 47ms @ http://localhost:3000/_next/static/chunks/node_modules_next_dist_1e8vcs8._.js:776
[  131537ms] [LOG] [Fast Refresh] done in 47ms @ http://localhost:3000/_next/static/chunks/node_modules_next_dist_1e8vcs8._.js:776
[  131585ms] [LOG] [Fast Refresh] done in 47ms @ http://localhost:3000/_next/static/chunks/node_modules_next_dist_1e8vcs8._.js:776
[  131631ms] [LOG] [Fast Refresh] done in 47ms @ http://localhost:3000/_next/static/chunks/node_modules_next_dist_1e8vcs8._.js:776
[  131677ms] [LOG] [Fast Refresh] done in 47ms @ http://localhost:3000/_next/static/chunks/node_modules_next_dist_1e8vcs8._.js:776
[  131725ms] [LOG] [Fast Refresh] done in 47ms @ http://localhost:3000/_next/static/chunks/node_modules_next_dist_1e8vcs8._.js:776
[  131772ms] [LOG] [Fast Refresh] done in 47ms @ http://localhost:3000/_next/static/chunks/node_modules_next_dist_1e8vcs8._.js:776
[  131819ms] [LOG] [Fast Refresh] done in 47ms @ http://localhost:3000/_next/static/chunks/node_modules_next_dist_1e8vcs8._.js:776
[  131866ms] [LOG] [Fast Refresh] done in 47ms @ http://localhost:3000/_next/static/chunks/node_modules_next_dist_1e8vcs8._.js:776
[  131915ms] [LOG] [Fast Refresh] done in 47ms @ http://localhost:3000/_next/static/chunks/node_modules_next_dist_1e8vcs8._.js:776
[  131962ms] [LOG] [Fast Refresh] done in 47ms @ http://localhost:3000/_next/static/chunks/node_modules_next_dist_1e8vcs8._.js:776
[  132009ms] [LOG] [Fast Refresh] done in 47ms @ http://localhost:3000/_next/static/chunks/node_modules_next_dist_1e8vcs8._.js:776
[  132056ms] [LOG] [Fast Refresh] done in 47ms @ http://localhost:3000/_next/static/chunks/node_modules_next_dist_1e8vcs8._.js:776
[  132104ms] [LOG] [Fast Refresh] done in 47ms @ http://localhost:3000/_next/static/chunks/node_modules_next_dist_1e8vcs8._.js:776
[  132152ms] [LOG] [Fast Refresh] done in 47ms @ http://localhost:3000/_next/static/chunks/node_modules_next_dist_1e8vcs8._.js:776
[  132200ms] [LOG] [Fast Refresh] done in 47ms @ http://localhost:3000/_next/static/chunks/node_modules_next_dist_1e8vcs8._.js:776
[  132248ms] [LOG] [Fast Refresh] done in 47ms @ http://localhost:3000/_next/static/chunks/node_modules_next_dist_1e8vcs8._.js:776
[  132295ms] [LOG] [Fast Refresh] done in 47ms @ http://localhost:3000/_next/static/chunks/node_modules_next_dist_1e8vcs8._.js:776
[  132342ms] [LOG] [Fast Refresh] done in 47ms @ http://localhost:3000/_next/static/chunks/node_modules_next_dist_1e8vcs8._.js:776
[  132389ms] [LOG] [Fast Refresh] done in 47ms @ http://localhost:3000/_next/static/chunks/node_modules_next_dist_1e8vcs8._.js:776
[  132436ms] [LOG] [Fast Refresh] done in 47ms @ http://localhost:3000/_next/static/chunks/node_modules_next_dist_1e8vcs8._.js:776
[  132482ms] [LOG] [Fast Refresh] done in 47ms @ http://localhost:3000/_next/static/chunks/node_modules_next_dist_1e8vcs8._.js:776
[  132530ms] [LOG] [Fast Refresh] done in 47ms @ http://localhost:3000/_next/static/chunks/node_modules_next_dist_1e8vcs8._.js:776
[  132577ms] [LOG] [Fast Refresh] done in 47ms @ http://localhost:3000/_next/static/chunks/node_modules_next_dist_1e8vcs8._.js:776
[  132626ms] [LOG] [Fast Refresh] done in 47ms @ http://localhost:3000/_next/static/chunks/node_modules_next_dist_1e8vcs8._.js:776
[  132675ms] [LOG] [Fast Refresh] done in 47ms @ http://localhost:3000/_next/static/chunks/node_modules_next_dist_1e8vcs8._.js:776
[  132723ms] [LOG] [Fast Refresh] done in 47ms @ http://localhost:3000/_next/static/chunks/node_modules_next_dist_1e8vcs8._.js:776
[  132770ms] [LOG] [Fast Refresh] done in 47ms @ http://localhost:3000/_next/static/chunks/node_modules_next_dist_1e8vcs8._.js:776
[  132819ms] [LOG] [Fast Refresh] done in 47ms @ http://localhost:3000/_next/static/chunks/node_modules_next_dist_1e8vcs8._.js:776
[  132866ms] [LOG] [Fast Refresh] done in 47ms @ http://localhost:3000/_next/static/chunks/node_modules_next_dist_1e8vcs8._.js:776
[  132914ms] [LOG] [Fast Refresh] done in 47ms @ http://localhost:3000/_next/static/chunks/node_modules_next_dist_1e8vcs8._.js:776
[  132961ms] [LOG] [Fast Refresh] done in 47ms @ http://localhost:3000/_next/static/chunks/node_modules_next_dist_1e8vcs8._.js:776
[  133008ms] [LOG] [Fast Refresh] done in 47ms @ http://localhost:3000/_next/static/chunks/node_modules_next_dist_1e8vcs8._.js:776
[  133055ms] [LOG] [Fast Refresh] done in 47ms @ http://localhost:3000/_next/static/chunks/node_modules_next_dist_1e8vcs8._.js:776
[  133103ms] [LOG] [Fast Refresh] done in 47ms @ http://localhost:3000/_next/static/chunks/node_modules_next_dist_1e8vcs8._.js:776
[  133151ms] [LOG] [Fast Refresh] done in 47ms @ http://localhost:3000/_next/static/chunks/node_modules_next_dist_1e8vcs8._.js:776
[  133197ms] [LOG] [Fast Refresh] done in 47ms @ http://localhost:3000/_next/static/chunks/node_modules_next_dist_1e8vcs8._.js:776
[  133244ms] [LOG] [Fast Refresh] done in 47ms @ http://localhost:3000/_next/static/chunks/node_modules_next_dist_1e8vcs8._.js:776
[  133292ms] [LOG] [Fast Refresh] done in 47ms @ http://localhost:3000/_next/static/chunks/node_modules_next_dist_1e8vcs8._.js:776
[  133338ms] [LOG] [Fast Refresh] done in 47ms @ http://localhost:3000/_next/static/chunks/node_modules_next_dist_1e8vcs8._.js:776
[  133385ms] [LOG] [Fast Refresh] done in 47ms @ http://localhost:3000/_next/static/chunks/node_modules_next_dist_1e8vcs8._.js:776
[  133431ms] [LOG] [Fast Refresh] done in 47ms @ http://localhost:3000/_next/static/chunks/node_modules_next_dist_1e8vcs8._.js:776
[  133478ms] [LOG] [Fast Refresh] done in 47ms @ http://localhost:3000/_next/static/chunks/node_modules_next_dist_1e8vcs8._.js:776
[  133526ms] [LOG] [Fast Refresh] done in 47ms @ http://localhost:3000/_next/static/chunks/node_modules_next_dist_1e8vcs8._.js:776
[  133573ms] [LOG] [Fast Refresh] done in 47ms @ http://localhost:3000/_next/static/chunks/node_modules_next_dist_1e8vcs8._.js:776
[  133618ms] [LOG] [Fast Refresh] done in 47ms @ http://localhost:3000/_next/static/chunks/node_modules_next_dist_1e8vcs8._.js:776
[  133665ms] [LOG] [Fast Refresh] done in 47ms @ http://localhost:3000/_next/static/chunks/node_modules_next_dist_1e8vcs8._.js:776
[  133713ms] [LOG] [Fast Refresh] done in 47ms @ http://localhost:3000/_next/static/chunks/node_modules_next_dist_1e8vcs8._.js:776
[  133760ms] [LOG] [Fast Refresh] done in 47ms @ http://localhost:3000/_next/static/chunks/node_modules_next_dist_1e8vcs8._.js:776
[  133808ms] [LOG] [Fast Refresh] done in 47ms @ http://localhost:3000/_next/static/chunks/node_modules_next_dist_1e8vcs8._.js:776
[  133855ms] [LOG] [Fast Refresh] done in 47ms @ http://localhost:3000/_next/static/chunks/node_modules_next_dist_1e8vcs8._.js:776
[  133902ms] [LOG] [Fast Refresh] done in 47ms @ http://localhost:3000/_next/static/chunks/node_modules_next_dist_1e8vcs8._.js:776
[  133951ms] [LOG] [Fast Refresh] done in 47ms @ http://localhost:3000/_next/static/chunks/node_modules_next_dist_1e8vcs8._.js:776
[  133999ms] [LOG] [Fast Refresh] done in 47ms @ http://localhost:3000/_next/static/chunks/node_modules_next_dist_1e8vcs8._.js:776
[  134046ms] [LOG] [Fast Refresh] done in 47ms @ http://localhost:3000/_next/static/chunks/node_modules_next_dist_1e8vcs8._.js:776
[  134094ms] [LOG] [Fast Refresh] done in 47ms @ http://localhost:3000/_next/static/chunks/node_modules_next_dist_1e8vcs8._.js:776
[  134142ms] [LOG] [Fast Refresh] done in 47ms @ http://localhost:3000/_next/static/chunks/node_modules_next_dist_1e8vcs8._.js:776
[  134189ms] [LOG] [Fast Refresh] done in 47ms @ http://localhost:3000/_next/static/chunks/node_modules_next_dist_1e8vcs8._.js:776
[  134236ms] [LOG] [Fast Refresh] done in 47ms @ http://localhost:3000/_next/static/chunks/node_modules_next_dist_1e8vcs8._.js:776
[  134284ms] [LOG] [Fast Refresh] done in 47ms @ http://localhost:3000/_next/static/chunks/node_modules_next_dist_1e8vcs8._.js:776
[  134330ms] [LOG] [Fast Refresh] done in 47ms @ http://localhost:3000/_next/static/chunks/node_modules_next_dist_1e8vcs8._.js:776
[  134377ms] [LOG] [Fast Refresh] done in 47ms @ http://localhost:3000/_next/static/chunks/node_modules_next_dist_1e8vcs8._.js:776
[  134425ms] [LOG] [Fast Refresh] done in 47ms @ http://localhost:3000/_next/static/chunks/node_modules_next_dist_1e8vcs8._.js:776
[  134472ms] [LOG] [Fast Refresh] done in 47ms @ http://localhost:3000/_next/static/chunks/node_modules_next_dist_1e8vcs8._.js:776
[  134519ms] [LOG] [Fast Refresh] done in 47ms @ http://localhost:3000/_next/static/chunks/node_modules_next_dist_1e8vcs8._.js:776
[  134566ms] [LOG] [Fast Refresh] done in 47ms @ http://localhost:3000/_next/static/chunks/node_modules_next_dist_1e8vcs8._.js:776
[  134613ms] [LOG] [Fast Refresh] done in 47ms @ http://localhost:3000/_next/static/chunks/node_modules_next_dist_1e8vcs8._.js:776
[  134660ms] [LOG] [Fast Refresh] done in 47ms @ http://localhost:3000/_next/static/chunks/node_modules_next_dist_1e8vcs8._.js:776
[  134707ms] [LOG] [Fast Refresh] done in 47ms @ http://localhost:3000/_next/static/chunks/node_modules_next_dist_1e8vcs8._.js:776
[  134753ms] [LOG] [Fast Refresh] done in 47ms @ http://localhost:3000/_next/static/chunks/node_modules_next_dist_1e8vcs8._.js:776
[  134800ms] [LOG] [Fast Refresh] done in 47ms @ http://localhost:3000/_next/static/chunks/node_modules_next_dist_1e8vcs8._.js:776
[  134848ms] [LOG] [Fast Refresh] done in 47ms @ http://localhost:3000/_next/static/chunks/node_modules_next_dist_1e8vcs8._.js:776
[  134895ms] [LOG] [Fast Refresh] done in 47ms @ http://localhost:3000/_next/static/chunks/node_modules_next_dist_1e8vcs8._.js:776
[  134943ms] [LOG] [Fast Refresh] done in 47ms @ http://localhost:3000/_next/static/chunks/node_modules_next_dist_1e8vcs8._.js:776
[  134990ms] [LOG] [Fast Refresh] done in 47ms @ http://localhost:3000/_next/static/chunks/node_modules_next_dist_1e8vcs8._.js:776
[  135037ms] [LOG] [Fast Refresh] done in 47ms @ http://localhost:3000/_next/static/chunks/node_modules_next_dist_1e8vcs8._.js:776
[  135083ms] [LOG] [Fast Refresh] done in 47ms @ http://localhost:3000/_next/static/chunks/node_modules_next_dist_1e8vcs8._.js:776
[  135130ms] [LOG] [Fast Refresh] done in 47ms @ http://localhost:3000/_next/static/chunks/node_modules_next_dist_1e8vcs8._.js:776
[  135177ms] [LOG] [Fast Refresh] done in 47ms @ http://localhost:3000/_next/static/chunks/node_modules_next_dist_1e8vcs8._.js:776
[  135224ms] [LOG] [Fast Refresh] done in 47ms @ http://localhost:3000/_next/static/chunks/node_modules_next_dist_1e8vcs8._.js:776
[  135271ms] [LOG] [Fast Refresh] done in 47ms @ http://localhost:3000/_next/static/chunks/node_modules_next_dist_1e8vcs8._.js:776
[  135319ms] [LOG] [Fast Refresh] done in 47ms @ http://localhost:3000/_next/static/chunks/node_modules_next_dist_1e8vcs8._.js:776
[  135366ms] [LOG] [Fast Refresh] done in 47ms @ http://localhost:3000/_next/static/chunks/node_modules_next_dist_1e8vcs8._.js:776
[  135413ms] [LOG] [Fast Refresh] done in 47ms @ http://localhost:3000/_next/static/chunks/node_modules_next_dist_1e8vcs8._.js:776
[  135460ms] [LOG] [Fast Refresh] done in 47ms @ http://localhost:3000/_next/static/chunks/node_modules_next_dist_1e8vcs8._.js:776
[  135507ms] [LOG] [Fast Refresh] done in 47ms @ http://localhost:3000/_next/static/chunks/node_modules_next_dist_1e8vcs8._.js:776
[  135553ms] [LOG] [Fast Refresh] done in 47ms @ http://localhost:3000/_next/static/chunks/node_modules_next_dist_1e8vcs8._.js:776
[  135600ms] [LOG] [Fast Refresh] done in 47ms @ http://localhost:3000/_next/static/chunks/node_modules_next_dist_1e8vcs8._.js:776
[  135647ms] [LOG] [Fast Refresh] done in 47ms @ http://localhost:3000/_next/static/chunks/node_modules_next_dist_1e8vcs8._.js:776
[  135695ms] [LOG] [Fast Refresh] done in 47ms @ http://localhost:3000/_next/static/chunks/node_modules_next_dist_1e8vcs8._.js:776
[  135743ms] [LOG] [Fast Refresh] done in 47ms @ http://localhost:3000/_next/static/chunks/node_modules_next_dist_1e8vcs8._.js:776
[  135790ms] [LOG] [Fast Refresh] done in 47ms @ http://localhost:3000/_next/static/chunks/node_modules_next_dist_1e8vcs8._.js:776
[  135837ms] [LOG] [Fast Refresh] done in 47ms @ http://localhost:3000/_next/static/chunks/node_modules_next_dist_1e8vcs8._.js:776
[  135884ms] [LOG] [Fast Refresh] done in 47ms @ http://localhost:3000/_next/static/chunks/node_modules_next_dist_1e8vcs8._.js:776
[  135931ms] [LOG] [Fast Refresh] done in 47ms @ http://localhost:3000/_next/static/chunks/node_modules_next_dist_1e8vcs8._.js:776
[  135977ms] [LOG] [Fast Refresh] done in 47ms @ http://localhost:3000/_next/static/chunks/node_modules_next_dist_1e8vcs8._.js:776
[  136024ms] [LOG] [Fast Refresh] done in 47ms @ http://localhost:3000/_next/static/chunks/node_modules_next_dist_1e8vcs8._.js:776
[  136071ms] [LOG] [Fast Refresh] done in 47ms @ http://localhost:3000/_next/static/chunks/node_modules_next_dist_1e8vcs8._.js:776
[  136117ms] [LOG] [Fast Refresh] done in 47ms @ http://localhost:3000/_next/static/chunks/node_modules_next_dist_1e8vcs8._.js:776
[  136165ms] [LOG] [Fast Refresh] done in 47ms @ http://localhost:3000/_next/static/chunks/node_modules_next_dist_1e8vcs8._.js:776
[  136212ms] [LOG] [Fast Refresh] done in 47ms @ http://localhost:3000/_next/static/chunks/node_modules_next_dist_1e8vcs8._.js:776
[  136260ms] [LOG] [Fast Refresh] done in 47ms @ http://localhost:3000/_next/static/chunks/node_modules_next_dist_1e8vcs8._.js:776
[  136306ms] [LOG] [Fast Refresh] done in 47ms @ http://localhost:3000/_next/static/chunks/node_modules_next_dist_1e8vcs8._.js:776
[  136354ms] [LOG] [Fast Refresh] done in 47ms @ http://localhost:3000/_next/static/chunks/node_modules_next_dist_1e8vcs8._.js:776
[  136402ms] [LOG] [Fast Refresh] done in 47ms @ http://localhost:3000/_next/static/chunks/node_modules_next_dist_1e8vcs8._.js:776
[  136449ms] [LOG] [Fast Refresh] done in 47ms @ http://localhost:3000/_next/static/chunks/node_modules_next_dist_1e8vcs8._.js:776
[  136497ms] [LOG] [Fast Refresh] done in 47ms @ http://localhost:3000/_next/static/chunks/node_modules_next_dist_1e8vcs8._.js:776
[  136545ms] [LOG] [Fast Refresh] done in 47ms @ http://localhost:3000/_next/static/chunks/node_modules_next_dist_1e8vcs8._.js:776
[  136592ms] [LOG] [Fast Refresh] done in 47ms @ http://localhost:3000/_next/static/chunks/node_modules_next_dist_1e8vcs8._.js:776
[  136639ms] [LOG] [Fast Refresh] done in 47ms @ http://localhost:3000/_next/static/chunks/node_modules_next_dist_1e8vcs8._.js:776
[  136687ms] [LOG] [Fast Refresh] done in 47ms @ http://localhost:3000/_next/static/chunks/node_modules_next_dist_1e8vcs8._.js:776
[  136734ms] [LOG] [Fast Refresh] done in 47ms @ http://localhost:3000/_next/static/chunks/node_modules_next_dist_1e8vcs8._.js:776
[  136780ms] [LOG] [Fast Refresh] done in 47ms @ http://localhost:3000/_next/static/chunks/node_modules_next_dist_1e8vcs8._.js:776
[  136827ms] [LOG] [Fast Refresh] done in 47ms @ http://localhost:3000/_next/static/chunks/node_modules_next_dist_1e8vcs8._.js:776
[  136874ms] [LOG] [Fast Refresh] done in 47ms @ http://localhost:3000/_next/static/chunks/node_modules_next_dist_1e8vcs8._.js:776
[  136921ms] [LOG] [Fast Refresh] done in 47ms @ http://localhost:3000/_next/static/chunks/node_modules_next_dist_1e8vcs8._.js:776
[  136968ms] [LOG] [Fast Refresh] done in 47ms @ http://localhost:3000/_next/static/chunks/node_modules_next_dist_1e8vcs8._.js:776
[  137014ms] [LOG] [Fast Refresh] done in 47ms @ http://localhost:3000/_next/static/chunks/node_modules_next_dist_1e8vcs8._.js:776
[  137061ms] [LOG] [Fast Refresh] done in 47ms @ http://localhost:3000/_next/static/chunks/node_modules_next_dist_1e8vcs8._.js:776
[  137108ms] [LOG] [Fast Refresh] done in 47ms @ http://localhost:3000/_next/static/chunks/node_modules_next_dist_1e8vcs8._.js:776
[  137154ms] [LOG] [Fast Refresh] done in 47ms @ http://localhost:3000/_next/static/chunks/node_modules_next_dist_1e8vcs8._.js:776
[  137202ms] [LOG] [Fast Refresh] done in 47ms @ http://localhost:3000/_next/static/chunks/node_modules_next_dist_1e8vcs8._.js:776
[  137248ms] [LOG] [Fast Refresh] done in 47ms @ http://localhost:3000/_next/static/chunks/node_modules_next_dist_1e8vcs8._.js:776
[  137295ms] [LOG] [Fast Refresh] done in 47ms @ http://localhost:3000/_next/static/chunks/node_modules_next_dist_1e8vcs8._.js:776
[  137341ms] [LOG] [Fast Refresh] done in 47ms @ http://localhost:3000/_next/static/chunks/node_modules_next_dist_1e8vcs8._.js:776
[  137389ms] [LOG] [Fast Refresh] done in 47ms @ http://localhost:3000/_next/static/chunks/node_modules_next_dist_1e8vcs8._.js:776
[  137435ms] [LOG] [Fast Refresh] done in 47ms @ http://localhost:3000/_next/static/chunks/node_modules_next_dist_1e8vcs8._.js:776
[  137483ms] [LOG] [Fast Refresh] done in 47ms @ http://localhost:3000/_next/static/chunks/node_modules_next_dist_1e8vcs8._.js:776
[  137533ms] [LOG] [Fast Refresh] done in 47ms @ http://localhost:3000/_next/static/chunks/node_modules_next_dist_1e8vcs8._.js:776
[  137580ms] [LOG] [Fast Refresh] done in 47ms @ http://localhost:3000/_next/static/chunks/node_modules_next_dist_1e8vcs8._.js:776
[  137628ms] [LOG] [Fast Refresh] done in 47ms @ http://localhost:3000/_next/static/chunks/node_modules_next_dist_1e8vcs8._.js:776
[  137674ms] [LOG] [Fast Refresh] done in 47ms @ http://localhost:3000/_next/static/chunks/node_modules_next_dist_1e8vcs8._.js:776
[  137722ms] [LOG] [Fast Refresh] done in 47ms @ http://localhost:3000/_next/static/chunks/node_modules_next_dist_1e8vcs8._.js:776
[  137770ms] [LOG] [Fast Refresh] done in 47ms @ http://localhost:3000/_next/static/chunks/node_modules_next_dist_1e8vcs8._.js:776
[  137817ms] [LOG] [Fast Refresh] done in 47ms @ http://localhost:3000/_next/static/chunks/node_modules_next_dist_1e8vcs8._.js:776
[  137863ms] [LOG] [Fast Refresh] done in 47ms @ http://localhost:3000/_next/static/chunks/node_modules_next_dist_1e8vcs8._.js:776
[  137910ms] [LOG] [Fast Refresh] done in 47ms @ http://localhost:3000/_next/static/chunks/node_modules_next_dist_1e8vcs8._.js:776
[  137957ms] [LOG] [Fast Refresh] done in 47ms @ http://localhost:3000/_next/static/chunks/node_modules_next_dist_1e8vcs8._.js:776
[  138004ms] [LOG] [Fast Refresh] done in 47ms @ http://localhost:3000/_next/static/chunks/node_modules_next_dist_1e8vcs8._.js:776
[  138051ms] [LOG] [Fast Refresh] done in 47ms @ http://localhost:3000/_next/static/chunks/node_modules_next_dist_1e8vcs8._.js:776
[  138098ms] [LOG] [Fast Refresh] done in 47ms @ http://localhost:3000/_next/static/chunks/node_modules_next_dist_1e8vcs8._.js:776
[  138145ms] [LOG] [Fast Refresh] done in 47ms @ http://localhost:3000/_next/static/chunks/node_modules_next_dist_1e8vcs8._.js:776
[  138193ms] [LOG] [Fast Refresh] done in 47ms @ http://localhost:3000/_next/static/chunks/node_modules_next_dist_1e8vcs8._.js:776
[  138241ms] [LOG] [Fast Refresh] done in 47ms @ http://localhost:3000/_next/static/chunks/node_modules_next_dist_1e8vcs8._.js:776
[  138287ms] [LOG] [Fast Refresh] done in 47ms @ http://localhost:3000/_next/static/chunks/node_modules_next_dist_1e8vcs8._.js:776
[  138334ms] [LOG] [Fast Refresh] done in 47ms @ http://localhost:3000/_next/static/chunks/node_modules_next_dist_1e8vcs8._.js:776
[  138380ms] [LOG] [Fast Refresh] done in 47ms @ http://localhost:3000/_next/static/chunks/node_modules_next_dist_1e8vcs8._.js:776
[  138427ms] [LOG] [Fast Refresh] done in 47ms @ http://localhost:3000/_next/static/chunks/node_modules_next_dist_1e8vcs8._.js:776
[  138474ms] [LOG] [Fast Refresh] done in 47ms @ http://localhost:3000/_next/static/chunks/node_modules_next_dist_1e8vcs8._.js:776
[  138521ms] [LOG] [Fast Refresh] done in 47ms @ http://localhost:3000/_next/static/chunks/node_modules_next_dist_1e8vcs8._.js:776
[  138569ms] [LOG] [Fast Refresh] done in 47ms @ http://localhost:3000/_next/static/chunks/node_modules_next_dist_1e8vcs8._.js:776
[  138614ms] [LOG] [Fast Refresh] done in 47ms @ http://localhost:3000/_next/static/chunks/node_modules_next_dist_1e8vcs8._.js:776
[  138661ms] [LOG] [Fast Refresh] done in 47ms @ http://localhost:3000/_next/static/chunks/node_modules_next_dist_1e8vcs8._.js:776
[  138708ms] [LOG] [Fast Refresh] done in 47ms @ http://localhost:3000/_next/static/chunks/node_modules_next_dist_1e8vcs8._.js:776
[  138755ms] [LOG] [Fast Refresh] done in 47ms @ http://localhost:3000/_next/static/chunks/node_modules_next_dist_1e8vcs8._.js:776
[  138802ms] [LOG] [Fast Refresh] done in 47ms @ http://localhost:3000/_next/static/chunks/node_modules_next_dist_1e8vcs8._.js:776
[  138849ms] [LOG] [Fast Refresh] done in 47ms @ http://localhost:3000/_next/static/chunks/node_modules_next_dist_1e8vcs8._.js:776
[  138897ms] [LOG] [Fast Refresh] done in 47ms @ http://localhost:3000/_next/static/chunks/node_modules_next_dist_1e8vcs8._.js:776
[  138943ms] [LOG] [Fast Refresh] done in 47ms @ http://localhost:3000/_next/static/chunks/node_modules_next_dist_1e8vcs8._.js:776
[  138989ms] [LOG] [Fast Refresh] done in 47ms @ http://localhost:3000/_next/static/chunks/node_modules_next_dist_1e8vcs8._.js:776
[  139037ms] [LOG] [Fast Refresh] done in 47ms @ http://localhost:3000/_next/static/chunks/node_modules_next_dist_1e8vcs8._.js:776
[  139086ms] [LOG] [Fast Refresh] done in 47ms @ http://localhost:3000/_next/static/chunks/node_modules_next_dist_1e8vcs8._.js:776
[  139132ms] [LOG] [Fast Refresh] done in 47ms @ http://localhost:3000/_next/static/chunks/node_modules_next_dist_1e8vcs8._.js:776
[  139180ms] [LOG] [Fast Refresh] done in 47ms @ http://localhost:3000/_next/static/chunks/node_modules_next_dist_1e8vcs8._.js:776
[  139227ms] [LOG] [Fast Refresh] done in 47ms @ http://localhost:3000/_next/static/chunks/node_modules_next_dist_1e8vcs8._.js:776
[  139273ms] [LOG] [Fast Refresh] done in 47ms @ http://localhost:3000/_next/static/chunks/node_modules_next_dist_1e8vcs8._.js:776
[  139320ms] [LOG] [Fast Refresh] done in 47ms @ http://localhost:3000/_next/static/chunks/node_modules_next_dist_1e8vcs8._.js:776
[  139369ms] [LOG] [Fast Refresh] done in 47ms @ http://localhost:3000/_next/static/chunks/node_modules_next_dist_1e8vcs8._.js:776
[  139416ms] [LOG] [Fast Refresh] done in 47ms @ http://localhost:3000/_next/static/chunks/node_modules_next_dist_1e8vcs8._.js:776
[  139464ms] [LOG] [Fast Refresh] done in 47ms @ http://localhost:3000/_next/static/chunks/node_modules_next_dist_1e8vcs8._.js:776
[  139510ms] [LOG] [Fast Refresh] done in 47ms @ http://localhost:3000/_next/static/chunks/node_modules_next_dist_1e8vcs8._.js:776
[  139557ms] [LOG] [Fast Refresh] done in 47ms @ http://localhost:3000/_next/static/chunks/node_modules_next_dist_1e8vcs8._.js:776
[  139605ms] [LOG] [Fast Refresh] done in 47ms @ http://localhost:3000/_next/static/chunks/node_modules_next_dist_1e8vcs8._.js:776
[  139651ms] [LOG] [Fast Refresh] done in 47ms @ http://localhost:3000/_next/static/chunks/node_modules_next_dist_1e8vcs8._.js:776
[  139698ms] [LOG] [Fast Refresh] done in 47ms @ http://localhost:3000/_next/static/chunks/node_modules_next_dist_1e8vcs8._.js:776
[  139745ms] [LOG] [Fast Refresh] done in 47ms @ http://localhost:3000/_next/static/chunks/node_modules_next_dist_1e8vcs8._.js:776
[  139793ms] [LOG] [Fast Refresh] done in 47ms @ http://localhost:3000/_next/static/chunks/node_modules_next_dist_1e8vcs8._.js:776
[  139841ms] [LOG] [Fast Refresh] done in 47ms @ http://localhost:3000/_next/static/chunks/node_modules_next_dist_1e8vcs8._.js:776
[  139888ms] [LOG] [Fast Refresh] done in 47ms @ http://localhost:3000/_next/static/chunks/node_modules_next_dist_1e8vcs8._.js:776
[  139936ms] [LOG] [Fast Refresh] done in 47ms @ http://localhost:3000/_next/static/chunks/node_modules_next_dist_1e8vcs8._.js:776
[  139984ms] [LOG] [Fast Refresh] done in 47ms @ http://localhost:3000/_next/static/chunks/node_modules_next_dist_1e8vcs8._.js:776
[  140030ms] [LOG] [Fast Refresh] done in 47ms @ http://localhost:3000/_next/static/chunks/node_modules_next_dist_1e8vcs8._.js:776
[  140077ms] [LOG] [Fast Refresh] done in 47ms @ http://localhost:3000/_next/static/chunks/node_modules_next_dist_1e8vcs8._.js:776
[  140124ms] [LOG] [Fast Refresh] done in 47ms @ http://localhost:3000/_next/static/chunks/node_modules_next_dist_1e8vcs8._.js:776
[  140171ms] [LOG] [Fast Refresh] done in 47ms @ http://localhost:3000/_next/static/chunks/node_modules_next_dist_1e8vcs8._.js:776
[  140218ms] [LOG] [Fast Refresh] done in 47ms @ http://localhost:3000/_next/static/chunks/node_modules_next_dist_1e8vcs8._.js:776
[  140265ms] [LOG] [Fast Refresh] done in 47ms @ http://localhost:3000/_next/static/chunks/node_modules_next_dist_1e8vcs8._.js:776
[  140311ms] [LOG] [Fast Refresh] done in 47ms @ http://localhost:3000/_next/static/chunks/node_modules_next_dist_1e8vcs8._.js:776
[  140359ms] [LOG] [Fast Refresh] done in 47ms @ http://localhost:3000/_next/static/chunks/node_modules_next_dist_1e8vcs8._.js:776
[  140406ms] [LOG] [Fast Refresh] done in 47ms @ http://localhost:3000/_next/static/chunks/node_modules_next_dist_1e8vcs8._.js:776
[  140453ms] [LOG] [Fast Refresh] done in 47ms @ http://localhost:3000/_next/static/chunks/node_modules_next_dist_1e8vcs8._.js:776
[  140500ms] [LOG] [Fast Refresh] done in 47ms @ http://localhost:3000/_next/static/chunks/node_modules_next_dist_1e8vcs8._.js:776
[  140547ms] [LOG] [Fast Refresh] done in 47ms @ http://localhost:3000/_next/static/chunks/node_modules_next_dist_1e8vcs8._.js:776
[  140593ms] [LOG] [Fast Refresh] done in 47ms @ http://localhost:3000/_next/static/chunks/node_modules_next_dist_1e8vcs8._.js:776
[  140640ms] [LOG] [Fast Refresh] done in 47ms @ http://localhost:3000/_next/static/chunks/node_modules_next_dist_1e8vcs8._.js:776
[  140687ms] [LOG] [Fast Refresh] done in 47ms @ http://localhost:3000/_next/static/chunks/node_modules_next_dist_1e8vcs8._.js:776
[  140734ms] [LOG] [Fast Refresh] done in 47ms @ http://localhost:3000/_next/static/chunks/node_modules_next_dist_1e8vcs8._.js:776
[  140782ms] [LOG] [Fast Refresh] done in 47ms @ http://localhost:3000/_next/static/chunks/node_modules_next_dist_1e8vcs8._.js:776
[  140830ms] [LOG] [Fast Refresh] done in 47ms @ http://localhost:3000/_next/static/chunks/node_modules_next_dist_1e8vcs8._.js:776
[  140877ms] [LOG] [Fast Refresh] done in 47ms @ http://localhost:3000/_next/static/chunks/node_modules_next_dist_1e8vcs8._.js:776
[  140924ms] [LOG] [Fast Refresh] done in 47ms @ http://localhost:3000/_next/static/chunks/node_modules_next_dist_1e8vcs8._.js:776
[  140972ms] [LOG] [Fast Refresh] done in 47ms @ http://localhost:3000/_next/static/chunks/node_modules_next_dist_1e8vcs8._.js:776
[  141019ms] [LOG] [Fast Refresh] done in 47ms @ http://localhost:3000/_next/static/chunks/node_modules_next_dist_1e8vcs8._.js:776
[  141066ms] [LOG] [Fast Refresh] done in 47ms @ http://localhost:3000/_next/static/chunks/node_modules_next_dist_1e8vcs8._.js:776
[  141113ms] [LOG] [Fast Refresh] done in 47ms @ http://localhost:3000/_next/static/chunks/node_modules_next_dist_1e8vcs8._.js:776
[  141160ms] [LOG] [Fast Refresh] done in 47ms @ http://localhost:3000/_next/static/chunks/node_modules_next_dist_1e8vcs8._.js:776
[  141208ms] [LOG] [Fast Refresh] done in 47ms @ http://localhost:3000/_next/static/chunks/node_modules_next_dist_1e8vcs8._.js:776
[  141255ms] [LOG] [Fast Refresh] done in 47ms @ http://localhost:3000/_next/static/chunks/node_modules_next_dist_1e8vcs8._.js:776
[  141300ms] [LOG] [Fast Refresh] done in 47ms @ http://localhost:3000/_next/static/chunks/node_modules_next_dist_1e8vcs8._.js:776
[  141347ms] [LOG] [Fast Refresh] done in 47ms @ http://localhost:3000/_next/static/chunks/node_modules_next_dist_1e8vcs8._.js:776
[  141394ms] [LOG] [Fast Refresh] done in 47ms @ http://localhost:3000/_next/static/chunks/node_modules_next_dist_1e8vcs8._.js:776
[  141442ms] [LOG] [Fast Refresh] done in 47ms @ http://localhost:3000/_next/static/chunks/node_modules_next_dist_1e8vcs8._.js:776
[  141491ms] [LOG] [Fast Refresh] done in 47ms @ http://localhost:3000/_next/static/chunks/node_modules_next_dist_1e8vcs8._.js:776
[  141536ms] [LOG] [Fast Refresh] done in 47ms @ http://localhost:3000/_next/static/chunks/node_modules_next_dist_1e8vcs8._.js:776
[  141579ms] [LOG] [Fast Refresh] done in 47ms @ http://localhost:3000/_next/static/chunks/node_modules_next_dist_1e8vcs8._.js:776
[  141620ms] [LOG] [Fast Refresh] done in 47ms @ http://localhost:3000/_next/static/chunks/node_modules_next_dist_1e8vcs8._.js:776
[  141664ms] [LOG] [Fast Refresh] done in 47ms @ http://localhost:3000/_next/static/chunks/node_modules_next_dist_1e8vcs8._.js:776
[  141703ms] [LOG] [Fast Refresh] done in 47ms @ http://localhost:3000/_next/static/chunks/node_modules_next_dist_1e8vcs8._.js:776
[  141741ms] [LOG] [Fast Refresh] done in 47ms @ http://localhost:3000/_next/static/chunks/node_modules_next_dist_1e8vcs8._.js:776
[  141783ms] [LOG] [Fast Refresh] done in 47ms @ http://localhost:3000/_next/static/chunks/node_modules_next_dist_1e8vcs8._.js:776
[  141820ms] [LOG] [Fast Refresh] done in 47ms @ http://localhost:3000/_next/static/chunks/node_modules_next_dist_1e8vcs8._.js:776
[  141864ms] [LOG] [Fast Refresh] done in 47ms @ http://localhost:3000/_next/static/chunks/node_modules_next_dist_1e8vcs8._.js:776
[  141912ms] [LOG] [Fast Refresh] done in 47ms @ http://localhost:3000/_next/static/chunks/node_modules_next_dist_1e8vcs8._.js:776
[  141959ms] [LOG] [Fast Refresh] done in 47ms @ http://localhost:3000/_next/static/chunks/node_modules_next_dist_1e8vcs8._.js:776
[  142006ms] [LOG] [Fast Refresh] done in 47ms @ http://localhost:3000/_next/static/chunks/node_modules_next_dist_1e8vcs8._.js:776
[  142054ms] [LOG] [Fast Refresh] done in 47ms @ http://localhost:3000/_next/static/chunks/node_modules_next_dist_1e8vcs8._.js:776
[  142101ms] [LOG] [Fast Refresh] done in 47ms @ http://localhost:3000/_next/static/chunks/node_modules_next_dist_1e8vcs8._.js:776
[  142149ms] [LOG] [Fast Refresh] done in 47ms @ http://localhost:3000/_next/static/chunks/node_modules_next_dist_1e8vcs8._.js:776
[  142197ms] [LOG] [Fast Refresh] done in 47ms @ http://localhost:3000/_next/static/chunks/node_modules_next_dist_1e8vcs8._.js:776
[  142244ms] [LOG] [Fast Refresh] done in 47ms @ http://localhost:3000/_next/static/chunks/node_modules_next_dist_1e8vcs8._.js:776
[  142292ms] [LOG] [Fast Refresh] done in 47ms @ http://localhost:3000/_next/static/chunks/node_modules_next_dist_1e8vcs8._.js:776
[  142339ms] [LOG] [Fast Refresh] done in 47ms @ http://localhost:3000/_next/static/chunks/node_modules_next_dist_1e8vcs8._.js:776
[  142386ms] [LOG] [Fast Refresh] done in 47ms @ http://localhost:3000/_next/static/chunks/node_modules_next_dist_1e8vcs8._.js:776
[  142434ms] [LOG] [Fast Refresh] done in 47ms @ http://localhost:3000/_next/static/chunks/node_modules_next_dist_1e8vcs8._.js:776
[  142481ms] [LOG] [Fast Refresh] done in 47ms @ http://localhost:3000/_next/static/chunks/node_modules_next_dist_1e8vcs8._.js:776
[  142536ms] [LOG] [Fast Refresh] done in 47ms @ http://localhost:3000/_next/static/chunks/node_modules_next_dist_1e8vcs8._.js:776
[  142582ms] [LOG] [Fast Refresh] done in 47ms @ http://localhost:3000/_next/static/chunks/node_modules_next_dist_1e8vcs8._.js:776
[  142629ms] [LOG] [Fast Refresh] done in 47ms @ http://localhost:3000/_next/static/chunks/node_modules_next_dist_1e8vcs8._.js:776
[  142677ms] [LOG] [Fast Refresh] done in 47ms @ http://localhost:3000/_next/static/chunks/node_modules_next_dist_1e8vcs8._.js:776
[  142724ms] [LOG] [Fast Refresh] done in 47ms @ http://localhost:3000/_next/static/chunks/node_modules_next_dist_1e8vcs8._.js:776
[  142770ms] [LOG] [Fast Refresh] done in 47ms @ http://localhost:3000/_next/static/chunks/node_modules_next_dist_1e8vcs8._.js:776
[  142817ms] [LOG] [Fast Refresh] done in 47ms @ http://localhost:3000/_next/static/chunks/node_modules_next_dist_1e8vcs8._.js:776
[  142865ms] [LOG] [Fast Refresh] done in 47ms @ http://localhost:3000/_next/static/chunks/node_modules_next_dist_1e8vcs8._.js:776
[  142912ms] [LOG] [Fast Refresh] done in 47ms @ http://localhost:3000/_next/static/chunks/node_modules_next_dist_1e8vcs8._.js:776
[  142960ms] [LOG] [Fast Refresh] done in 47ms @ http://localhost:3000/_next/static/chunks/node_modules_next_dist_1e8vcs8._.js:776
[  143007ms] [LOG] [Fast Refresh] done in 47ms @ http://localhost:3000/_next/static/chunks/node_modules_next_dist_1e8vcs8._.js:776
[  143054ms] [LOG] [Fast Refresh] done in 47ms @ http://localhost:3000/_next/static/chunks/node_modules_next_dist_1e8vcs8._.js:776
[  143101ms] [LOG] [Fast Refresh] done in 47ms @ http://localhost:3000/_next/static/chunks/node_modules_next_dist_1e8vcs8._.js:776
[  143155ms] [LOG] [Fast Refresh] done in 47ms @ http://localhost:3000/_next/static/chunks/node_modules_next_dist_1e8vcs8._.js:776
[  143202ms] [LOG] [Fast Refresh] done in 47ms @ http://localhost:3000/_next/static/chunks/node_modules_next_dist_1e8vcs8._.js:776
[  143249ms] [LOG] [Fast Refresh] done in 47ms @ http://localhost:3000/_next/static/chunks/node_modules_next_dist_1e8vcs8._.js:776
[  143296ms] [LOG] [Fast Refresh] done in 47ms @ http://localhost:3000/_next/static/chunks/node_modules_next_dist_1e8vcs8._.js:776
[  143343ms] [LOG] [Fast Refresh] done in 47ms @ http://localhost:3000/_next/static/chunks/node_modules_next_dist_1e8vcs8._.js:776
[  143387ms] [LOG] [Fast Refresh] done in 47ms @ http://localhost:3000/_next/static/chunks/node_modules_next_dist_1e8vcs8._.js:776
[  143435ms] [LOG] [Fast Refresh] done in 47ms @ http://localhost:3000/_next/static/chunks/node_modules_next_dist_1e8vcs8._.js:776
[  143483ms] [LOG] [Fast Refresh] done in 47ms @ http://localhost:3000/_next/static/chunks/node_modules_next_dist_1e8vcs8._.js:776
[  143531ms] [LOG] [Fast Refresh] done in 47ms @ http://localhost:3000/_next/static/chunks/node_modules_next_dist_1e8vcs8._.js:776
[  143581ms] [LOG] [Fast Refresh] done in 47ms @ http://localhost:3000/_next/static/chunks/node_modules_next_dist_1e8vcs8._.js:776
[  143627ms] [LOG] [Fast Refresh] done in 47ms @ http://localhost:3000/_next/static/chunks/node_modules_next_dist_1e8vcs8._.js:776
[  143675ms] [LOG] [Fast Refresh] done in 47ms @ http://localhost:3000/_next/static/chunks/node_modules_next_dist_1e8vcs8._.js:776
[  143722ms] [LOG] [Fast Refresh] done in 47ms @ http://localhost:3000/_next/static/chunks/node_modules_next_dist_1e8vcs8._.js:776
[  143769ms] [LOG] [Fast Refresh] done in 47ms @ http://localhost:3000/_next/static/chunks/node_modules_next_dist_1e8vcs8._.js:776
[  143817ms] [LOG] [Fast Refresh] done in 47ms @ http://localhost:3000/_next/static/chunks/node_modules_next_dist_1e8vcs8._.js:776
[  143863ms] [LOG] [Fast Refresh] done in 47ms @ http://localhost:3000/_next/static/chunks/node_modules_next_dist_1e8vcs8._.js:776
[  143911ms] [LOG] [Fast Refresh] done in 47ms @ http://localhost:3000/_next/static/chunks/node_modules_next_dist_1e8vcs8._.js:776
[  143959ms] [LOG] [Fast Refresh] done in 47ms @ http://localhost:3000/_next/static/chunks/node_modules_next_dist_1e8vcs8._.js:776
[  144006ms] [LOG] [Fast Refresh] done in 47ms @ http://localhost:3000/_next/static/chunks/node_modules_next_dist_1e8vcs8._.js:776
[  144052ms] [LOG] [Fast Refresh] done in 47ms @ http://localhost:3000/_next/static/chunks/node_modules_next_dist_1e8vcs8._.js:776
[  144100ms] [LOG] [Fast Refresh] done in 47ms @ http://localhost:3000/_next/static/chunks/node_modules_next_dist_1e8vcs8._.js:776
[  144152ms] [LOG] [Fast Refresh] done in 47ms @ http://localhost:3000/_next/static/chunks/node_modules_next_dist_1e8vcs8._.js:776
[  144199ms] [LOG] [Fast Refresh] done in 47ms @ http://localhost:3000/_next/static/chunks/node_modules_next_dist_1e8vcs8._.js:776
[  144246ms] [LOG] [Fast Refresh] done in 47ms @ http://localhost:3000/_next/static/chunks/node_modules_next_dist_1e8vcs8._.js:776
[  144293ms] [LOG] [Fast Refresh] done in 47ms @ http://localhost:3000/_next/static/chunks/node_modules_next_dist_1e8vcs8._.js:776
[  144341ms] [LOG] [Fast Refresh] done in 47ms @ http://localhost:3000/_next/static/chunks/node_modules_next_dist_1e8vcs8._.js:776
[  144388ms] [LOG] [Fast Refresh] done in 47ms @ http://localhost:3000/_next/static/chunks/node_modules_next_dist_1e8vcs8._.js:776
[  144434ms] [LOG] [Fast Refresh] done in 47ms @ http://localhost:3000/_next/static/chunks/node_modules_next_dist_1e8vcs8._.js:776
[  144481ms] [LOG] [Fast Refresh] done in 47ms @ http://localhost:3000/_next/static/chunks/node_modules_next_dist_1e8vcs8._.js:776
[  144527ms] [LOG] [Fast Refresh] done in 47ms @ http://localhost:3000/_next/static/chunks/node_modules_next_dist_1e8vcs8._.js:776
[  144574ms] [LOG] [Fast Refresh] done in 47ms @ http://localhost:3000/_next/static/chunks/node_modules_next_dist_1e8vcs8._.js:776
[  144621ms] [LOG] [Fast Refresh] done in 47ms @ http://localhost:3000/_next/static/chunks/node_modules_next_dist_1e8vcs8._.js:776
[  144669ms] [LOG] [Fast Refresh] done in 47ms @ http://localhost:3000/_next/static/chunks/node_modules_next_dist_1e8vcs8._.js:776
[  144716ms] [LOG] [Fast Refresh] done in 47ms @ http://localhost:3000/_next/static/chunks/node_modules_next_dist_1e8vcs8._.js:776
[  144765ms] [LOG] [Fast Refresh] done in 47ms @ http://localhost:3000/_next/static/chunks/node_modules_next_dist_1e8vcs8._.js:776
[  144813ms] [LOG] [Fast Refresh] done in 47ms @ http://localhost:3000/_next/static/chunks/node_modules_next_dist_1e8vcs8._.js:776
[  144860ms] [LOG] [Fast Refresh] done in 47ms @ http://localhost:3000/_next/static/chunks/node_modules_next_dist_1e8vcs8._.js:776
[  144907ms] [LOG] [Fast Refresh] done in 47ms @ http://localhost:3000/_next/static/chunks/node_modules_next_dist_1e8vcs8._.js:776
[  144954ms] [LOG] [Fast Refresh] done in 47ms @ http://localhost:3000/_next/static/chunks/node_modules_next_dist_1e8vcs8._.js:776
[  145002ms] [LOG] [Fast Refresh] done in 47ms @ http://localhost:3000/_next/static/chunks/node_modules_next_dist_1e8vcs8._.js:776
[  145051ms] [LOG] [Fast Refresh] done in 47ms @ http://localhost:3000/_next/static/chunks/node_modules_next_dist_1e8vcs8._.js:776
[  145097ms] [LOG] [Fast Refresh] done in 47ms @ http://localhost:3000/_next/static/chunks/node_modules_next_dist_1e8vcs8._.js:776
[  145144ms] [LOG] [Fast Refresh] done in 47ms @ http://localhost:3000/_next/static/chunks/node_modules_next_dist_1e8vcs8._.js:776
[  145191ms] [LOG] [Fast Refresh] done in 47ms @ http://localhost:3000/_next/static/chunks/node_modules_next_dist_1e8vcs8._.js:776
[  145239ms] [LOG] [Fast Refresh] done in 47ms @ http://localhost:3000/_next/static/chunks/node_modules_next_dist_1e8vcs8._.js:776
[  145286ms] [LOG] [Fast Refresh] done in 47ms @ http://localhost:3000/_next/static/chunks/node_modules_next_dist_1e8vcs8._.js:776
[  145333ms] [LOG] [Fast Refresh] done in 47ms @ http://localhost:3000/_next/static/chunks/node_modules_next_dist_1e8vcs8._.js:776
[  145380ms] [LOG] [Fast Refresh] done in 47ms @ http://localhost:3000/_next/static/chunks/node_modules_next_dist_1e8vcs8._.js:776
[  145428ms] [LOG] [Fast Refresh] done in 47ms @ http://localhost:3000/_next/static/chunks/node_modules_next_dist_1e8vcs8._.js:776
[  145474ms] [LOG] [Fast Refresh] done in 47ms @ http://localhost:3000/_next/static/chunks/node_modules_next_dist_1e8vcs8._.js:776
[  145521ms] [LOG] [Fast Refresh] done in 47ms @ http://localhost:3000/_next/static/chunks/node_modules_next_dist_1e8vcs8._.js:776
[  145568ms] [LOG] [Fast Refresh] done in 47ms @ http://localhost:3000/_next/static/chunks/node_modules_next_dist_1e8vcs8._.js:776
[  145616ms] [LOG] [Fast Refresh] done in 47ms @ http://localhost:3000/_next/static/chunks/node_modules_next_dist_1e8vcs8._.js:776
[  145663ms] [LOG] [Fast Refresh] done in 47ms @ http://localhost:3000/_next/static/chunks/node_modules_next_dist_1e8vcs8._.js:776
[  145710ms] [LOG] [Fast Refresh] done in 47ms @ http://localhost:3000/_next/static/chunks/node_modules_next_dist_1e8vcs8._.js:776
[  145757ms] [LOG] [Fast Refresh] done in 47ms @ http://localhost:3000/_next/static/chunks/node_modules_next_dist_1e8vcs8._.js:776
[  145804ms] [LOG] [Fast Refresh] done in 47ms @ http://localhost:3000/_next/static/chunks/node_modules_next_dist_1e8vcs8._.js:776
[  145851ms] [LOG] [Fast Refresh] done in 47ms @ http://localhost:3000/_next/static/chunks/node_modules_next_dist_1e8vcs8._.js:776
[  145899ms] [LOG] [Fast Refresh] done in 47ms @ http://localhost:3000/_next/static/chunks/node_modules_next_dist_1e8vcs8._.js:776
[  145946ms] [LOG] [Fast Refresh] done in 47ms @ http://localhost:3000/_next/static/chunks/node_modules_next_dist_1e8vcs8._.js:776
[  145993ms] [LOG] [Fast Refresh] done in 47ms @ http://localhost:3000/_next/static/chunks/node_modules_next_dist_1e8vcs8._.js:776
[  146040ms] [LOG] [Fast Refresh] done in 47ms @ http://localhost:3000/_next/static/chunks/node_modules_next_dist_1e8vcs8._.js:776
[  146087ms] [LOG] [Fast Refresh] done in 47ms @ http://localhost:3000/_next/static/chunks/node_modules_next_dist_1e8vcs8._.js:776
[  146134ms] [LOG] [Fast Refresh] done in 47ms @ http://localhost:3000/_next/static/chunks/node_modules_next_dist_1e8vcs8._.js:776
[  146181ms] [LOG] [Fast Refresh] done in 47ms @ http://localhost:3000/_next/static/chunks/node_modules_next_dist_1e8vcs8._.js:776
[  146227ms] [LOG] [Fast Refresh] done in 47ms @ http://localhost:3000/_next/static/chunks/node_modules_next_dist_1e8vcs8._.js:776
[  146275ms] [LOG] [Fast Refresh] done in 47ms @ http://localhost:3000/_next/static/chunks/node_modules_next_dist_1e8vcs8._.js:776
[  146322ms] [LOG] [Fast Refresh] done in 47ms @ http://localhost:3000/_next/static/chunks/node_modules_next_dist_1e8vcs8._.js:776
[  146369ms] [LOG] [Fast Refresh] done in 47ms @ http://localhost:3000/_next/static/chunks/node_modules_next_dist_1e8vcs8._.js:776
[  146416ms] [LOG] [Fast Refresh] done in 47ms @ http://localhost:3000/_next/static/chunks/node_modules_next_dist_1e8vcs8._.js:776
[  146463ms] [LOG] [Fast Refresh] done in 47ms @ http://localhost:3000/_next/static/chunks/node_modules_next_dist_1e8vcs8._.js:776
[  146510ms] [LOG] [Fast Refresh] done in 47ms @ http://localhost:3000/_next/static/chunks/node_modules_next_dist_1e8vcs8._.js:776
[  146557ms] [LOG] [Fast Refresh] done in 47ms @ http://localhost:3000/_next/static/chunks/node_modules_next_dist_1e8vcs8._.js:776
[  146604ms] [LOG] [Fast Refresh] done in 47ms @ http://localhost:3000/_next/static/chunks/node_modules_next_dist_1e8vcs8._.js:776
[  146651ms] [LOG] [Fast Refresh] done in 47ms @ http://localhost:3000/_next/static/chunks/node_modules_next_dist_1e8vcs8._.js:776
[  146699ms] [LOG] [Fast Refresh] done in 47ms @ http://localhost:3000/_next/static/chunks/node_modules_next_dist_1e8vcs8._.js:776
[  146746ms] [LOG] [Fast Refresh] done in 47ms @ http://localhost:3000/_next/static/chunks/node_modules_next_dist_1e8vcs8._.js:776
[  146793ms] [LOG] [Fast Refresh] done in 47ms @ http://localhost:3000/_next/static/chunks/node_modules_next_dist_1e8vcs8._.js:776
[  146841ms] [LOG] [Fast Refresh] done in 47ms @ http://localhost:3000/_next/static/chunks/node_modules_next_dist_1e8vcs8._.js:776
[  146888ms] [LOG] [Fast Refresh] done in 47ms @ http://localhost:3000/_next/static/chunks/node_modules_next_dist_1e8vcs8._.js:776
[  146935ms] [LOG] [Fast Refresh] done in 47ms @ http://localhost:3000/_next/static/chunks/node_modules_next_dist_1e8vcs8._.js:776
[  146982ms] [LOG] [Fast Refresh] done in 47ms @ http://localhost:3000/_next/static/chunks/node_modules_next_dist_1e8vcs8._.js:776
[  147030ms] [LOG] [Fast Refresh] done in 47ms @ http://localhost:3000/_next/static/chunks/node_modules_next_dist_1e8vcs8._.js:776
[  147077ms] [LOG] [Fast Refresh] done in 47ms @ http://localhost:3000/_next/static/chunks/node_modules_next_dist_1e8vcs8._.js:776
[  147123ms] [LOG] [Fast Refresh] done in 47ms @ http://localhost:3000/_next/static/chunks/node_modules_next_dist_1e8vcs8._.js:776
[  147170ms] [LOG] [Fast Refresh] done in 47ms @ http://localhost:3000/_next/static/chunks/node_modules_next_dist_1e8vcs8._.js:776
[  147217ms] [LOG] [Fast Refresh] done in 47ms @ http://localhost:3000/_next/static/chunks/node_modules_next_dist_1e8vcs8._.js:776
[  147264ms] [LOG] [Fast Refresh] done in 47ms @ http://localhost:3000/_next/static/chunks/node_modules_next_dist_1e8vcs8._.js:776
[  147310ms] [LOG] [Fast Refresh] done in 47ms @ http://localhost:3000/_next/static/chunks/node_modules_next_dist_1e8vcs8._.js:776
[  147357ms] [LOG] [Fast Refresh] done in 47ms @ http://localhost:3000/_next/static/chunks/node_modules_next_dist_1e8vcs8._.js:776
[  147404ms] [LOG] [Fast Refresh] done in 47ms @ http://localhost:3000/_next/static/chunks/node_modules_next_dist_1e8vcs8._.js:776
[  147450ms] [LOG] [Fast Refresh] done in 47ms @ http://localhost:3000/_next/static/chunks/node_modules_next_dist_1e8vcs8._.js:776
[  147497ms] [LOG] [Fast Refresh] done in 47ms @ http://localhost:3000/_next/static/chunks/node_modules_next_dist_1e8vcs8._.js:776
[  147544ms] [LOG] [Fast Refresh] done in 47ms @ http://localhost:3000/_next/static/chunks/node_modules_next_dist_1e8vcs8._.js:776
[  147592ms] [LOG] [Fast Refresh] done in 47ms @ http://localhost:3000/_next/static/chunks/node_modules_next_dist_1e8vcs8._.js:776
[  147639ms] [LOG] [Fast Refresh] done in 47ms @ http://localhost:3000/_next/static/chunks/node_modules_next_dist_1e8vcs8._.js:776
[  147686ms] [LOG] [Fast Refresh] done in 47ms @ http://localhost:3000/_next/static/chunks/node_modules_next_dist_1e8vcs8._.js:776
[  147734ms] [LOG] [Fast Refresh] done in 47ms @ http://localhost:3000/_next/static/chunks/node_modules_next_dist_1e8vcs8._.js:776
[  147780ms] [LOG] [Fast Refresh] done in 47ms @ http://localhost:3000/_next/static/chunks/node_modules_next_dist_1e8vcs8._.js:776
[  147826ms] [LOG] [Fast Refresh] done in 47ms @ http://localhost:3000/_next/static/chunks/node_modules_next_dist_1e8vcs8._.js:776
[  147873ms] [LOG] [Fast Refresh] done in 47ms @ http://localhost:3000/_next/static/chunks/node_modules_next_dist_1e8vcs8._.js:776
[  147921ms] [LOG] [Fast Refresh] done in 47ms @ http://localhost:3000/_next/static/chunks/node_modules_next_dist_1e8vcs8._.js:776
[  147968ms] [LOG] [Fast Refresh] done in 47ms @ http://localhost:3000/_next/static/chunks/node_modules_next_dist_1e8vcs8._.js:776
[  148015ms] [LOG] [Fast Refresh] done in 47ms @ http://localhost:3000/_next/static/chunks/node_modules_next_dist_1e8vcs8._.js:776
[  148062ms] [LOG] [Fast Refresh] done in 47ms @ http://localhost:3000/_next/static/chunks/node_modules_next_dist_1e8vcs8._.js:776
[  148110ms] [LOG] [Fast Refresh] done in 47ms @ http://localhost:3000/_next/static/chunks/node_modules_next_dist_1e8vcs8._.js:776
[  148157ms] [LOG] [Fast Refresh] done in 47ms @ http://localhost:3000/_next/static/chunks/node_modules_next_dist_1e8vcs8._.js:776
[  148204ms] [LOG] [Fast Refresh] done in 47ms @ http://localhost:3000/_next/static/chunks/node_modules_next_dist_1e8vcs8._.js:776
[  148251ms] [LOG] [Fast Refresh] done in 47ms @ http://localhost:3000/_next/static/chunks/node_modules_next_dist_1e8vcs8._.js:776
[  148298ms] [LOG] [Fast Refresh] done in 47ms @ http://localhost:3000/_next/static/chunks/node_modules_next_dist_1e8vcs8._.js:776
[  148344ms] [LOG] [Fast Refresh] done in 47ms @ http://localhost:3000/_next/static/chunks/node_modules_next_dist_1e8vcs8._.js:776
[  148390ms] [LOG] [Fast Refresh] done in 47ms @ http://localhost:3000/_next/static/chunks/node_modules_next_dist_1e8vcs8._.js:776
[  148438ms] [LOG] [Fast Refresh] done in 47ms @ http://localhost:3000/_next/static/chunks/node_modules_next_dist_1e8vcs8._.js:776
[  148485ms] [LOG] [Fast Refresh] done in 47ms @ http://localhost:3000/_next/static/chunks/node_modules_next_dist_1e8vcs8._.js:776
[  148531ms] [LOG] [Fast Refresh] done in 47ms @ http://localhost:3000/_next/static/chunks/node_modules_next_dist_1e8vcs8._.js:776
[  148578ms] [LOG] [Fast Refresh] done in 47ms @ http://localhost:3000/_next/static/chunks/node_modules_next_dist_1e8vcs8._.js:776
[  148625ms] [LOG] [Fast Refresh] done in 47ms @ http://localhost:3000/_next/static/chunks/node_modules_next_dist_1e8vcs8._.js:776
[  148672ms] [LOG] [Fast Refresh] done in 47ms @ http://localhost:3000/_next/static/chunks/node_modules_next_dist_1e8vcs8._.js:776
[  148720ms] [LOG] [Fast Refresh] done in 47ms @ http://localhost:3000/_next/static/chunks/node_modules_next_dist_1e8vcs8._.js:776
[  148766ms] [LOG] [Fast Refresh] done in 47ms @ http://localhost:3000/_next/static/chunks/node_modules_next_dist_1e8vcs8._.js:776
[  148813ms] [LOG] [Fast Refresh] done in 47ms @ http://localhost:3000/_next/static/chunks/node_modules_next_dist_1e8vcs8._.js:776
[  148859ms] [LOG] [Fast Refresh] done in 47ms @ http://localhost:3000/_next/static/chunks/node_modules_next_dist_1e8vcs8._.js:776
[  148907ms] [LOG] [Fast Refresh] done in 47ms @ http://localhost:3000/_next/static/chunks/node_modules_next_dist_1e8vcs8._.js:776
[  148955ms] [LOG] [Fast Refresh] done in 47ms @ http://localhost:3000/_next/static/chunks/node_modules_next_dist_1e8vcs8._.js:776
[  149001ms] [LOG] [Fast Refresh] done in 47ms @ http://localhost:3000/_next/static/chunks/node_modules_next_dist_1e8vcs8._.js:776
[  149049ms] [LOG] [Fast Refresh] done in 47ms @ http://localhost:3000/_next/static/chunks/node_modules_next_dist_1e8vcs8._.js:776
[  149096ms] [LOG] [Fast Refresh] done in 47ms @ http://localhost:3000/_next/static/chunks/node_modules_next_dist_1e8vcs8._.js:776
[  149144ms] [LOG] [Fast Refresh] done in 47ms @ http://localhost:3000/_next/static/chunks/node_modules_next_dist_1e8vcs8._.js:776
[  149192ms] [LOG] [Fast Refresh] done in 47ms @ http://localhost:3000/_next/static/chunks/node_modules_next_dist_1e8vcs8._.js:776
[  149238ms] [LOG] [Fast Refresh] done in 47ms @ http://localhost:3000/_next/static/chunks/node_modules_next_dist_1e8vcs8._.js:776
[  149286ms] [LOG] [Fast Refresh] done in 47ms @ http://localhost:3000/_next/static/chunks/node_modules_next_dist_1e8vcs8._.js:776
[  149334ms] [LOG] [Fast Refresh] done in 47ms @ http://localhost:3000/_next/static/chunks/node_modules_next_dist_1e8vcs8._.js:776
[  149381ms] [LOG] [Fast Refresh] done in 47ms @ http://localhost:3000/_next/static/chunks/node_modules_next_dist_1e8vcs8._.js:776
[  149426ms] [LOG] [Fast Refresh] done in 47ms @ http://localhost:3000/_next/static/chunks/node_modules_next_dist_1e8vcs8._.js:776
[  149474ms] [LOG] [Fast Refresh] done in 47ms @ http://localhost:3000/_next/static/chunks/node_modules_next_dist_1e8vcs8._.js:776
[  149521ms] [LOG] [Fast Refresh] done in 47ms @ http://localhost:3000/_next/static/chunks/node_modules_next_dist_1e8vcs8._.js:776
[  149568ms] [LOG] [Fast Refresh] done in 47ms @ http://localhost:3000/_next/static/chunks/node_modules_next_dist_1e8vcs8._.js:776
[  149614ms] [LOG] [Fast Refresh] done in 47ms @ http://localhost:3000/_next/static/chunks/node_modules_next_dist_1e8vcs8._.js:776
[  149661ms] [LOG] [Fast Refresh] done in 47ms @ http://localhost:3000/_next/static/chunks/node_modules_next_dist_1e8vcs8._.js:776
[  149709ms] [LOG] [Fast Refresh] done in 47ms @ http://localhost:3000/_next/static/chunks/node_modules_next_dist_1e8vcs8._.js:776
[  149755ms] [LOG] [Fast Refresh] done in 47ms @ http://localhost:3000/_next/static/chunks/node_modules_next_dist_1e8vcs8._.js:776
[  149803ms] [LOG] [Fast Refresh] done in 47ms @ http://localhost:3000/_next/static/chunks/node_modules_next_dist_1e8vcs8._.js:776
[  149850ms] [LOG] [Fast Refresh] done in 47ms @ http://localhost:3000/_next/static/chunks/node_modules_next_dist_1e8vcs8._.js:776
[  149897ms] [LOG] [Fast Refresh] done in 47ms @ http://localhost:3000/_next/static/chunks/node_modules_next_dist_1e8vcs8._.js:776
[  149944ms] [LOG] [Fast Refresh] done in 47ms @ http://localhost:3000/_next/static/chunks/node_modules_next_dist_1e8vcs8._.js:776
[  149992ms] [LOG] [Fast Refresh] done in 47ms @ http://localhost:3000/_next/static/chunks/node_modules_next_dist_1e8vcs8._.js:776
[  150039ms] [LOG] [Fast Refresh] done in 47ms @ http://localhost:3000/_next/static/chunks/node_modules_next_dist_1e8vcs8._.js:776
[  150085ms] [LOG] [Fast Refresh] done in 47ms @ http://localhost:3000/_next/static/chunks/node_modules_next_dist_1e8vcs8._.js:776
[  150132ms] [LOG] [Fast Refresh] done in 47ms @ http://localhost:3000/_next/static/chunks/node_modules_next_dist_1e8vcs8._.js:776
[  150180ms] [LOG] [Fast Refresh] done in 47ms @ http://localhost:3000/_next/static/chunks/node_modules_next_dist_1e8vcs8._.js:776
[  150228ms] [LOG] [Fast Refresh] done in 47ms @ http://localhost:3000/_next/static/chunks/node_modules_next_dist_1e8vcs8._.js:776
[  150276ms] [LOG] [Fast Refresh] done in 47ms @ http://localhost:3000/_next/static/chunks/node_modules_next_dist_1e8vcs8._.js:776
[  150323ms] [LOG] [Fast Refresh] done in 47ms @ http://localhost:3000/_next/static/chunks/node_modules_next_dist_1e8vcs8._.js:776
[  150370ms] [LOG] [Fast Refresh] done in 47ms @ http://localhost:3000/_next/static/chunks/node_modules_next_dist_1e8vcs8._.js:776
[  150418ms] [LOG] [Fast Refresh] done in 47ms @ http://localhost:3000/_next/static/chunks/node_modules_next_dist_1e8vcs8._.js:776
[  150466ms] [LOG] [Fast Refresh] done in 47ms @ http://localhost:3000/_next/static/chunks/node_modules_next_dist_1e8vcs8._.js:776
[  150513ms] [LOG] [Fast Refresh] done in 47ms @ http://localhost:3000/_next/static/chunks/node_modules_next_dist_1e8vcs8._.js:776
[  150561ms] [LOG] [Fast Refresh] done in 47ms @ http://localhost:3000/_next/static/chunks/node_modules_next_dist_1e8vcs8._.js:776
[  150608ms] [LOG] [Fast Refresh] done in 47ms @ http://localhost:3000/_next/static/chunks/node_modules_next_dist_1e8vcs8._.js:776
[  150655ms] [LOG] [Fast Refresh] done in 47ms @ http://localhost:3000/_next/static/chunks/node_modules_next_dist_1e8vcs8._.js:776
[  150702ms] [LOG] [Fast Refresh] done in 47ms @ http://localhost:3000/_next/static/chunks/node_modules_next_dist_1e8vcs8._.js:776
[  150749ms] [LOG] [Fast Refresh] done in 47ms @ http://localhost:3000/_next/static/chunks/node_modules_next_dist_1e8vcs8._.js:776
[  150797ms] [LOG] [Fast Refresh] done in 47ms @ http://localhost:3000/_next/static/chunks/node_modules_next_dist_1e8vcs8._.js:776
[  150844ms] [LOG] [Fast Refresh] done in 47ms @ http://localhost:3000/_next/static/chunks/node_modules_next_dist_1e8vcs8._.js:776
[  150892ms] [LOG] [Fast Refresh] done in 47ms @ http://localhost:3000/_next/static/chunks/node_modules_next_dist_1e8vcs8._.js:776
[  150939ms] [LOG] [Fast Refresh] done in 47ms @ http://localhost:3000/_next/static/chunks/node_modules_next_dist_1e8vcs8._.js:776
[  150988ms] [LOG] [Fast Refresh] done in 47ms @ http://localhost:3000/_next/static/chunks/node_modules_next_dist_1e8vcs8._.js:776
[  151035ms] [LOG] [Fast Refresh] done in 47ms @ http://localhost:3000/_next/static/chunks/node_modules_next_dist_1e8vcs8._.js:776
[  151076ms] [LOG] [Fast Refresh] done in 47ms @ http://localhost:3000/_next/static/chunks/node_modules_next_dist_1e8vcs8._.js:776
[  151114ms] [LOG] [Fast Refresh] done in 47ms @ http://localhost:3000/_next/static/chunks/node_modules_next_dist_1e8vcs8._.js:776
[  151155ms] [LOG] [Fast Refresh] done in 47ms @ http://localhost:3000/_next/static/chunks/node_modules_next_dist_1e8vcs8._.js:776
[  151193ms] [LOG] [Fast Refresh] done in 47ms @ http://localhost:3000/_next/static/chunks/node_modules_next_dist_1e8vcs8._.js:776
[  151243ms] [LOG] [Fast Refresh] done in 47ms @ http://localhost:3000/_next/static/chunks/node_modules_next_dist_1e8vcs8._.js:776
[  151292ms] [LOG] [Fast Refresh] done in 47ms @ http://localhost:3000/_next/static/chunks/node_modules_next_dist_1e8vcs8._.js:776
[  151341ms] [LOG] [Fast Refresh] done in 47ms @ http://localhost:3000/_next/static/chunks/node_modules_next_dist_1e8vcs8._.js:776
[  151389ms] [LOG] [Fast Refresh] done in 47ms @ http://localhost:3000/_next/static/chunks/node_modules_next_dist_1e8vcs8._.js:776
[  151437ms] [LOG] [Fast Refresh] done in 47ms @ http://localhost:3000/_next/static/chunks/node_modules_next_dist_1e8vcs8._.js:776
[  151485ms] [LOG] [Fast Refresh] done in 47ms @ http://localhost:3000/_next/static/chunks/node_modules_next_dist_1e8vcs8._.js:776
[  151533ms] [LOG] [Fast Refresh] done in 47ms @ http://localhost:3000/_next/static/chunks/node_modules_next_dist_1e8vcs8._.js:776
[  151581ms] [LOG] [Fast Refresh] done in 47ms @ http://localhost:3000/_next/static/chunks/node_modules_next_dist_1e8vcs8._.js:776
[  151638ms] [LOG] [Fast Refresh] done in 47ms @ http://localhost:3000/_next/static/chunks/node_modules_next_dist_1e8vcs8._.js:776
[  151701ms] [LOG] [Fast Refresh] done in 47ms @ http://localhost:3000/_next/static/chunks/node_modules_next_dist_1e8vcs8._.js:776
[  151750ms] [LOG] [Fast Refresh] done in 47ms @ http://localhost:3000/_next/static/chunks/node_modules_next_dist_1e8vcs8._.js:776
[  151800ms] [LOG] [Fast Refresh] done in 47ms @ http://localhost:3000/_next/static/chunks/node_modules_next_dist_1e8vcs8._.js:776
[  151848ms] [LOG] [Fast Refresh] done in 47ms @ http://localhost:3000/_next/static/chunks/node_modules_next_dist_1e8vcs8._.js:776
[  151898ms] [LOG] [Fast Refresh] done in 47ms @ http://localhost:3000/_next/static/chunks/node_modules_next_dist_1e8vcs8._.js:776
[  151946ms] [LOG] [Fast Refresh] done in 47ms @ http://localhost:3000/_next/static/chunks/node_modules_next_dist_1e8vcs8._.js:776
[  151994ms] [LOG] [Fast Refresh] done in 47ms @ http://localhost:3000/_next/static/chunks/node_modules_next_dist_1e8vcs8._.js:776
[  152041ms] [LOG] [Fast Refresh] done in 47ms @ http://localhost:3000/_next/static/chunks/node_modules_next_dist_1e8vcs8._.js:776
[  152089ms] [LOG] [Fast Refresh] done in 47ms @ http://localhost:3000/_next/static/chunks/node_modules_next_dist_1e8vcs8._.js:776
[  152137ms] [LOG] [Fast Refresh] done in 47ms @ http://localhost:3000/_next/static/chunks/node_modules_next_dist_1e8vcs8._.js:776
[  152184ms] [LOG] [Fast Refresh] done in 47ms @ http://localhost:3000/_next/static/chunks/node_modules_next_dist_1e8vcs8._.js:776
[  152231ms] [LOG] [Fast Refresh] done in 47ms @ http://localhost:3000/_next/static/chunks/node_modules_next_dist_1e8vcs8._.js:776
[  152279ms] [LOG] [Fast Refresh] done in 47ms @ http://localhost:3000/_next/static/chunks/node_modules_next_dist_1e8vcs8._.js:776
[  152320ms] [LOG] [Fast Refresh] done in 47ms @ http://localhost:3000/_next/static/chunks/node_modules_next_dist_1e8vcs8._.js:776
[  152367ms] [LOG] [Fast Refresh] done in 47ms @ http://localhost:3000/_next/static/chunks/node_modules_next_dist_1e8vcs8._.js:776
[  152414ms] [LOG] [Fast Refresh] done in 47ms @ http://localhost:3000/_next/static/chunks/node_modules_next_dist_1e8vcs8._.js:776
[  152461ms] [LOG] [Fast Refresh] done in 47ms @ http://localhost:3000/_next/static/chunks/node_modules_next_dist_1e8vcs8._.js:776
[  152508ms] [LOG] [Fast Refresh] done in 47ms @ http://localhost:3000/_next/static/chunks/node_modules_next_dist_1e8vcs8._.js:776
[  152554ms] [LOG] [Fast Refresh] done in 47ms @ http://localhost:3000/_next/static/chunks/node_modules_next_dist_1e8vcs8._.js:776
[  152602ms] [LOG] [Fast Refresh] done in 47ms @ http://localhost:3000/_next/static/chunks/node_modules_next_dist_1e8vcs8._.js:776
[  152649ms] [LOG] [Fast Refresh] done in 47ms @ http://localhost:3000/_next/static/chunks/node_modules_next_dist_1e8vcs8._.js:776
[  152696ms] [LOG] [Fast Refresh] done in 47ms @ http://localhost:3000/_next/static/chunks/node_modules_next_dist_1e8vcs8._.js:776
[  152747ms] [LOG] [Fast Refresh] done in 47ms @ http://localhost:3000/_next/static/chunks/node_modules_next_dist_1e8vcs8._.js:776
[  152795ms] [LOG] [Fast Refresh] done in 47ms @ http://localhost:3000/_next/static/chunks/node_modules_next_dist_1e8vcs8._.js:776
[  152843ms] [LOG] [Fast Refresh] done in 47ms @ http://localhost:3000/_next/static/chunks/node_modules_next_dist_1e8vcs8._.js:776
[  152890ms] [LOG] [Fast Refresh] done in 47ms @ http://localhost:3000/_next/static/chunks/node_modules_next_dist_1e8vcs8._.js:776
[  152937ms] [LOG] [Fast Refresh] done in 47ms @ http://localhost:3000/_next/static/chunks/node_modules_next_dist_1e8vcs8._.js:776
[  152985ms] [LOG] [Fast Refresh] done in 47ms @ http://localhost:3000/_next/static/chunks/node_modules_next_dist_1e8vcs8._.js:776
[  153032ms] [LOG] [Fast Refresh] done in 47ms @ http://localhost:3000/_next/static/chunks/node_modules_next_dist_1e8vcs8._.js:776
[  153080ms] [LOG] [Fast Refresh] done in 47ms @ http://localhost:3000/_next/static/chunks/node_modules_next_dist_1e8vcs8._.js:776
[  153127ms] [LOG] [Fast Refresh] done in 47ms @ http://localhost:3000/_next/static/chunks/node_modules_next_dist_1e8vcs8._.js:776
[  153173ms] [LOG] [Fast Refresh] done in 47ms @ http://localhost:3000/_next/static/chunks/node_modules_next_dist_1e8vcs8._.js:776
[  153221ms] [LOG] [Fast Refresh] done in 47ms @ http://localhost:3000/_next/static/chunks/node_modules_next_dist_1e8vcs8._.js:776
[  153268ms] [LOG] [Fast Refresh] done in 47ms @ http://localhost:3000/_next/static/chunks/node_modules_next_dist_1e8vcs8._.js:776
[  153314ms] [LOG] [Fast Refresh] done in 47ms @ http://localhost:3000/_next/static/chunks/node_modules_next_dist_1e8vcs8._.js:776
[  153361ms] [LOG] [Fast Refresh] done in 47ms @ http://localhost:3000/_next/static/chunks/node_modules_next_dist_1e8vcs8._.js:776
[  153409ms] [LOG] [Fast Refresh] done in 47ms @ http://localhost:3000/_next/static/chunks/node_modules_next_dist_1e8vcs8._.js:776
[  153456ms] [LOG] [Fast Refresh] done in 47ms @ http://localhost:3000/_next/static/chunks/node_modules_next_dist_1e8vcs8._.js:776
[  153502ms] [LOG] [Fast Refresh] done in 47ms @ http://localhost:3000/_next/static/chunks/node_modules_next_dist_1e8vcs8._.js:776
[  153550ms] [LOG] [Fast Refresh] done in 47ms @ http://localhost:3000/_next/static/chunks/node_modules_next_dist_1e8vcs8._.js:776
[  153598ms] [LOG] [Fast Refresh] done in 47ms @ http://localhost:3000/_next/static/chunks/node_modules_next_dist_1e8vcs8._.js:776
[  153645ms] [LOG] [Fast Refresh] done in 47ms @ http://localhost:3000/_next/static/chunks/node_modules_next_dist_1e8vcs8._.js:776
[  153693ms] [LOG] [Fast Refresh] done in 47ms @ http://localhost:3000/_next/static/chunks/node_modules_next_dist_1e8vcs8._.js:776
[  153739ms] [LOG] [Fast Refresh] done in 47ms @ http://localhost:3000/_next/static/chunks/node_modules_next_dist_1e8vcs8._.js:776
[  153787ms] [LOG] [Fast Refresh] done in 47ms @ http://localhost:3000/_next/static/chunks/node_modules_next_dist_1e8vcs8._.js:776
[  153834ms] [LOG] [Fast Refresh] done in 47ms @ http://localhost:3000/_next/static/chunks/node_modules_next_dist_1e8vcs8._.js:776
[  153881ms] [LOG] [Fast Refresh] done in 47ms @ http://localhost:3000/_next/static/chunks/node_modules_next_dist_1e8vcs8._.js:776
[  153928ms] [LOG] [Fast Refresh] done in 47ms @ http://localhost:3000/_next/static/chunks/node_modules_next_dist_1e8vcs8._.js:776
[  153975ms] [LOG] [Fast Refresh] done in 47ms @ http://localhost:3000/_next/static/chunks/node_modules_next_dist_1e8vcs8._.js:776
[  154022ms] [LOG] [Fast Refresh] done in 47ms @ http://localhost:3000/_next/static/chunks/node_modules_next_dist_1e8vcs8._.js:776
[  154069ms] [LOG] [Fast Refresh] done in 47ms @ http://localhost:3000/_next/static/chunks/node_modules_next_dist_1e8vcs8._.js:776
[  154115ms] [LOG] [Fast Refresh] done in 47ms @ http://localhost:3000/_next/static/chunks/node_modules_next_dist_1e8vcs8._.js:776
[  154162ms] [LOG] [Fast Refresh] done in 47ms @ http://localhost:3000/_next/static/chunks/node_modules_next_dist_1e8vcs8._.js:776
[  154209ms] [LOG] [Fast Refresh] done in 47ms @ http://localhost:3000/_next/static/chunks/node_modules_next_dist_1e8vcs8._.js:776
[  154257ms] [LOG] [Fast Refresh] done in 47ms @ http://localhost:3000/_next/static/chunks/node_modules_next_dist_1e8vcs8._.js:776
[  154303ms] [LOG] [Fast Refresh] done in 47ms @ http://localhost:3000/_next/static/chunks/node_modules_next_dist_1e8vcs8._.js:776
[  154350ms] [LOG] [Fast Refresh] done in 47ms @ http://localhost:3000/_next/static/chunks/node_modules_next_dist_1e8vcs8._.js:776
[  154396ms] [LOG] [Fast Refresh] done in 47ms @ http://localhost:3000/_next/static/chunks/node_modules_next_dist_1e8vcs8._.js:776
[  154442ms] [LOG] [Fast Refresh] done in 47ms @ http://localhost:3000/_next/static/chunks/node_modules_next_dist_1e8vcs8._.js:776
[  154491ms] [LOG] [Fast Refresh] done in 47ms @ http://localhost:3000/_next/static/chunks/node_modules_next_dist_1e8vcs8._.js:776
[  154538ms] [LOG] [Fast Refresh] done in 47ms @ http://localhost:3000/_next/static/chunks/node_modules_next_dist_1e8vcs8._.js:776
[  154585ms] [LOG] [Fast Refresh] done in 47ms @ http://localhost:3000/_next/static/chunks/node_modules_next_dist_1e8vcs8._.js:776
[  154633ms] [LOG] [Fast Refresh] done in 47ms @ http://localhost:3000/_next/static/chunks/node_modules_next_dist_1e8vcs8._.js:776
[  154680ms] [LOG] [Fast Refresh] done in 47ms @ http://localhost:3000/_next/static/chunks/node_modules_next_dist_1e8vcs8._.js:776
[  154726ms] [LOG] [Fast Refresh] done in 47ms @ http://localhost:3000/_next/static/chunks/node_modules_next_dist_1e8vcs8._.js:776
[  154773ms] [LOG] [Fast Refresh] done in 47ms @ http://localhost:3000/_next/static/chunks/node_modules_next_dist_1e8vcs8._.js:776
[  154820ms] [LOG] [Fast Refresh] done in 47ms @ http://localhost:3000/_next/static/chunks/node_modules_next_dist_1e8vcs8._.js:776
[  154867ms] [LOG] [Fast Refresh] done in 47ms @ http://localhost:3000/_next/static/chunks/node_modules_next_dist_1e8vcs8._.js:776
[  154913ms] [LOG] [Fast Refresh] done in 47ms @ http://localhost:3000/_next/static/chunks/node_modules_next_dist_1e8vcs8._.js:776
[  154959ms] [LOG] [Fast Refresh] done in 47ms @ http://localhost:3000/_next/static/chunks/node_modules_next_dist_1e8vcs8._.js:776
[  155007ms] [LOG] [Fast Refresh] done in 47ms @ http://localhost:3000/_next/static/chunks/node_modules_next_dist_1e8vcs8._.js:776
[  155054ms] [LOG] [Fast Refresh] done in 47ms @ http://localhost:3000/_next/static/chunks/node_modules_next_dist_1e8vcs8._.js:776
[  155101ms] [LOG] [Fast Refresh] done in 47ms @ http://localhost:3000/_next/static/chunks/node_modules_next_dist_1e8vcs8._.js:776
[  155149ms] [LOG] [Fast Refresh] done in 47ms @ http://localhost:3000/_next/static/chunks/node_modules_next_dist_1e8vcs8._.js:776
[  155197ms] [LOG] [Fast Refresh] done in 47ms @ http://localhost:3000/_next/static/chunks/node_modules_next_dist_1e8vcs8._.js:776
[  155245ms] [LOG] [Fast Refresh] done in 47ms @ http://localhost:3000/_next/static/chunks/node_modules_next_dist_1e8vcs8._.js:776
[  155292ms] [LOG] [Fast Refresh] done in 47ms @ http://localhost:3000/_next/static/chunks/node_modules_next_dist_1e8vcs8._.js:776
[  155339ms] [LOG] [Fast Refresh] done in 47ms @ http://localhost:3000/_next/static/chunks/node_modules_next_dist_1e8vcs8._.js:776
[  155385ms] [LOG] [Fast Refresh] done in 47ms @ http://localhost:3000/_next/static/chunks/node_modules_next_dist_1e8vcs8._.js:776
[  155432ms] [LOG] [Fast Refresh] done in 47ms @ http://localhost:3000/_next/static/chunks/node_modules_next_dist_1e8vcs8._.js:776
[  155479ms] [LOG] [Fast Refresh] done in 47ms @ http://localhost:3000/_next/static/chunks/node_modules_next_dist_1e8vcs8._.js:776
[  155527ms] [LOG] [Fast Refresh] done in 47ms @ http://localhost:3000/_next/static/chunks/node_modules_next_dist_1e8vcs8._.js:776
[  155573ms] [LOG] [Fast Refresh] done in 47ms @ http://localhost:3000/_next/static/chunks/node_modules_next_dist_1e8vcs8._.js:776
[  155621ms] [LOG] [Fast Refresh] done in 47ms @ http://localhost:3000/_next/static/chunks/node_modules_next_dist_1e8vcs8._.js:776
[  155669ms] [LOG] [Fast Refresh] done in 47ms @ http://localhost:3000/_next/static/chunks/node_modules_next_dist_1e8vcs8._.js:776
[  155716ms] [LOG] [Fast Refresh] done in 47ms @ http://localhost:3000/_next/static/chunks/node_modules_next_dist_1e8vcs8._.js:776
[  155763ms] [LOG] [Fast Refresh] done in 47ms @ http://localhost:3000/_next/static/chunks/node_modules_next_dist_1e8vcs8._.js:776
[  155810ms] [LOG] [Fast Refresh] done in 47ms @ http://localhost:3000/_next/static/chunks/node_modules_next_dist_1e8vcs8._.js:776
[  155857ms] [LOG] [Fast Refresh] done in 47ms @ http://localhost:3000/_next/static/chunks/node_modules_next_dist_1e8vcs8._.js:776
[  155905ms] [LOG] [Fast Refresh] done in 47ms @ http://localhost:3000/_next/static/chunks/node_modules_next_dist_1e8vcs8._.js:776
[  155954ms] [LOG] [Fast Refresh] done in 47ms @ http://localhost:3000/_next/static/chunks/node_modules_next_dist_1e8vcs8._.js:776
[  156003ms] [LOG] [Fast Refresh] done in 47ms @ http://localhost:3000/_next/static/chunks/node_modules_next_dist_1e8vcs8._.js:776
[  156050ms] [LOG] [Fast Refresh] done in 47ms @ http://localhost:3000/_next/static/chunks/node_modules_next_dist_1e8vcs8._.js:776
[  156097ms] [LOG] [Fast Refresh] done in 47ms @ http://localhost:3000/_next/static/chunks/node_modules_next_dist_1e8vcs8._.js:776
[  156145ms] [LOG] [Fast Refresh] done in 47ms @ http://localhost:3000/_next/static/chunks/node_modules_next_dist_1e8vcs8._.js:776
[  156194ms] [LOG] [Fast Refresh] done in 47ms @ http://localhost:3000/_next/static/chunks/node_modules_next_dist_1e8vcs8._.js:776
[  156241ms] [LOG] [Fast Refresh] done in 47ms @ http://localhost:3000/_next/static/chunks/node_modules_next_dist_1e8vcs8._.js:776
[  156290ms] [LOG] [Fast Refresh] done in 47ms @ http://localhost:3000/_next/static/chunks/node_modules_next_dist_1e8vcs8._.js:776
[  156337ms] [LOG] [Fast Refresh] done in 47ms @ http://localhost:3000/_next/static/chunks/node_modules_next_dist_1e8vcs8._.js:776
[  156385ms] [LOG] [Fast Refresh] done in 47ms @ http://localhost:3000/_next/static/chunks/node_modules_next_dist_1e8vcs8._.js:776
[  156432ms] [LOG] [Fast Refresh] done in 47ms @ http://localhost:3000/_next/static/chunks/node_modules_next_dist_1e8vcs8._.js:776
[  156481ms] [LOG] [Fast Refresh] done in 47ms @ http://localhost:3000/_next/static/chunks/node_modules_next_dist_1e8vcs8._.js:776
[  156529ms] [LOG] [Fast Refresh] done in 47ms @ http://localhost:3000/_next/static/chunks/node_modules_next_dist_1e8vcs8._.js:776
[  156577ms] [LOG] [Fast Refresh] done in 47ms @ http://localhost:3000/_next/static/chunks/node_modules_next_dist_1e8vcs8._.js:776
[  156623ms] [LOG] [Fast Refresh] done in 47ms @ http://localhost:3000/_next/static/chunks/node_modules_next_dist_1e8vcs8._.js:776
[  156671ms] [LOG] [Fast Refresh] done in 47ms @ http://localhost:3000/_next/static/chunks/node_modules_next_dist_1e8vcs8._.js:776
[  156718ms] [LOG] [Fast Refresh] done in 47ms @ http://localhost:3000/_next/static/chunks/node_modules_next_dist_1e8vcs8._.js:776
[  156767ms] [LOG] [Fast Refresh] done in 47ms @ http://localhost:3000/_next/static/chunks/node_modules_next_dist_1e8vcs8._.js:776
[  156815ms] [LOG] [Fast Refresh] done in 47ms @ http://localhost:3000/_next/static/chunks/node_modules_next_dist_1e8vcs8._.js:776
[  156863ms] [LOG] [Fast Refresh] done in 47ms @ http://localhost:3000/_next/static/chunks/node_modules_next_dist_1e8vcs8._.js:776
[  156910ms] [LOG] [Fast Refresh] done in 47ms @ http://localhost:3000/_next/static/chunks/node_modules_next_dist_1e8vcs8._.js:776
[  156957ms] [LOG] [Fast Refresh] done in 47ms @ http://localhost:3000/_next/static/chunks/node_modules_next_dist_1e8vcs8._.js:776
[  157005ms] [LOG] [Fast Refresh] done in 47ms @ http://localhost:3000/_next/static/chunks/node_modules_next_dist_1e8vcs8._.js:776
[  157052ms] [LOG] [Fast Refresh] done in 47ms @ http://localhost:3000/_next/static/chunks/node_modules_next_dist_1e8vcs8._.js:776
[  157098ms] [LOG] [Fast Refresh] done in 47ms @ http://localhost:3000/_next/static/chunks/node_modules_next_dist_1e8vcs8._.js:776
[  157146ms] [LOG] [Fast Refresh] done in 47ms @ http://localhost:3000/_next/static/chunks/node_modules_next_dist_1e8vcs8._.js:776
[  157193ms] [LOG] [Fast Refresh] done in 47ms @ http://localhost:3000/_next/static/chunks/node_modules_next_dist_1e8vcs8._.js:776
[  157241ms] [LOG] [Fast Refresh] done in 47ms @ http://localhost:3000/_next/static/chunks/node_modules_next_dist_1e8vcs8._.js:776
[  157288ms] [LOG] [Fast Refresh] done in 47ms @ http://localhost:3000/_next/static/chunks/node_modules_next_dist_1e8vcs8._.js:776
[  157336ms] [LOG] [Fast Refresh] done in 47ms @ http://localhost:3000/_next/static/chunks/node_modules_next_dist_1e8vcs8._.js:776
[  157383ms] [LOG] [Fast Refresh] done in 47ms @ http://localhost:3000/_next/static/chunks/node_modules_next_dist_1e8vcs8._.js:776
[  157430ms] [LOG] [Fast Refresh] done in 47ms @ http://localhost:3000/_next/static/chunks/node_modules_next_dist_1e8vcs8._.js:776
[  157477ms] [LOG] [Fast Refresh] done in 47ms @ http://localhost:3000/_next/static/chunks/node_modules_next_dist_1e8vcs8._.js:776
[  157525ms] [LOG] [Fast Refresh] done in 47ms @ http://localhost:3000/_next/static/chunks/node_modules_next_dist_1e8vcs8._.js:776
[  157572ms] [LOG] [Fast Refresh] done in 47ms @ http://localhost:3000/_next/static/chunks/node_modules_next_dist_1e8vcs8._.js:776
[  157620ms] [LOG] [Fast Refresh] done in 47ms @ http://localhost:3000/_next/static/chunks/node_modules_next_dist_1e8vcs8._.js:776
[  157667ms] [LOG] [Fast Refresh] done in 47ms @ http://localhost:3000/_next/static/chunks/node_modules_next_dist_1e8vcs8._.js:776
[  157714ms] [LOG] [Fast Refresh] done in 47ms @ http://localhost:3000/_next/static/chunks/node_modules_next_dist_1e8vcs8._.js:776
[  157762ms] [LOG] [Fast Refresh] done in 47ms @ http://localhost:3000/_next/static/chunks/node_modules_next_dist_1e8vcs8._.js:776
[  157809ms] [LOG] [Fast Refresh] done in 47ms @ http://localhost:3000/_next/static/chunks/node_modules_next_dist_1e8vcs8._.js:776
[  157856ms] [LOG] [Fast Refresh] done in 47ms @ http://localhost:3000/_next/static/chunks/node_modules_next_dist_1e8vcs8._.js:776
[  157903ms] [LOG] [Fast Refresh] done in 47ms @ http://localhost:3000/_next/static/chunks/node_modules_next_dist_1e8vcs8._.js:776
[  157950ms] [LOG] [Fast Refresh] done in 47ms @ http://localhost:3000/_next/static/chunks/node_modules_next_dist_1e8vcs8._.js:776
[  157999ms] [LOG] [Fast Refresh] done in 47ms @ http://localhost:3000/_next/static/chunks/node_modules_next_dist_1e8vcs8._.js:776
[  158046ms] [LOG] [Fast Refresh] done in 47ms @ http://localhost:3000/_next/static/chunks/node_modules_next_dist_1e8vcs8._.js:776
[  158094ms] [LOG] [Fast Refresh] done in 47ms @ http://localhost:3000/_next/static/chunks/node_modules_next_dist_1e8vcs8._.js:776
[  158144ms] [LOG] [Fast Refresh] done in 47ms @ http://localhost:3000/_next/static/chunks/node_modules_next_dist_1e8vcs8._.js:776
[  158192ms] [LOG] [Fast Refresh] done in 47ms @ http://localhost:3000/_next/static/chunks/node_modules_next_dist_1e8vcs8._.js:776
[  158241ms] [LOG] [Fast Refresh] done in 47ms @ http://localhost:3000/_next/static/chunks/node_modules_next_dist_1e8vcs8._.js:776
[  158289ms] [LOG] [Fast Refresh] done in 47ms @ http://localhost:3000/_next/static/chunks/node_modules_next_dist_1e8vcs8._.js:776
[  158338ms] [LOG] [Fast Refresh] done in 47ms @ http://localhost:3000/_next/static/chunks/node_modules_next_dist_1e8vcs8._.js:776
[  158385ms] [LOG] [Fast Refresh] done in 47ms @ http://localhost:3000/_next/static/chunks/node_modules_next_dist_1e8vcs8._.js:776
[  158434ms] [LOG] [Fast Refresh] done in 47ms @ http://localhost:3000/_next/static/chunks/node_modules_next_dist_1e8vcs8._.js:776
[  158481ms] [LOG] [Fast Refresh] done in 47ms @ http://localhost:3000/_next/static/chunks/node_modules_next_dist_1e8vcs8._.js:776
[  158529ms] [LOG] [Fast Refresh] done in 47ms @ http://localhost:3000/_next/static/chunks/node_modules_next_dist_1e8vcs8._.js:776
[  158577ms] [LOG] [Fast Refresh] done in 47ms @ http://localhost:3000/_next/static/chunks/node_modules_next_dist_1e8vcs8._.js:776
[  158624ms] [LOG] [Fast Refresh] done in 47ms @ http://localhost:3000/_next/static/chunks/node_modules_next_dist_1e8vcs8._.js:776
[  158671ms] [LOG] [Fast Refresh] done in 47ms @ http://localhost:3000/_next/static/chunks/node_modules_next_dist_1e8vcs8._.js:776
[  158718ms] [LOG] [Fast Refresh] done in 47ms @ http://localhost:3000/_next/static/chunks/node_modules_next_dist_1e8vcs8._.js:776
[  158765ms] [LOG] [Fast Refresh] done in 47ms @ http://localhost:3000/_next/static/chunks/node_modules_next_dist_1e8vcs8._.js:776
[  158813ms] [LOG] [Fast Refresh] done in 47ms @ http://localhost:3000/_next/static/chunks/node_modules_next_dist_1e8vcs8._.js:776
[  158860ms] [LOG] [Fast Refresh] done in 47ms @ http://localhost:3000/_next/static/chunks/node_modules_next_dist_1e8vcs8._.js:776
[  158906ms] [LOG] [Fast Refresh] done in 47ms @ http://localhost:3000/_next/static/chunks/node_modules_next_dist_1e8vcs8._.js:776
[  158953ms] [LOG] [Fast Refresh] done in 47ms @ http://localhost:3000/_next/static/chunks/node_modules_next_dist_1e8vcs8._.js:776
[  159000ms] [LOG] [Fast Refresh] done in 47ms @ http://localhost:3000/_next/static/chunks/node_modules_next_dist_1e8vcs8._.js:776
[  159047ms] [LOG] [Fast Refresh] done in 47ms @ http://localhost:3000/_next/static/chunks/node_modules_next_dist_1e8vcs8._.js:776
[  159093ms] [LOG] [Fast Refresh] done in 47ms @ http://localhost:3000/_next/static/chunks/node_modules_next_dist_1e8vcs8._.js:776
[  159141ms] [LOG] [Fast Refresh] done in 47ms @ http://localhost:3000/_next/static/chunks/node_modules_next_dist_1e8vcs8._.js:776
[  159187ms] [LOG] [Fast Refresh] done in 47ms @ http://localhost:3000/_next/static/chunks/node_modules_next_dist_1e8vcs8._.js:776
[  159233ms] [LOG] [Fast Refresh] done in 47ms @ http://localhost:3000/_next/static/chunks/node_modules_next_dist_1e8vcs8._.js:776
[  159280ms] [LOG] [Fast Refresh] done in 47ms @ http://localhost:3000/_next/static/chunks/node_modules_next_dist_1e8vcs8._.js:776
[  159327ms] [LOG] [Fast Refresh] done in 47ms @ http://localhost:3000/_next/static/chunks/node_modules_next_dist_1e8vcs8._.js:776
[  159375ms] [LOG] [Fast Refresh] done in 47ms @ http://localhost:3000/_next/static/chunks/node_modules_next_dist_1e8vcs8._.js:776
[  159422ms] [LOG] [Fast Refresh] done in 47ms @ http://localhost:3000/_next/static/chunks/node_modules_next_dist_1e8vcs8._.js:776
[  159470ms] [LOG] [Fast Refresh] done in 47ms @ http://localhost:3000/_next/static/chunks/node_modules_next_dist_1e8vcs8._.js:776
[  159512ms] [LOG] [Fast Refresh] done in 47ms @ http://localhost:3000/_next/static/chunks/node_modules_next_dist_1e8vcs8._.js:776
[  159559ms] [LOG] [Fast Refresh] done in 47ms @ http://localhost:3000/_next/static/chunks/node_modules_next_dist_1e8vcs8._.js:776
[  159606ms] [LOG] [Fast Refresh] done in 47ms @ http://localhost:3000/_next/static/chunks/node_modules_next_dist_1e8vcs8._.js:776
[  159653ms] [LOG] [Fast Refresh] done in 47ms @ http://localhost:3000/_next/static/chunks/node_modules_next_dist_1e8vcs8._.js:776
[  159701ms] [LOG] [Fast Refresh] done in 47ms @ http://localhost:3000/_next/static/chunks/node_modules_next_dist_1e8vcs8._.js:776
[  159749ms] [LOG] [Fast Refresh] done in 47ms @ http://localhost:3000/_next/static/chunks/node_modules_next_dist_1e8vcs8._.js:776
[  159796ms] [LOG] [Fast Refresh] done in 47ms @ http://localhost:3000/_next/static/chunks/node_modules_next_dist_1e8vcs8._.js:776
[  159843ms] [LOG] [Fast Refresh] done in 47ms @ http://localhost:3000/_next/static/chunks/node_modules_next_dist_1e8vcs8._.js:776
[  159890ms] [LOG] [Fast Refresh] done in 47ms @ http://localhost:3000/_next/static/chunks/node_modules_next_dist_1e8vcs8._.js:776
[  159937ms] [LOG] [Fast Refresh] done in 47ms @ http://localhost:3000/_next/static/chunks/node_modules_next_dist_1e8vcs8._.js:776
[  159985ms] [LOG] [Fast Refresh] done in 47ms @ http://localhost:3000/_next/static/chunks/node_modules_next_dist_1e8vcs8._.js:776
[  160031ms] [LOG] [Fast Refresh] done in 47ms @ http://localhost:3000/_next/static/chunks/node_modules_next_dist_1e8vcs8._.js:776
[  160079ms] [LOG] [Fast Refresh] done in 47ms @ http://localhost:3000/_next/static/chunks/node_modules_next_dist_1e8vcs8._.js:776
[  160126ms] [LOG] [Fast Refresh] done in 47ms @ http://localhost:3000/_next/static/chunks/node_modules_next_dist_1e8vcs8._.js:776
[  160173ms] [LOG] [Fast Refresh] done in 47ms @ http://localhost:3000/_next/static/chunks/node_modules_next_dist_1e8vcs8._.js:776
[  160220ms] [LOG] [Fast Refresh] done in 47ms @ http://localhost:3000/_next/static/chunks/node_modules_next_dist_1e8vcs8._.js:776
[  160268ms] [LOG] [Fast Refresh] done in 47ms @ http://localhost:3000/_next/static/chunks/node_modules_next_dist_1e8vcs8._.js:776
[  160315ms] [LOG] [Fast Refresh] done in 47ms @ http://localhost:3000/_next/static/chunks/node_modules_next_dist_1e8vcs8._.js:776
[  160363ms] [LOG] [Fast Refresh] done in 47ms @ http://localhost:3000/_next/static/chunks/node_modules_next_dist_1e8vcs8._.js:776
[  160411ms] [LOG] [Fast Refresh] done in 47ms @ http://localhost:3000/_next/static/chunks/node_modules_next_dist_1e8vcs8._.js:776
[  160458ms] [LOG] [Fast Refresh] done in 47ms @ http://localhost:3000/_next/static/chunks/node_modules_next_dist_1e8vcs8._.js:776
[  160505ms] [LOG] [Fast Refresh] done in 47ms @ http://localhost:3000/_next/static/chunks/node_modules_next_dist_1e8vcs8._.js:776
[  160553ms] [LOG] [Fast Refresh] done in 47ms @ http://localhost:3000/_next/static/chunks/node_modules_next_dist_1e8vcs8._.js:776
[  160601ms] [LOG] [Fast Refresh] done in 47ms @ http://localhost:3000/_next/static/chunks/node_modules_next_dist_1e8vcs8._.js:776
[  160649ms] [LOG] [Fast Refresh] done in 47ms @ http://localhost:3000/_next/static/chunks/node_modules_next_dist_1e8vcs8._.js:776
[  160710ms] [LOG] [Fast Refresh] done in 47ms @ http://localhost:3000/_next/static/chunks/node_modules_next_dist_1e8vcs8._.js:776
[  160756ms] [LOG] [Fast Refresh] done in 47ms @ http://localhost:3000/_next/static/chunks/node_modules_next_dist_1e8vcs8._.js:776
[  160803ms] [LOG] [Fast Refresh] done in 47ms @ http://localhost:3000/_next/static/chunks/node_modules_next_dist_1e8vcs8._.js:776
[  160850ms] [LOG] [Fast Refresh] done in 47ms @ http://localhost:3000/_next/static/chunks/node_modules_next_dist_1e8vcs8._.js:776
[  160896ms] [LOG] [Fast Refresh] done in 47ms @ http://localhost:3000/_next/static/chunks/node_modules_next_dist_1e8vcs8._.js:776
[  160944ms] [LOG] [Fast Refresh] done in 47ms @ http://localhost:3000/_next/static/chunks/node_modules_next_dist_1e8vcs8._.js:776
[  160991ms] [LOG] [Fast Refresh] done in 47ms @ http://localhost:3000/_next/static/chunks/node_modules_next_dist_1e8vcs8._.js:776
[  161037ms] [LOG] [Fast Refresh] done in 47ms @ http://localhost:3000/_next/static/chunks/node_modules_next_dist_1e8vcs8._.js:776
[  161084ms] [LOG] [Fast Refresh] done in 47ms @ http://localhost:3000/_next/static/chunks/node_modules_next_dist_1e8vcs8._.js:776
[  161132ms] [LOG] [Fast Refresh] done in 47ms @ http://localhost:3000/_next/static/chunks/node_modules_next_dist_1e8vcs8._.js:776
[  161179ms] [LOG] [Fast Refresh] done in 47ms @ http://localhost:3000/_next/static/chunks/node_modules_next_dist_1e8vcs8._.js:776
[  161227ms] [LOG] [Fast Refresh] done in 47ms @ http://localhost:3000/_next/static/chunks/node_modules_next_dist_1e8vcs8._.js:776
[  161275ms] [LOG] [Fast Refresh] done in 47ms @ http://localhost:3000/_next/static/chunks/node_modules_next_dist_1e8vcs8._.js:776
[  161322ms] [LOG] [Fast Refresh] done in 47ms @ http://localhost:3000/_next/static/chunks/node_modules_next_dist_1e8vcs8._.js:776
[  161368ms] [LOG] [Fast Refresh] done in 47ms @ http://localhost:3000/_next/static/chunks/node_modules_next_dist_1e8vcs8._.js:776
[  161416ms] [LOG] [Fast Refresh] done in 47ms @ http://localhost:3000/_next/static/chunks/node_modules_next_dist_1e8vcs8._.js:776
[  161463ms] [LOG] [Fast Refresh] done in 47ms @ http://localhost:3000/_next/static/chunks/node_modules_next_dist_1e8vcs8._.js:776
[  161510ms] [LOG] [Fast Refresh] done in 47ms @ http://localhost:3000/_next/static/chunks/node_modules_next_dist_1e8vcs8._.js:776
[  161558ms] [LOG] [Fast Refresh] done in 47ms @ http://localhost:3000/_next/static/chunks/node_modules_next_dist_1e8vcs8._.js:776
[  161605ms] [LOG] [Fast Refresh] done in 47ms @ http://localhost:3000/_next/static/chunks/node_modules_next_dist_1e8vcs8._.js:776
[  161652ms] [LOG] [Fast Refresh] done in 47ms @ http://localhost:3000/_next/static/chunks/node_modules_next_dist_1e8vcs8._.js:776
[  161703ms] [LOG] [Fast Refresh] done in 47ms @ http://localhost:3000/_next/static/chunks/node_modules_next_dist_1e8vcs8._.js:776
[  161751ms] [LOG] [Fast Refresh] done in 47ms @ http://localhost:3000/_next/static/chunks/node_modules_next_dist_1e8vcs8._.js:776
[  161799ms] [LOG] [Fast Refresh] done in 47ms @ http://localhost:3000/_next/static/chunks/node_modules_next_dist_1e8vcs8._.js:776
[  161846ms] [LOG] [Fast Refresh] done in 47ms @ http://localhost:3000/_next/static/chunks/node_modules_next_dist_1e8vcs8._.js:776
[  161892ms] [LOG] [Fast Refresh] done in 47ms @ http://localhost:3000/_next/static/chunks/node_modules_next_dist_1e8vcs8._.js:776
[  161938ms] [LOG] [Fast Refresh] done in 47ms @ http://localhost:3000/_next/static/chunks/node_modules_next_dist_1e8vcs8._.js:776
[  161985ms] [LOG] [Fast Refresh] done in 47ms @ http://localhost:3000/_next/static/chunks/node_modules_next_dist_1e8vcs8._.js:776
[  162034ms] [LOG] [Fast Refresh] done in 47ms @ http://localhost:3000/_next/static/chunks/node_modules_next_dist_1e8vcs8._.js:776
[  162081ms] [LOG] [Fast Refresh] done in 47ms @ http://localhost:3000/_next/static/chunks/node_modules_next_dist_1e8vcs8._.js:776
[  162129ms] [LOG] [Fast Refresh] done in 47ms @ http://localhost:3000/_next/static/chunks/node_modules_next_dist_1e8vcs8._.js:776
[  162176ms] [LOG] [Fast Refresh] done in 47ms @ http://localhost:3000/_next/static/chunks/node_modules_next_dist_1e8vcs8._.js:776
[  162223ms] [LOG] [Fast Refresh] done in 47ms @ http://localhost:3000/_next/static/chunks/node_modules_next_dist_1e8vcs8._.js:776
[  162270ms] [LOG] [Fast Refresh] done in 47ms @ http://localhost:3000/_next/static/chunks/node_modules_next_dist_1e8vcs8._.js:776
[  162318ms] [LOG] [Fast Refresh] done in 47ms @ http://localhost:3000/_next/static/chunks/node_modules_next_dist_1e8vcs8._.js:776
[  162364ms] [LOG] [Fast Refresh] done in 47ms @ http://localhost:3000/_next/static/chunks/node_modules_next_dist_1e8vcs8._.js:776
[  162410ms] [LOG] [Fast Refresh] done in 47ms @ http://localhost:3000/_next/static/chunks/node_modules_next_dist_1e8vcs8._.js:776
[  162457ms] [LOG] [Fast Refresh] done in 47ms @ http://localhost:3000/_next/static/chunks/node_modules_next_dist_1e8vcs8._.js:776
[  162504ms] [LOG] [Fast Refresh] done in 47ms @ http://localhost:3000/_next/static/chunks/node_modules_next_dist_1e8vcs8._.js:776
[  162550ms] [LOG] [Fast Refresh] done in 47ms @ http://localhost:3000/_next/static/chunks/node_modules_next_dist_1e8vcs8._.js:776
[  162598ms] [LOG] [Fast Refresh] done in 47ms @ http://localhost:3000/_next/static/chunks/node_modules_next_dist_1e8vcs8._.js:776
[  162645ms] [LOG] [Fast Refresh] done in 47ms @ http://localhost:3000/_next/static/chunks/node_modules_next_dist_1e8vcs8._.js:776
[  162692ms] [LOG] [Fast Refresh] done in 47ms @ http://localhost:3000/_next/static/chunks/node_modules_next_dist_1e8vcs8._.js:776
[  162739ms] [LOG] [Fast Refresh] done in 47ms @ http://localhost:3000/_next/static/chunks/node_modules_next_dist_1e8vcs8._.js:776
[  162786ms] [LOG] [Fast Refresh] done in 47ms @ http://localhost:3000/_next/static/chunks/node_modules_next_dist_1e8vcs8._.js:776
[  162833ms] [LOG] [Fast Refresh] done in 47ms @ http://localhost:3000/_next/static/chunks/node_modules_next_dist_1e8vcs8._.js:776
[  162881ms] [LOG] [Fast Refresh] done in 47ms @ http://localhost:3000/_next/static/chunks/node_modules_next_dist_1e8vcs8._.js:776
[  162929ms] [LOG] [Fast Refresh] done in 47ms @ http://localhost:3000/_next/static/chunks/node_modules_next_dist_1e8vcs8._.js:776
[  162977ms] [LOG] [Fast Refresh] done in 47ms @ http://localhost:3000/_next/static/chunks/node_modules_next_dist_1e8vcs8._.js:776
[  163024ms] [LOG] [Fast Refresh] done in 47ms @ http://localhost:3000/_next/static/chunks/node_modules_next_dist_1e8vcs8._.js:776
[  163071ms] [LOG] [Fast Refresh] done in 47ms @ http://localhost:3000/_next/static/chunks/node_modules_next_dist_1e8vcs8._.js:776
[  163117ms] [LOG] [Fast Refresh] done in 47ms @ http://localhost:3000/_next/static/chunks/node_modules_next_dist_1e8vcs8._.js:776
[  163164ms] [LOG] [Fast Refresh] done in 47ms @ http://localhost:3000/_next/static/chunks/node_modules_next_dist_1e8vcs8._.js:776
[  163211ms] [LOG] [Fast Refresh] done in 47ms @ http://localhost:3000/_next/static/chunks/node_modules_next_dist_1e8vcs8._.js:776
[  163260ms] [LOG] [Fast Refresh] done in 47ms @ http://localhost:3000/_next/static/chunks/node_modules_next_dist_1e8vcs8._.js:776
[  163307ms] [LOG] [Fast Refresh] done in 47ms @ http://localhost:3000/_next/static/chunks/node_modules_next_dist_1e8vcs8._.js:776
[  163355ms] [LOG] [Fast Refresh] done in 47ms @ http://localhost:3000/_next/static/chunks/node_modules_next_dist_1e8vcs8._.js:776
[  163404ms] [LOG] [Fast Refresh] done in 47ms @ http://localhost:3000/_next/static/chunks/node_modules_next_dist_1e8vcs8._.js:776
[  163452ms] [LOG] [Fast Refresh] done in 47ms @ http://localhost:3000/_next/static/chunks/node_modules_next_dist_1e8vcs8._.js:776
[  163498ms] [LOG] [Fast Refresh] done in 47ms @ http://localhost:3000/_next/static/chunks/node_modules_next_dist_1e8vcs8._.js:776
[  163546ms] [LOG] [Fast Refresh] done in 47ms @ http://localhost:3000/_next/static/chunks/node_modules_next_dist_1e8vcs8._.js:776
[  163593ms] [LOG] [Fast Refresh] done in 47ms @ http://localhost:3000/_next/static/chunks/node_modules_next_dist_1e8vcs8._.js:776
[  163639ms] [LOG] [Fast Refresh] done in 47ms @ http://localhost:3000/_next/static/chunks/node_modules_next_dist_1e8vcs8._.js:776
[  163685ms] [LOG] [Fast Refresh] done in 47ms @ http://localhost:3000/_next/static/chunks/node_modules_next_dist_1e8vcs8._.js:776
[  163732ms] [LOG] [Fast Refresh] done in 47ms @ http://localhost:3000/_next/static/chunks/node_modules_next_dist_1e8vcs8._.js:776
[  163779ms] [LOG] [Fast Refresh] done in 47ms @ http://localhost:3000/_next/static/chunks/node_modules_next_dist_1e8vcs8._.js:776
[  163825ms] [LOG] [Fast Refresh] done in 47ms @ http://localhost:3000/_next/static/chunks/node_modules_next_dist_1e8vcs8._.js:776
[  163872ms] [LOG] [Fast Refresh] done in 47ms @ http://localhost:3000/_next/static/chunks/node_modules_next_dist_1e8vcs8._.js:776
[  163919ms] [LOG] [Fast Refresh] done in 47ms @ http://localhost:3000/_next/static/chunks/node_modules_next_dist_1e8vcs8._.js:776
[  163966ms] [LOG] [Fast Refresh] done in 47ms @ http://localhost:3000/_next/static/chunks/node_modules_next_dist_1e8vcs8._.js:776
[  164013ms] [LOG] [Fast Refresh] done in 47ms @ http://localhost:3000/_next/static/chunks/node_modules_next_dist_1e8vcs8._.js:776
[  164060ms] [LOG] [Fast Refresh] done in 47ms @ http://localhost:3000/_next/static/chunks/node_modules_next_dist_1e8vcs8._.js:776
[  164108ms] [LOG] [Fast Refresh] done in 47ms @ http://localhost:3000/_next/static/chunks/node_modules_next_dist_1e8vcs8._.js:776
[  164155ms] [LOG] [Fast Refresh] done in 47ms @ http://localhost:3000/_next/static/chunks/node_modules_next_dist_1e8vcs8._.js:776
[  164202ms] [LOG] [Fast Refresh] done in 47ms @ http://localhost:3000/_next/static/chunks/node_modules_next_dist_1e8vcs8._.js:776
[  164249ms] [LOG] [Fast Refresh] done in 47ms @ http://localhost:3000/_next/static/chunks/node_modules_next_dist_1e8vcs8._.js:776
[  164296ms] [LOG] [Fast Refresh] done in 47ms @ http://localhost:3000/_next/static/chunks/node_modules_next_dist_1e8vcs8._.js:776
[  164342ms] [LOG] [Fast Refresh] done in 47ms @ http://localhost:3000/_next/static/chunks/node_modules_next_dist_1e8vcs8._.js:776
[  164389ms] [LOG] [Fast Refresh] done in 47ms @ http://localhost:3000/_next/static/chunks/node_modules_next_dist_1e8vcs8._.js:776
[  164437ms] [LOG] [Fast Refresh] done in 47ms @ http://localhost:3000/_next/static/chunks/node_modules_next_dist_1e8vcs8._.js:776
[  164484ms] [LOG] [Fast Refresh] done in 47ms @ http://localhost:3000/_next/static/chunks/node_modules_next_dist_1e8vcs8._.js:776
[  164530ms] [LOG] [Fast Refresh] done in 47ms @ http://localhost:3000/_next/static/chunks/node_modules_next_dist_1e8vcs8._.js:776
[  164576ms] [LOG] [Fast Refresh] done in 47ms @ http://localhost:3000/_next/static/chunks/node_modules_next_dist_1e8vcs8._.js:776
[  164623ms] [LOG] [Fast Refresh] done in 47ms @ http://localhost:3000/_next/static/chunks/node_modules_next_dist_1e8vcs8._.js:776
[  164670ms] [LOG] [Fast Refresh] done in 47ms @ http://localhost:3000/_next/static/chunks/node_modules_next_dist_1e8vcs8._.js:776
[  164717ms] [LOG] [Fast Refresh] done in 47ms @ http://localhost:3000/_next/static/chunks/node_modules_next_dist_1e8vcs8._.js:776
[  164765ms] [LOG] [Fast Refresh] done in 47ms @ http://localhost:3000/_next/static/chunks/node_modules_next_dist_1e8vcs8._.js:776
[  164812ms] [LOG] [Fast Refresh] done in 47ms @ http://localhost:3000/_next/static/chunks/node_modules_next_dist_1e8vcs8._.js:776
[  164859ms] [LOG] [Fast Refresh] done in 47ms @ http://localhost:3000/_next/static/chunks/node_modules_next_dist_1e8vcs8._.js:776
[  164906ms] [LOG] [Fast Refresh] done in 47ms @ http://localhost:3000/_next/static/chunks/node_modules_next_dist_1e8vcs8._.js:776
[  164954ms] [LOG] [Fast Refresh] done in 47ms @ http://localhost:3000/_next/static/chunks/node_modules_next_dist_1e8vcs8._.js:776
[  165001ms] [LOG] [Fast Refresh] done in 47ms @ http://localhost:3000/_next/static/chunks/node_modules_next_dist_1e8vcs8._.js:776
[  165047ms] [LOG] [Fast Refresh] done in 47ms @ http://localhost:3000/_next/static/chunks/node_modules_next_dist_1e8vcs8._.js:776
[  165095ms] [LOG] [Fast Refresh] done in 47ms @ http://localhost:3000/_next/static/chunks/node_modules_next_dist_1e8vcs8._.js:776
[  165142ms] [LOG] [Fast Refresh] done in 47ms @ http://localhost:3000/_next/static/chunks/node_modules_next_dist_1e8vcs8._.js:776
[  165188ms] [LOG] [Fast Refresh] done in 47ms @ http://localhost:3000/_next/static/chunks/node_modules_next_dist_1e8vcs8._.js:776
[  165235ms] [LOG] [Fast Refresh] done in 47ms @ http://localhost:3000/_next/static/chunks/node_modules_next_dist_1e8vcs8._.js:776
[  165281ms] [LOG] [Fast Refresh] done in 47ms @ http://localhost:3000/_next/static/chunks/node_modules_next_dist_1e8vcs8._.js:776
[  165329ms] [LOG] [Fast Refresh] done in 47ms @ http://localhost:3000/_next/static/chunks/node_modules_next_dist_1e8vcs8._.js:776
[  165376ms] [LOG] [Fast Refresh] done in 47ms @ http://localhost:3000/_next/static/chunks/node_modules_next_dist_1e8vcs8._.js:776
[  165423ms] [LOG] [Fast Refresh] done in 47ms @ http://localhost:3000/_next/static/chunks/node_modules_next_dist_1e8vcs8._.js:776
[  165472ms] [LOG] [Fast Refresh] done in 47ms @ http://localhost:3000/_next/static/chunks/node_modules_next_dist_1e8vcs8._.js:776
[  165519ms] [LOG] [Fast Refresh] done in 47ms @ http://localhost:3000/_next/static/chunks/node_modules_next_dist_1e8vcs8._.js:776
[  165567ms] [LOG] [Fast Refresh] done in 47ms @ http://localhost:3000/_next/static/chunks/node_modules_next_dist_1e8vcs8._.js:776
[  165613ms] [LOG] [Fast Refresh] done in 47ms @ http://localhost:3000/_next/static/chunks/node_modules_next_dist_1e8vcs8._.js:776
[  165659ms] [LOG] [Fast Refresh] done in 47ms @ http://localhost:3000/_next/static/chunks/node_modules_next_dist_1e8vcs8._.js:776
[  165707ms] [LOG] [Fast Refresh] done in 47ms @ http://localhost:3000/_next/static/chunks/node_modules_next_dist_1e8vcs8._.js:776
[  165754ms] [LOG] [Fast Refresh] done in 47ms @ http://localhost:3000/_next/static/chunks/node_modules_next_dist_1e8vcs8._.js:776
[  165801ms] [LOG] [Fast Refresh] done in 47ms @ http://localhost:3000/_next/static/chunks/node_modules_next_dist_1e8vcs8._.js:776
[  165848ms] [LOG] [Fast Refresh] done in 47ms @ http://localhost:3000/_next/static/chunks/node_modules_next_dist_1e8vcs8._.js:776
[  165895ms] [LOG] [Fast Refresh] done in 47ms @ http://localhost:3000/_next/static/chunks/node_modules_next_dist_1e8vcs8._.js:776
[  165942ms] [LOG] [Fast Refresh] done in 47ms @ http://localhost:3000/_next/static/chunks/node_modules_next_dist_1e8vcs8._.js:776
[  165989ms] [LOG] [Fast Refresh] done in 47ms @ http://localhost:3000/_next/static/chunks/node_modules_next_dist_1e8vcs8._.js:776
[  166036ms] [LOG] [Fast Refresh] done in 47ms @ http://localhost:3000/_next/static/chunks/node_modules_next_dist_1e8vcs8._.js:776
[  166083ms] [LOG] [Fast Refresh] done in 47ms @ http://localhost:3000/_next/static/chunks/node_modules_next_dist_1e8vcs8._.js:776
[  166130ms] [LOG] [Fast Refresh] done in 47ms @ http://localhost:3000/_next/static/chunks/node_modules_next_dist_1e8vcs8._.js:776
[  166177ms] [LOG] [Fast Refresh] done in 47ms @ http://localhost:3000/_next/static/chunks/node_modules_next_dist_1e8vcs8._.js:776
[  166225ms] [LOG] [Fast Refresh] done in 47ms @ http://localhost:3000/_next/static/chunks/node_modules_next_dist_1e8vcs8._.js:776
[  166273ms] [LOG] [Fast Refresh] done in 47ms @ http://localhost:3000/_next/static/chunks/node_modules_next_dist_1e8vcs8._.js:776
[  166321ms] [LOG] [Fast Refresh] done in 47ms @ http://localhost:3000/_next/static/chunks/node_modules_next_dist_1e8vcs8._.js:776
[  166367ms] [LOG] [Fast Refresh] done in 47ms @ http://localhost:3000/_next/static/chunks/node_modules_next_dist_1e8vcs8._.js:776
[  166412ms] [LOG] [Fast Refresh] done in 47ms @ http://localhost:3000/_next/static/chunks/node_modules_next_dist_1e8vcs8._.js:776
[  166458ms] [LOG] [Fast Refresh] done in 47ms @ http://localhost:3000/_next/static/chunks/node_modules_next_dist_1e8vcs8._.js:776
[  166505ms] [LOG] [Fast Refresh] done in 47ms @ http://localhost:3000/_next/static/chunks/node_modules_next_dist_1e8vcs8._.js:776
[  166552ms] [LOG] [Fast Refresh] done in 47ms @ http://localhost:3000/_next/static/chunks/node_modules_next_dist_1e8vcs8._.js:776
[  166598ms] [LOG] [Fast Refresh] done in 47ms @ http://localhost:3000/_next/static/chunks/node_modules_next_dist_1e8vcs8._.js:776
[  166645ms] [LOG] [Fast Refresh] done in 47ms @ http://localhost:3000/_next/static/chunks/node_modules_next_dist_1e8vcs8._.js:776
[  166693ms] [LOG] [Fast Refresh] done in 47ms @ http://localhost:3000/_next/static/chunks/node_modules_next_dist_1e8vcs8._.js:776
[  166740ms] [LOG] [Fast Refresh] done in 47ms @ http://localhost:3000/_next/static/chunks/node_modules_next_dist_1e8vcs8._.js:776
[  166788ms] [LOG] [Fast Refresh] done in 47ms @ http://localhost:3000/_next/static/chunks/node_modules_next_dist_1e8vcs8._.js:776
[  166834ms] [LOG] [Fast Refresh] done in 47ms @ http://localhost:3000/_next/static/chunks/node_modules_next_dist_1e8vcs8._.js:776
[  166880ms] [LOG] [Fast Refresh] done in 47ms @ http://localhost:3000/_next/static/chunks/node_modules_next_dist_1e8vcs8._.js:776
[  166928ms] [LOG] [Fast Refresh] done in 47ms @ http://localhost:3000/_next/static/chunks/node_modules_next_dist_1e8vcs8._.js:776
[  166975ms] [LOG] [Fast Refresh] done in 47ms @ http://localhost:3000/_next/static/chunks/node_modules_next_dist_1e8vcs8._.js:776
[  167022ms] [LOG] [Fast Refresh] done in 47ms @ http://localhost:3000/_next/static/chunks/node_modules_next_dist_1e8vcs8._.js:776
[  167070ms] [LOG] [Fast Refresh] done in 47ms @ http://localhost:3000/_next/static/chunks/node_modules_next_dist_1e8vcs8._.js:776
[  167117ms] [LOG] [Fast Refresh] done in 47ms @ http://localhost:3000/_next/static/chunks/node_modules_next_dist_1e8vcs8._.js:776
[  167164ms] [LOG] [Fast Refresh] done in 47ms @ http://localhost:3000/_next/static/chunks/node_modules_next_dist_1e8vcs8._.js:776
[  167212ms] [LOG] [Fast Refresh] done in 47ms @ http://localhost:3000/_next/static/chunks/node_modules_next_dist_1e8vcs8._.js:776
[  167260ms] [LOG] [Fast Refresh] done in 47ms @ http://localhost:3000/_next/static/chunks/node_modules_next_dist_1e8vcs8._.js:776
[  167307ms] [LOG] [Fast Refresh] done in 47ms @ http://localhost:3000/_next/static/chunks/node_modules_next_dist_1e8vcs8._.js:776
[  167354ms] [LOG] [Fast Refresh] done in 47ms @ http://localhost:3000/_next/static/chunks/node_modules_next_dist_1e8vcs8._.js:776
[  167400ms] [LOG] [Fast Refresh] done in 47ms @ http://localhost:3000/_next/static/chunks/node_modules_next_dist_1e8vcs8._.js:776
[  167447ms] [LOG] [Fast Refresh] done in 47ms @ http://localhost:3000/_next/static/chunks/node_modules_next_dist_1e8vcs8._.js:776
[  167495ms] [LOG] [Fast Refresh] done in 47ms @ http://localhost:3000/_next/static/chunks/node_modules_next_dist_1e8vcs8._.js:776
[  167542ms] [LOG] [Fast Refresh] done in 47ms @ http://localhost:3000/_next/static/chunks/node_modules_next_dist_1e8vcs8._.js:776
[  167590ms] [LOG] [Fast Refresh] done in 47ms @ http://localhost:3000/_next/static/chunks/node_modules_next_dist_1e8vcs8._.js:776
[  167637ms] [LOG] [Fast Refresh] done in 47ms @ http://localhost:3000/_next/static/chunks/node_modules_next_dist_1e8vcs8._.js:776
[  167683ms] [LOG] [Fast Refresh] done in 47ms @ http://localhost:3000/_next/static/chunks/node_modules_next_dist_1e8vcs8._.js:776
[  167733ms] [LOG] [Fast Refresh] done in 47ms @ http://localhost:3000/_next/static/chunks/node_modules_next_dist_1e8vcs8._.js:776
[  167780ms] [LOG] [Fast Refresh] done in 47ms @ http://localhost:3000/_next/static/chunks/node_modules_next_dist_1e8vcs8._.js:776
[  167828ms] [LOG] [Fast Refresh] done in 47ms @ http://localhost:3000/_next/static/chunks/node_modules_next_dist_1e8vcs8._.js:776
[  167875ms] [LOG] [Fast Refresh] done in 47ms @ http://localhost:3000/_next/static/chunks/node_modules_next_dist_1e8vcs8._.js:776
[  167922ms] [LOG] [Fast Refresh] done in 47ms @ http://localhost:3000/_next/static/chunks/node_modules_next_dist_1e8vcs8._.js:776
[  167969ms] [LOG] [Fast Refresh] done in 47ms @ http://localhost:3000/_next/static/chunks/node_modules_next_dist_1e8vcs8._.js:776
[  168018ms] [LOG] [Fast Refresh] done in 47ms @ http://localhost:3000/_next/static/chunks/node_modules_next_dist_1e8vcs8._.js:776
[  168065ms] [LOG] [Fast Refresh] done in 47ms @ http://localhost:3000/_next/static/chunks/node_modules_next_dist_1e8vcs8._.js:776
[  168112ms] [LOG] [Fast Refresh] done in 47ms @ http://localhost:3000/_next/static/chunks/node_modules_next_dist_1e8vcs8._.js:776
[  168159ms] [LOG] [Fast Refresh] done in 47ms @ http://localhost:3000/_next/static/chunks/node_modules_next_dist_1e8vcs8._.js:776
[  168205ms] [LOG] [Fast Refresh] done in 47ms @ http://localhost:3000/_next/static/chunks/node_modules_next_dist_1e8vcs8._.js:776
[  168253ms] [LOG] [Fast Refresh] done in 47ms @ http://localhost:3000/_next/static/chunks/node_modules_next_dist_1e8vcs8._.js:776
[  168300ms] [LOG] [Fast Refresh] done in 47ms @ http://localhost:3000/_next/static/chunks/node_modules_next_dist_1e8vcs8._.js:776
[  168347ms] [LOG] [Fast Refresh] done in 47ms @ http://localhost:3000/_next/static/chunks/node_modules_next_dist_1e8vcs8._.js:776
[  168393ms] [LOG] [Fast Refresh] done in 47ms @ http://localhost:3000/_next/static/chunks/node_modules_next_dist_1e8vcs8._.js:776
[  168440ms] [LOG] [Fast Refresh] done in 47ms @ http://localhost:3000/_next/static/chunks/node_modules_next_dist_1e8vcs8._.js:776
[  168486ms] [LOG] [Fast Refresh] done in 47ms @ http://localhost:3000/_next/static/chunks/node_modules_next_dist_1e8vcs8._.js:776
[  168534ms] [LOG] [Fast Refresh] done in 47ms @ http://localhost:3000/_next/static/chunks/node_modules_next_dist_1e8vcs8._.js:776
[  168581ms] [LOG] [Fast Refresh] done in 47ms @ http://localhost:3000/_next/static/chunks/node_modules_next_dist_1e8vcs8._.js:776
[  168629ms] [LOG] [Fast Refresh] done in 47ms @ http://localhost:3000/_next/static/chunks/node_modules_next_dist_1e8vcs8._.js:776
[  168677ms] [LOG] [Fast Refresh] done in 47ms @ http://localhost:3000/_next/static/chunks/node_modules_next_dist_1e8vcs8._.js:776
[  168724ms] [LOG] [Fast Refresh] done in 47ms @ http://localhost:3000/_next/static/chunks/node_modules_next_dist_1e8vcs8._.js:776
[  168772ms] [LOG] [Fast Refresh] done in 47ms @ http://localhost:3000/_next/static/chunks/node_modules_next_dist_1e8vcs8._.js:776
[  168818ms] [LOG] [Fast Refresh] done in 47ms @ http://localhost:3000/_next/static/chunks/node_modules_next_dist_1e8vcs8._.js:776
[  168866ms] [LOG] [Fast Refresh] done in 47ms @ http://localhost:3000/_next/static/chunks/node_modules_next_dist_1e8vcs8._.js:776
[  168914ms] [LOG] [Fast Refresh] done in 47ms @ http://localhost:3000/_next/static/chunks/node_modules_next_dist_1e8vcs8._.js:776
[  168961ms] [LOG] [Fast Refresh] done in 47ms @ http://localhost:3000/_next/static/chunks/node_modules_next_dist_1e8vcs8._.js:776
[  169008ms] [LOG] [Fast Refresh] done in 47ms @ http://localhost:3000/_next/static/chunks/node_modules_next_dist_1e8vcs8._.js:776
[  169055ms] [LOG] [Fast Refresh] done in 47ms @ http://localhost:3000/_next/static/chunks/node_modules_next_dist_1e8vcs8._.js:776
[  169102ms] [LOG] [Fast Refresh] done in 47ms @ http://localhost:3000/_next/static/chunks/node_modules_next_dist_1e8vcs8._.js:776
[  169148ms] [LOG] [Fast Refresh] done in 47ms @ http://localhost:3000/_next/static/chunks/node_modules_next_dist_1e8vcs8._.js:776
[  169196ms] [LOG] [Fast Refresh] done in 47ms @ http://localhost:3000/_next/static/chunks/node_modules_next_dist_1e8vcs8._.js:776
[  169243ms] [LOG] [Fast Refresh] done in 47ms @ http://localhost:3000/_next/static/chunks/node_modules_next_dist_1e8vcs8._.js:776
[  169291ms] [LOG] [Fast Refresh] done in 47ms @ http://localhost:3000/_next/static/chunks/node_modules_next_dist_1e8vcs8._.js:776
[  169338ms] [LOG] [Fast Refresh] done in 47ms @ http://localhost:3000/_next/static/chunks/node_modules_next_dist_1e8vcs8._.js:776
[  169385ms] [LOG] [Fast Refresh] done in 47ms @ http://localhost:3000/_next/static/chunks/node_modules_next_dist_1e8vcs8._.js:776
[  169432ms] [LOG] [Fast Refresh] done in 47ms @ http://localhost:3000/_next/static/chunks/node_modules_next_dist_1e8vcs8._.js:776
[  169479ms] [LOG] [Fast Refresh] done in 47ms @ http://localhost:3000/_next/static/chunks/node_modules_next_dist_1e8vcs8._.js:776
[  169526ms] [LOG] [Fast Refresh] done in 47ms @ http://localhost:3000/_next/static/chunks/node_modules_next_dist_1e8vcs8._.js:776
[  169573ms] [LOG] [Fast Refresh] done in 47ms @ http://localhost:3000/_next/static/chunks/node_modules_next_dist_1e8vcs8._.js:776
[  169620ms] [LOG] [Fast Refresh] done in 47ms @ http://localhost:3000/_next/static/chunks/node_modules_next_dist_1e8vcs8._.js:776
[  169667ms] [LOG] [Fast Refresh] done in 47ms @ http://localhost:3000/_next/static/chunks/node_modules_next_dist_1e8vcs8._.js:776
[  169714ms] [LOG] [Fast Refresh] done in 47ms @ http://localhost:3000/_next/static/chunks/node_modules_next_dist_1e8vcs8._.js:776
[  169761ms] [LOG] [Fast Refresh] done in 47ms @ http://localhost:3000/_next/static/chunks/node_modules_next_dist_1e8vcs8._.js:776
[  169807ms] [LOG] [Fast Refresh] done in 47ms @ http://localhost:3000/_next/static/chunks/node_modules_next_dist_1e8vcs8._.js:776
[  169854ms] [LOG] [Fast Refresh] done in 47ms @ http://localhost:3000/_next/static/chunks/node_modules_next_dist_1e8vcs8._.js:776
[  169901ms] [LOG] [Fast Refresh] done in 47ms @ http://localhost:3000/_next/static/chunks/node_modules_next_dist_1e8vcs8._.js:776
[  169948ms] [LOG] [Fast Refresh] done in 47ms @ http://localhost:3000/_next/static/chunks/node_modules_next_dist_1e8vcs8._.js:776
[  169995ms] [LOG] [Fast Refresh] done in 47ms @ http://localhost:3000/_next/static/chunks/node_modules_next_dist_1e8vcs8._.js:776
[  170042ms] [LOG] [Fast Refresh] done in 47ms @ http://localhost:3000/_next/static/chunks/node_modules_next_dist_1e8vcs8._.js:776
[  170088ms] [LOG] [Fast Refresh] done in 47ms @ http://localhost:3000/_next/static/chunks/node_modules_next_dist_1e8vcs8._.js:776
[  170135ms] [LOG] [Fast Refresh] done in 47ms @ http://localhost:3000/_next/static/chunks/node_modules_next_dist_1e8vcs8._.js:776
[  170182ms] [LOG] [Fast Refresh] done in 47ms @ http://localhost:3000/_next/static/chunks/node_modules_next_dist_1e8vcs8._.js:776
[  170229ms] [LOG] [Fast Refresh] done in 47ms @ http://localhost:3000/_next/static/chunks/node_modules_next_dist_1e8vcs8._.js:776
[  170276ms] [LOG] [Fast Refresh] done in 47ms @ http://localhost:3000/_next/static/chunks/node_modules_next_dist_1e8vcs8._.js:776
[  170323ms] [LOG] [Fast Refresh] done in 47ms @ http://localhost:3000/_next/static/chunks/node_modules_next_dist_1e8vcs8._.js:776
[  170369ms] [LOG] [Fast Refresh] done in 47ms @ http://localhost:3000/_next/static/chunks/node_modules_next_dist_1e8vcs8._.js:776
[  170416ms] [LOG] [Fast Refresh] done in 47ms @ http://localhost:3000/_next/static/chunks/node_modules_next_dist_1e8vcs8._.js:776
[  170463ms] [LOG] [Fast Refresh] done in 47ms @ http://localhost:3000/_next/static/chunks/node_modules_next_dist_1e8vcs8._.js:776
[  170509ms] [LOG] [Fast Refresh] done in 47ms @ http://localhost:3000/_next/static/chunks/node_modules_next_dist_1e8vcs8._.js:776
[  170557ms] [LOG] [Fast Refresh] done in 47ms @ http://localhost:3000/_next/static/chunks/node_modules_next_dist_1e8vcs8._.js:776
[  170603ms] [LOG] [Fast Refresh] done in 47ms @ http://localhost:3000/_next/static/chunks/node_modules_next_dist_1e8vcs8._.js:776
[  170651ms] [LOG] [Fast Refresh] done in 47ms @ http://localhost:3000/_next/static/chunks/node_modules_next_dist_1e8vcs8._.js:776
[  170698ms] [LOG] [Fast Refresh] done in 47ms @ http://localhost:3000/_next/static/chunks/node_modules_next_dist_1e8vcs8._.js:776
[  170744ms] [LOG] [Fast Refresh] done in 47ms @ http://localhost:3000/_next/static/chunks/node_modules_next_dist_1e8vcs8._.js:776
[  170792ms] [LOG] [Fast Refresh] done in 47ms @ http://localhost:3000/_next/static/chunks/node_modules_next_dist_1e8vcs8._.js:776
[  170838ms] [LOG] [Fast Refresh] done in 47ms @ http://localhost:3000/_next/static/chunks/node_modules_next_dist_1e8vcs8._.js:776
[  170886ms] [LOG] [Fast Refresh] done in 47ms @ http://localhost:3000/_next/static/chunks/node_modules_next_dist_1e8vcs8._.js:776
[  170932ms] [LOG] [Fast Refresh] done in 47ms @ http://localhost:3000/_next/static/chunks/node_modules_next_dist_1e8vcs8._.js:776
[  170979ms] [LOG] [Fast Refresh] done in 47ms @ http://localhost:3000/_next/static/chunks/node_modules_next_dist_1e8vcs8._.js:776
[  171027ms] [LOG] [Fast Refresh] done in 47ms @ http://localhost:3000/_next/static/chunks/node_modules_next_dist_1e8vcs8._.js:776
[  171073ms] [LOG] [Fast Refresh] done in 47ms @ http://localhost:3000/_next/static/chunks/node_modules_next_dist_1e8vcs8._.js:776
[  171120ms] [LOG] [Fast Refresh] done in 47ms @ http://localhost:3000/_next/static/chunks/node_modules_next_dist_1e8vcs8._.js:776
[  171167ms] [LOG] [Fast Refresh] done in 47ms @ http://localhost:3000/_next/static/chunks/node_modules_next_dist_1e8vcs8._.js:776
[  171214ms] [LOG] [Fast Refresh] done in 47ms @ http://localhost:3000/_next/static/chunks/node_modules_next_dist_1e8vcs8._.js:776
[  171261ms] [LOG] [Fast Refresh] done in 47ms @ http://localhost:3000/_next/static/chunks/node_modules_next_dist_1e8vcs8._.js:776
[  171309ms] [LOG] [Fast Refresh] done in 47ms @ http://localhost:3000/_next/static/chunks/node_modules_next_dist_1e8vcs8._.js:776
[  171356ms] [LOG] [Fast Refresh] done in 47ms @ http://localhost:3000/_next/static/chunks/node_modules_next_dist_1e8vcs8._.js:776
[  171403ms] [LOG] [Fast Refresh] done in 47ms @ http://localhost:3000/_next/static/chunks/node_modules_next_dist_1e8vcs8._.js:776
[  171451ms] [LOG] [Fast Refresh] done in 47ms @ http://localhost:3000/_next/static/chunks/node_modules_next_dist_1e8vcs8._.js:776
[  171498ms] [LOG] [Fast Refresh] done in 47ms @ http://localhost:3000/_next/static/chunks/node_modules_next_dist_1e8vcs8._.js:776
[  171545ms] [LOG] [Fast Refresh] done in 47ms @ http://localhost:3000/_next/static/chunks/node_modules_next_dist_1e8vcs8._.js:776
[  171592ms] [LOG] [Fast Refresh] done in 47ms @ http://localhost:3000/_next/static/chunks/node_modules_next_dist_1e8vcs8._.js:776
[  171639ms] [LOG] [Fast Refresh] done in 47ms @ http://localhost:3000/_next/static/chunks/node_modules_next_dist_1e8vcs8._.js:776
[  171687ms] [LOG] [Fast Refresh] done in 47ms @ http://localhost:3000/_next/static/chunks/node_modules_next_dist_1e8vcs8._.js:776
[  171733ms] [LOG] [Fast Refresh] done in 47ms @ http://localhost:3000/_next/static/chunks/node_modules_next_dist_1e8vcs8._.js:776
[  171780ms] [LOG] [Fast Refresh] done in 47ms @ http://localhost:3000/_next/static/chunks/node_modules_next_dist_1e8vcs8._.js:776
[  171825ms] [LOG] [Fast Refresh] done in 47ms @ http://localhost:3000/_next/static/chunks/node_modules_next_dist_1e8vcs8._.js:776
[  171872ms] [LOG] [Fast Refresh] done in 47ms @ http://localhost:3000/_next/static/chunks/node_modules_next_dist_1e8vcs8._.js:776
[  171919ms] [LOG] [Fast Refresh] done in 47ms @ http://localhost:3000/_next/static/chunks/node_modules_next_dist_1e8vcs8._.js:776
[  171966ms] [LOG] [Fast Refresh] done in 47ms @ http://localhost:3000/_next/static/chunks/node_modules_next_dist_1e8vcs8._.js:776
[  172013ms] [LOG] [Fast Refresh] done in 47ms @ http://localhost:3000/_next/static/chunks/node_modules_next_dist_1e8vcs8._.js:776
[  172060ms] [LOG] [Fast Refresh] done in 47ms @ http://localhost:3000/_next/static/chunks/node_modules_next_dist_1e8vcs8._.js:776
[  172108ms] [LOG] [Fast Refresh] done in 47ms @ http://localhost:3000/_next/static/chunks/node_modules_next_dist_1e8vcs8._.js:776
[  172154ms] [LOG] [Fast Refresh] done in 47ms @ http://localhost:3000/_next/static/chunks/node_modules_next_dist_1e8vcs8._.js:776
[  172201ms] [LOG] [Fast Refresh] done in 47ms @ http://localhost:3000/_next/static/chunks/node_modules_next_dist_1e8vcs8._.js:776
[  172248ms] [LOG] [Fast Refresh] done in 47ms @ http://localhost:3000/_next/static/chunks/node_modules_next_dist_1e8vcs8._.js:776
[  172295ms] [LOG] [Fast Refresh] done in 47ms @ http://localhost:3000/_next/static/chunks/node_modules_next_dist_1e8vcs8._.js:776
[  172342ms] [LOG] [Fast Refresh] done in 47ms @ http://localhost:3000/_next/static/chunks/node_modules_next_dist_1e8vcs8._.js:776
[  172389ms] [LOG] [Fast Refresh] done in 47ms @ http://localhost:3000/_next/static/chunks/node_modules_next_dist_1e8vcs8._.js:776
[  172437ms] [LOG] [Fast Refresh] done in 47ms @ http://localhost:3000/_next/static/chunks/node_modules_next_dist_1e8vcs8._.js:776
[  172484ms] [LOG] [Fast Refresh] done in 47ms @ http://localhost:3000/_next/static/chunks/node_modules_next_dist_1e8vcs8._.js:776
[  172531ms] [LOG] [Fast Refresh] done in 47ms @ http://localhost:3000/_next/static/chunks/node_modules_next_dist_1e8vcs8._.js:776
[  172580ms] [LOG] [Fast Refresh] done in 47ms @ http://localhost:3000/_next/static/chunks/node_modules_next_dist_1e8vcs8._.js:776
[  172626ms] [LOG] [Fast Refresh] done in 47ms @ http://localhost:3000/_next/static/chunks/node_modules_next_dist_1e8vcs8._.js:776
[  172674ms] [LOG] [Fast Refresh] done in 47ms @ http://localhost:3000/_next/static/chunks/node_modules_next_dist_1e8vcs8._.js:776
[  172721ms] [LOG] [Fast Refresh] done in 47ms @ http://localhost:3000/_next/static/chunks/node_modules_next_dist_1e8vcs8._.js:776
[  172769ms] [LOG] [Fast Refresh] done in 47ms @ http://localhost:3000/_next/static/chunks/node_modules_next_dist_1e8vcs8._.js:776
[  172816ms] [LOG] [Fast Refresh] done in 47ms @ http://localhost:3000/_next/static/chunks/node_modules_next_dist_1e8vcs8._.js:776
[  172862ms] [LOG] [Fast Refresh] done in 47ms @ http://localhost:3000/_next/static/chunks/node_modules_next_dist_1e8vcs8._.js:776
[  172909ms] [LOG] [Fast Refresh] done in 47ms @ http://localhost:3000/_next/static/chunks/node_modules_next_dist_1e8vcs8._.js:776
[  172956ms] [LOG] [Fast Refresh] done in 47ms @ http://localhost:3000/_next/static/chunks/node_modules_next_dist_1e8vcs8._.js:776
[  173002ms] [LOG] [Fast Refresh] done in 47ms @ http://localhost:3000/_next/static/chunks/node_modules_next_dist_1e8vcs8._.js:776
[  173048ms] [LOG] [Fast Refresh] done in 47ms @ http://localhost:3000/_next/static/chunks/node_modules_next_dist_1e8vcs8._.js:776
[  173096ms] [LOG] [Fast Refresh] done in 47ms @ http://localhost:3000/_next/static/chunks/node_modules_next_dist_1e8vcs8._.js:776
[  173142ms] [LOG] [Fast Refresh] done in 47ms @ http://localhost:3000/_next/static/chunks/node_modules_next_dist_1e8vcs8._.js:776
[  173190ms] [LOG] [Fast Refresh] done in 47ms @ http://localhost:3000/_next/static/chunks/node_modules_next_dist_1e8vcs8._.js:776
[  173237ms] [LOG] [Fast Refresh] done in 47ms @ http://localhost:3000/_next/static/chunks/node_modules_next_dist_1e8vcs8._.js:776
[  173285ms] [LOG] [Fast Refresh] done in 47ms @ http://localhost:3000/_next/static/chunks/node_modules_next_dist_1e8vcs8._.js:776
[  173332ms] [LOG] [Fast Refresh] done in 47ms @ http://localhost:3000/_next/static/chunks/node_modules_next_dist_1e8vcs8._.js:776
[  173379ms] [LOG] [Fast Refresh] done in 47ms @ http://localhost:3000/_next/static/chunks/node_modules_next_dist_1e8vcs8._.js:776
[  173426ms] [LOG] [Fast Refresh] done in 47ms @ http://localhost:3000/_next/static/chunks/node_modules_next_dist_1e8vcs8._.js:776
[  173473ms] [LOG] [Fast Refresh] done in 47ms @ http://localhost:3000/_next/static/chunks/node_modules_next_dist_1e8vcs8._.js:776
[  173519ms] [LOG] [Fast Refresh] done in 47ms @ http://localhost:3000/_next/static/chunks/node_modules_next_dist_1e8vcs8._.js:776
[  173567ms] [LOG] [Fast Refresh] done in 47ms @ http://localhost:3000/_next/static/chunks/node_modules_next_dist_1e8vcs8._.js:776
[  173614ms] [LOG] [Fast Refresh] done in 47ms @ http://localhost:3000/_next/static/chunks/node_modules_next_dist_1e8vcs8._.js:776
[  173661ms] [LOG] [Fast Refresh] done in 47ms @ http://localhost:3000/_next/static/chunks/node_modules_next_dist_1e8vcs8._.js:776
[  173708ms] [LOG] [Fast Refresh] done in 47ms @ http://localhost:3000/_next/static/chunks/node_modules_next_dist_1e8vcs8._.js:776
[  173755ms] [LOG] [Fast Refresh] done in 47ms @ http://localhost:3000/_next/static/chunks/node_modules_next_dist_1e8vcs8._.js:776
[  173803ms] [LOG] [Fast Refresh] done in 47ms @ http://localhost:3000/_next/static/chunks/node_modules_next_dist_1e8vcs8._.js:776
[  173850ms] [LOG] [Fast Refresh] done in 47ms @ http://localhost:3000/_next/static/chunks/node_modules_next_dist_1e8vcs8._.js:776
[  173897ms] [LOG] [Fast Refresh] done in 47ms @ http://localhost:3000/_next/static/chunks/node_modules_next_dist_1e8vcs8._.js:776
[  173945ms] [LOG] [Fast Refresh] done in 47ms @ http://localhost:3000/_next/static/chunks/node_modules_next_dist_1e8vcs8._.js:776
[  173991ms] [LOG] [Fast Refresh] done in 47ms @ http://localhost:3000/_next/static/chunks/node_modules_next_dist_1e8vcs8._.js:776
[  174038ms] [LOG] [Fast Refresh] done in 47ms @ http://localhost:3000/_next/static/chunks/node_modules_next_dist_1e8vcs8._.js:776
[  174085ms] [LOG] [Fast Refresh] done in 47ms @ http://localhost:3000/_next/static/chunks/node_modules_next_dist_1e8vcs8._.js:776
[  174130ms] [LOG] [Fast Refresh] done in 47ms @ http://localhost:3000/_next/static/chunks/node_modules_next_dist_1e8vcs8._.js:776
[  174178ms] [LOG] [Fast Refresh] done in 47ms @ http://localhost:3000/_next/static/chunks/node_modules_next_dist_1e8vcs8._.js:776
[  174224ms] [LOG] [Fast Refresh] done in 47ms @ http://localhost:3000/_next/static/chunks/node_modules_next_dist_1e8vcs8._.js:776
[  174272ms] [LOG] [Fast Refresh] done in 47ms @ http://localhost:3000/_next/static/chunks/node_modules_next_dist_1e8vcs8._.js:776
[  174319ms] [LOG] [Fast Refresh] done in 47ms @ http://localhost:3000/_next/static/chunks/node_modules_next_dist_1e8vcs8._.js:776
[  174365ms] [LOG] [Fast Refresh] done in 47ms @ http://localhost:3000/_next/static/chunks/node_modules_next_dist_1e8vcs8._.js:776
[  174412ms] [LOG] [Fast Refresh] done in 47ms @ http://localhost:3000/_next/static/chunks/node_modules_next_dist_1e8vcs8._.js:776
[  174459ms] [LOG] [Fast Refresh] done in 47ms @ http://localhost:3000/_next/static/chunks/node_modules_next_dist_1e8vcs8._.js:776
[  174507ms] [LOG] [Fast Refresh] done in 47ms @ http://localhost:3000/_next/static/chunks/node_modules_next_dist_1e8vcs8._.js:776
[  174554ms] [LOG] [Fast Refresh] done in 47ms @ http://localhost:3000/_next/static/chunks/node_modules_next_dist_1e8vcs8._.js:776
[  174601ms] [LOG] [Fast Refresh] done in 47ms @ http://localhost:3000/_next/static/chunks/node_modules_next_dist_1e8vcs8._.js:776
[  174647ms] [LOG] [Fast Refresh] done in 47ms @ http://localhost:3000/_next/static/chunks/node_modules_next_dist_1e8vcs8._.js:776
[  174689ms] [LOG] [Fast Refresh] done in 47ms @ http://localhost:3000/_next/static/chunks/node_modules_next_dist_1e8vcs8._.js:776
[  174736ms] [LOG] [Fast Refresh] done in 47ms @ http://localhost:3000/_next/static/chunks/node_modules_next_dist_1e8vcs8._.js:776
[  174784ms] [LOG] [Fast Refresh] done in 47ms @ http://localhost:3000/_next/static/chunks/node_modules_next_dist_1e8vcs8._.js:776
[  174830ms] [LOG] [Fast Refresh] done in 47ms @ http://localhost:3000/_next/static/chunks/node_modules_next_dist_1e8vcs8._.js:776
[  174877ms] [LOG] [Fast Refresh] done in 47ms @ http://localhost:3000/_next/static/chunks/node_modules_next_dist_1e8vcs8._.js:776
[  174926ms] [LOG] [Fast Refresh] done in 47ms @ http://localhost:3000/_next/static/chunks/node_modules_next_dist_1e8vcs8._.js:776
[  174969ms] [LOG] [Fast Refresh] done in 47ms @ http://localhost:3000/_next/static/chunks/node_modules_next_dist_1e8vcs8._.js:776
[  175016ms] [LOG] [Fast Refresh] done in 47ms @ http://localhost:3000/_next/static/chunks/node_modules_next_dist_1e8vcs8._.js:776
[  175063ms] [LOG] [Fast Refresh] done in 47ms @ http://localhost:3000/_next/static/chunks/node_modules_next_dist_1e8vcs8._.js:776
[  175110ms] [LOG] [Fast Refresh] done in 47ms @ http://localhost:3000/_next/static/chunks/node_modules_next_dist_1e8vcs8._.js:776
[  175155ms] [LOG] [Fast Refresh] done in 47ms @ http://localhost:3000/_next/static/chunks/node_modules_next_dist_1e8vcs8._.js:776
[  175202ms] [LOG] [Fast Refresh] done in 47ms @ http://localhost:3000/_next/static/chunks/node_modules_next_dist_1e8vcs8._.js:776
[  175251ms] [LOG] [Fast Refresh] done in 47ms @ http://localhost:3000/_next/static/chunks/node_modules_next_dist_1e8vcs8._.js:776
[  175297ms] [LOG] [Fast Refresh] done in 47ms @ http://localhost:3000/_next/static/chunks/node_modules_next_dist_1e8vcs8._.js:776
[  175343ms] [LOG] [Fast Refresh] done in 47ms @ http://localhost:3000/_next/static/chunks/node_modules_next_dist_1e8vcs8._.js:776
[  175390ms] [LOG] [Fast Refresh] done in 47ms @ http://localhost:3000/_next/static/chunks/node_modules_next_dist_1e8vcs8._.js:776
[  175436ms] [LOG] [Fast Refresh] done in 47ms @ http://localhost:3000/_next/static/chunks/node_modules_next_dist_1e8vcs8._.js:776
[  175484ms] [LOG] [Fast Refresh] done in 47ms @ http://localhost:3000/_next/static/chunks/node_modules_next_dist_1e8vcs8._.js:776
[  175530ms] [LOG] [Fast Refresh] done in 47ms @ http://localhost:3000/_next/static/chunks/node_modules_next_dist_1e8vcs8._.js:776
[  175576ms] [LOG] [Fast Refresh] done in 47ms @ http://localhost:3000/_next/static/chunks/node_modules_next_dist_1e8vcs8._.js:776
[  175624ms] [LOG] [Fast Refresh] done in 47ms @ http://localhost:3000/_next/static/chunks/node_modules_next_dist_1e8vcs8._.js:776
[  175671ms] [LOG] [Fast Refresh] done in 47ms @ http://localhost:3000/_next/static/chunks/node_modules_next_dist_1e8vcs8._.js:776
[  175718ms] [LOG] [Fast Refresh] done in 47ms @ http://localhost:3000/_next/static/chunks/node_modules_next_dist_1e8vcs8._.js:776
[  175764ms] [LOG] [Fast Refresh] done in 47ms @ http://localhost:3000/_next/static/chunks/node_modules_next_dist_1e8vcs8._.js:776
[  175811ms] [LOG] [Fast Refresh] done in 47ms @ http://localhost:3000/_next/static/chunks/node_modules_next_dist_1e8vcs8._.js:776
[  175857ms] [LOG] [Fast Refresh] done in 47ms @ http://localhost:3000/_next/static/chunks/node_modules_next_dist_1e8vcs8._.js:776
[  175904ms] [LOG] [Fast Refresh] done in 47ms @ http://localhost:3000/_next/static/chunks/node_modules_next_dist_1e8vcs8._.js:776
[  175951ms] [LOG] [Fast Refresh] done in 47ms @ http://localhost:3000/_next/static/chunks/node_modules_next_dist_1e8vcs8._.js:776
[  175998ms] [LOG] [Fast Refresh] done in 47ms @ http://localhost:3000/_next/static/chunks/node_modules_next_dist_1e8vcs8._.js:776
[  176044ms] [LOG] [Fast Refresh] done in 47ms @ http://localhost:3000/_next/static/chunks/node_modules_next_dist_1e8vcs8._.js:776
[  176092ms] [LOG] [Fast Refresh] done in 47ms @ http://localhost:3000/_next/static/chunks/node_modules_next_dist_1e8vcs8._.js:776
[  176141ms] [LOG] [Fast Refresh] done in 47ms @ http://localhost:3000/_next/static/chunks/node_modules_next_dist_1e8vcs8._.js:776
[  176188ms] [LOG] [Fast Refresh] done in 47ms @ http://localhost:3000/_next/static/chunks/node_modules_next_dist_1e8vcs8._.js:776
[  176238ms] [LOG] [Fast Refresh] done in 47ms @ http://localhost:3000/_next/static/chunks/node_modules_next_dist_1e8vcs8._.js:776
[  176286ms] [LOG] [Fast Refresh] done in 47ms @ http://localhost:3000/_next/static/chunks/node_modules_next_dist_1e8vcs8._.js:776
[  176335ms] [LOG] [Fast Refresh] done in 47ms @ http://localhost:3000/_next/static/chunks/node_modules_next_dist_1e8vcs8._.js:776
[  176384ms] [LOG] [Fast Refresh] done in 47ms @ http://localhost:3000/_next/static/chunks/node_modules_next_dist_1e8vcs8._.js:776
[  176431ms] [LOG] [Fast Refresh] done in 47ms @ http://localhost:3000/_next/static/chunks/node_modules_next_dist_1e8vcs8._.js:776
[  176482ms] [LOG] [Fast Refresh] done in 47ms @ http://localhost:3000/_next/static/chunks/node_modules_next_dist_1e8vcs8._.js:776
[  176531ms] [LOG] [Fast Refresh] done in 47ms @ http://localhost:3000/_next/static/chunks/node_modules_next_dist_1e8vcs8._.js:776
[  176580ms] [LOG] [Fast Refresh] done in 47ms @ http://localhost:3000/_next/static/chunks/node_modules_next_dist_1e8vcs8._.js:776
[  176629ms] [LOG] [Fast Refresh] done in 47ms @ http://localhost:3000/_next/static/chunks/node_modules_next_dist_1e8vcs8._.js:776
[  176677ms] [LOG] [Fast Refresh] done in 47ms @ http://localhost:3000/_next/static/chunks/node_modules_next_dist_1e8vcs8._.js:776
[  176728ms] [LOG] [Fast Refresh] done in 47ms @ http://localhost:3000/_next/static/chunks/node_modules_next_dist_1e8vcs8._.js:776
[  176775ms] [LOG] [Fast Refresh] done in 47ms @ http://localhost:3000/_next/static/chunks/node_modules_next_dist_1e8vcs8._.js:776
[  176824ms] [LOG] [Fast Refresh] done in 47ms @ http://localhost:3000/_next/static/chunks/node_modules_next_dist_1e8vcs8._.js:776
[  176864ms] [LOG] [Fast Refresh] done in 47ms @ http://localhost:3000/_next/static/chunks/node_modules_next_dist_1e8vcs8._.js:776
[  176912ms] [LOG] [Fast Refresh] done in 47ms @ http://localhost:3000/_next/static/chunks/node_modules_next_dist_1e8vcs8._.js:776
[  176962ms] [LOG] [Fast Refresh] done in 47ms @ http://localhost:3000/_next/static/chunks/node_modules_next_dist_1e8vcs8._.js:776
[  177047ms] [LOG] [Fast Refresh] done in 47ms @ http://localhost:3000/_next/static/chunks/node_modules_next_dist_1e8vcs8._.js:776
[  177098ms] [LOG] [Fast Refresh] done in 47ms @ http://localhost:3000/_next/static/chunks/node_modules_next_dist_1e8vcs8._.js:776
[  177147ms] [LOG] [Fast Refresh] done in 47ms @ http://localhost:3000/_next/static/chunks/node_modules_next_dist_1e8vcs8._.js:776
[  177197ms] [LOG] [Fast Refresh] done in 47ms @ http://localhost:3000/_next/static/chunks/node_modules_next_dist_1e8vcs8._.js:776
[  177248ms] [LOG] [Fast Refresh] done in 47ms @ http://localhost:3000/_next/static/chunks/node_modules_next_dist_1e8vcs8._.js:776
[  177307ms] [LOG] [Fast Refresh] done in 47ms @ http://localhost:3000/_next/static/chunks/node_modules_next_dist_1e8vcs8._.js:776
[  177368ms] [LOG] [Fast Refresh] done in 47ms @ http://localhost:3000/_next/static/chunks/node_modules_next_dist_1e8vcs8._.js:776
[  177419ms] [LOG] [Fast Refresh] done in 47ms @ http://localhost:3000/_next/static/chunks/node_modules_next_dist_1e8vcs8._.js:776
[  177468ms] [LOG] [Fast Refresh] done in 47ms @ http://localhost:3000/_next/static/chunks/node_modules_next_dist_1e8vcs8._.js:776
[  177515ms] [LOG] [Fast Refresh] done in 47ms @ http://localhost:3000/_next/static/chunks/node_modules_next_dist_1e8vcs8._.js:776
[  177564ms] [LOG] [Fast Refresh] done in 47ms @ http://localhost:3000/_next/static/chunks/node_modules_next_dist_1e8vcs8._.js:776
[  177615ms] [LOG] [Fast Refresh] done in 47ms @ http://localhost:3000/_next/static/chunks/node_modules_next_dist_1e8vcs8._.js:776
[  177665ms] [LOG] [Fast Refresh] done in 47ms @ http://localhost:3000/_next/static/chunks/node_modules_next_dist_1e8vcs8._.js:776
[  177720ms] [LOG] [Fast Refresh] done in 47ms @ http://localhost:3000/_next/static/chunks/node_modules_next_dist_1e8vcs8._.js:776
[  177772ms] [LOG] [Fast Refresh] done in 47ms @ http://localhost:3000/_next/static/chunks/node_modules_next_dist_1e8vcs8._.js:776
[  178102ms] [LOG] [Fast Refresh] done in 47ms @ http://localhost:3000/_next/static/chunks/node_modules_next_dist_1e8vcs8._.js:776
[  178172ms] [LOG] [Fast Refresh] done in 47ms @ http://localhost:3000/_next/static/chunks/node_modules_next_dist_1e8vcs8._.js:776
[  178216ms] [LOG] [Fast Refresh] done in 47ms @ http://localhost:3000/_next/static/chunks/node_modules_next_dist_1e8vcs8._.js:776
[  178281ms] [LOG] [Fast Refresh] done in 47ms @ http://localhost:3000/_next/static/chunks/node_modules_next_dist_1e8vcs8._.js:776
[  178340ms] [LOG] [Fast Refresh] done in 47ms @ http://localhost:3000/_next/static/chunks/node_modules_next_dist_1e8vcs8._.js:776
[  178425ms] [LOG] [Fast Refresh] done in 47ms @ http://localhost:3000/_next/static/chunks/node_modules_next_dist_1e8vcs8._.js:776
[  178477ms] [LOG] [Fast Refresh] done in 47ms @ http://localhost:3000/_next/static/chunks/node_modules_next_dist_1e8vcs8._.js:776
[  178534ms] [LOG] [Fast Refresh] done in 47ms @ http://localhost:3000/_next/static/chunks/node_modules_next_dist_1e8vcs8._.js:776
[  178634ms] [LOG] [Fast Refresh] done in 47ms @ http://localhost:3000/_next/static/chunks/node_modules_next_dist_1e8vcs8._.js:776
[  178684ms] [LOG] [Fast Refresh] done in 47ms @ http://localhost:3000/_next/static/chunks/node_modules_next_dist_1e8vcs8._.js:776
[  178735ms] [LOG] [Fast Refresh] done in 47ms @ http://localhost:3000/_next/static/chunks/node_modules_next_dist_1e8vcs8._.js:776
[  178783ms] [LOG] [Fast Refresh] done in 47ms @ http://localhost:3000/_next/static/chunks/node_modules_next_dist_1e8vcs8._.js:776
[  178832ms] [LOG] [Fast Refresh] done in 47ms @ http://localhost:3000/_next/static/chunks/node_modules_next_dist_1e8vcs8._.js:776
[  178881ms] [LOG] [Fast Refresh] done in 47ms @ http://localhost:3000/_next/static/chunks/node_modules_next_dist_1e8vcs8._.js:776
[  178936ms] [LOG] [Fast Refresh] done in 47ms @ http://localhost:3000/_next/static/chunks/node_modules_next_dist_1e8vcs8._.js:776
[  178987ms] [LOG] [Fast Refresh] done in 47ms @ http://localhost:3000/_next/static/chunks/node_modules_next_dist_1e8vcs8._.js:776
[  179044ms] [LOG] [Fast Refresh] done in 47ms @ http://localhost:3000/_next/static/chunks/node_modules_next_dist_1e8vcs8._.js:776
[  179097ms] [LOG] [Fast Refresh] done in 47ms @ http://localhost:3000/_next/static/chunks/node_modules_next_dist_1e8vcs8._.js:776
[  179146ms] [LOG] [Fast Refresh] done in 47ms @ http://localhost:3000/_next/static/chunks/node_modules_next_dist_1e8vcs8._.js:776
[  179196ms] [LOG] [Fast Refresh] done in 47ms @ http://localhost:3000/_next/static/chunks/node_modules_next_dist_1e8vcs8._.js:776
[  179244ms] [LOG] [Fast Refresh] done in 47ms @ http://localhost:3000/_next/static/chunks/node_modules_next_dist_1e8vcs8._.js:776
[  179292ms] [LOG] [Fast Refresh] done in 47ms @ http://localhost:3000/_next/static/chunks/node_modules_next_dist_1e8vcs8._.js:776
[  179340ms] [LOG] [Fast Refresh] done in 47ms @ http://localhost:3000/_next/static/chunks/node_modules_next_dist_1e8vcs8._.js:776
[  179387ms] [LOG] [Fast Refresh] done in 47ms @ http://localhost:3000/_next/static/chunks/node_modules_next_dist_1e8vcs8._.js:776
[  179435ms] [LOG] [Fast Refresh] done in 47ms @ http://localhost:3000/_next/static/chunks/node_modules_next_dist_1e8vcs8._.js:776
[  179483ms] [LOG] [Fast Refresh] done in 47ms @ http://localhost:3000/_next/static/chunks/node_modules_next_dist_1e8vcs8._.js:776
[  179531ms] [LOG] [Fast Refresh] done in 47ms @ http://localhost:3000/_next/static/chunks/node_modules_next_dist_1e8vcs8._.js:776
[  179579ms] [LOG] [Fast Refresh] done in 47ms @ http://localhost:3000/_next/static/chunks/node_modules_next_dist_1e8vcs8._.js:776
[  179628ms] [LOG] [Fast Refresh] done in 47ms @ http://localhost:3000/_next/static/chunks/node_modules_next_dist_1e8vcs8._.js:776
[  179675ms] [LOG] [Fast Refresh] done in 47ms @ http://localhost:3000/_next/static/chunks/node_modules_next_dist_1e8vcs8._.js:776
[  179722ms] [LOG] [Fast Refresh] done in 47ms @ http://localhost:3000/_next/static/chunks/node_modules_next_dist_1e8vcs8._.js:776
[  179770ms] [LOG] [Fast Refresh] done in 47ms @ http://localhost:3000/_next/static/chunks/node_modules_next_dist_1e8vcs8._.js:776
[  179817ms] [LOG] [Fast Refresh] done in 47ms @ http://localhost:3000/_next/static/chunks/node_modules_next_dist_1e8vcs8._.js:776
[  179868ms] [LOG] [Fast Refresh] done in 47ms @ http://localhost:3000/_next/static/chunks/node_modules_next_dist_1e8vcs8._.js:776
[  179916ms] [LOG] [Fast Refresh] done in 47ms @ http://localhost:3000/_next/static/chunks/node_modules_next_dist_1e8vcs8._.js:776
[  179964ms] [LOG] [Fast Refresh] done in 47ms @ http://localhost:3000/_next/static/chunks/node_modules_next_dist_1e8vcs8._.js:776
[  180011ms] [LOG] [Fast Refresh] done in 47ms @ http://localhost:3000/_next/static/chunks/node_modules_next_dist_1e8vcs8._.js:776
[  180061ms] [LOG] [Fast Refresh] done in 47ms @ http://localhost:3000/_next/static/chunks/node_modules_next_dist_1e8vcs8._.js:776
[  180108ms] [LOG] [Fast Refresh] done in 47ms @ http://localhost:3000/_next/static/chunks/node_modules_next_dist_1e8vcs8._.js:776
[  180154ms] [LOG] [Fast Refresh] done in 47ms @ http://localhost:3000/_next/static/chunks/node_modules_next_dist_1e8vcs8._.js:776
[  180203ms] [LOG] [Fast Refresh] done in 47ms @ http://localhost:3000/_next/static/chunks/node_modules_next_dist_1e8vcs8._.js:776
[  180263ms] [LOG] [Fast Refresh] done in 47ms @ http://localhost:3000/_next/static/chunks/node_modules_next_dist_1e8vcs8._.js:776
[  180319ms] [LOG] [Fast Refresh] done in 47ms @ http://localhost:3000/_next/static/chunks/node_modules_next_dist_1e8vcs8._.js:776
[  180358ms] [LOG] [Fast Refresh] done in 47ms @ http://localhost:3000/_next/static/chunks/node_modules_next_dist_1e8vcs8._.js:776
[  180405ms] [LOG] [Fast Refresh] done in 47ms @ http://localhost:3000/_next/static/chunks/node_modules_next_dist_1e8vcs8._.js:776
[  180453ms] [LOG] [Fast Refresh] done in 47ms @ http://localhost:3000/_next/static/chunks/node_modules_next_dist_1e8vcs8._.js:776
[  180501ms] [LOG] [Fast Refresh] done in 47ms @ http://localhost:3000/_next/static/chunks/node_modules_next_dist_1e8vcs8._.js:776
[  180549ms] [LOG] [Fast Refresh] done in 47ms @ http://localhost:3000/_next/static/chunks/node_modules_next_dist_1e8vcs8._.js:776
[  180596ms] [LOG] [Fast Refresh] done in 47ms @ http://localhost:3000/_next/static/chunks/node_modules_next_dist_1e8vcs8._.js:776
[  180644ms] [LOG] [Fast Refresh] done in 47ms @ http://localhost:3000/_next/static/chunks/node_modules_next_dist_1e8vcs8._.js:776
[  180691ms] [LOG] [Fast Refresh] done in 47ms @ http://localhost:3000/_next/static/chunks/node_modules_next_dist_1e8vcs8._.js:776
[  180740ms] [LOG] [Fast Refresh] done in 47ms @ http://localhost:3000/_next/static/chunks/node_modules_next_dist_1e8vcs8._.js:776
[  180786ms] [LOG] [Fast Refresh] done in 47ms @ http://localhost:3000/_next/static/chunks/node_modules_next_dist_1e8vcs8._.js:776
[  180835ms] [LOG] [Fast Refresh] done in 47ms @ http://localhost:3000/_next/static/chunks/node_modules_next_dist_1e8vcs8._.js:776
[  180888ms] [LOG] [Fast Refresh] done in 47ms @ http://localhost:3000/_next/static/chunks/node_modules_next_dist_1e8vcs8._.js:776
[  180937ms] [LOG] [Fast Refresh] done in 47ms @ http://localhost:3000/_next/static/chunks/node_modules_next_dist_1e8vcs8._.js:776
[  180977ms] [LOG] [Fast Refresh] done in 47ms @ http://localhost:3000/_next/static/chunks/node_modules_next_dist_1e8vcs8._.js:776
[  181037ms] [LOG] [Fast Refresh] done in 47ms @ http://localhost:3000/_next/static/chunks/node_modules_next_dist_1e8vcs8._.js:776
[  181105ms] [LOG] [Fast Refresh] done in 47ms @ http://localhost:3000/_next/static/chunks/node_modules_next_dist_1e8vcs8._.js:776
[  181420ms] [LOG] [Fast Refresh] done in 47ms @ http://localhost:3000/_next/static/chunks/node_modules_next_dist_1e8vcs8._.js:776
[  181500ms] [LOG] [Fast Refresh] done in 47ms @ http://localhost:3000/_next/static/chunks/node_modules_next_dist_1e8vcs8._.js:776
[  181549ms] [LOG] [Fast Refresh] done in 47ms @ http://localhost:3000/_next/static/chunks/node_modules_next_dist_1e8vcs8._.js:776
[  181598ms] [LOG] [Fast Refresh] done in 47ms @ http://localhost:3000/_next/static/chunks/node_modules_next_dist_1e8vcs8._.js:776
[  181648ms] [LOG] [Fast Refresh] done in 47ms @ http://localhost:3000/_next/static/chunks/node_modules_next_dist_1e8vcs8._.js:776
[  181698ms] [LOG] [Fast Refresh] done in 47ms @ http://localhost:3000/_next/static/chunks/node_modules_next_dist_1e8vcs8._.js:776
[  181751ms] [LOG] [Fast Refresh] done in 47ms @ http://localhost:3000/_next/static/chunks/node_modules_next_dist_1e8vcs8._.js:776
[  181798ms] [LOG] [Fast Refresh] done in 47ms @ http://localhost:3000/_next/static/chunks/node_modules_next_dist_1e8vcs8._.js:776
[  181847ms] [LOG] [Fast Refresh] done in 47ms @ http://localhost:3000/_next/static/chunks/node_modules_next_dist_1e8vcs8._.js:776
[  181897ms] [LOG] [Fast Refresh] done in 47ms @ http://localhost:3000/_next/static/chunks/node_modules_next_dist_1e8vcs8._.js:776
[  181948ms] [LOG] [Fast Refresh] done in 47ms @ http://localhost:3000/_next/static/chunks/node_modules_next_dist_1e8vcs8._.js:776
[  182000ms] [LOG] [Fast Refresh] done in 47ms @ http://localhost:3000/_next/static/chunks/node_modules_next_dist_1e8vcs8._.js:776
[  182048ms] [LOG] [Fast Refresh] done in 47ms @ http://localhost:3000/_next/static/chunks/node_modules_next_dist_1e8vcs8._.js:776
[  182100ms] [LOG] [Fast Refresh] done in 47ms @ http://localhost:3000/_next/static/chunks/node_modules_next_dist_1e8vcs8._.js:776
[  182138ms] [LOG] [Fast Refresh] done in 47ms @ http://localhost:3000/_next/static/chunks/node_modules_next_dist_1e8vcs8._.js:776
[  182186ms] [LOG] [Fast Refresh] done in 47ms @ http://localhost:3000/_next/static/chunks/node_modules_next_dist_1e8vcs8._.js:776
[  182232ms] [LOG] [Fast Refresh] done in 47ms @ http://localhost:3000/_next/static/chunks/node_modules_next_dist_1e8vcs8._.js:776
[  182279ms] [LOG] [Fast Refresh] done in 47ms @ http://localhost:3000/_next/static/chunks/node_modules_next_dist_1e8vcs8._.js:776
[  182327ms] [LOG] [Fast Refresh] done in 47ms @ http://localhost:3000/_next/static/chunks/node_modules_next_dist_1e8vcs8._.js:776
[  182377ms] [LOG] [Fast Refresh] done in 47ms @ http://localhost:3000/_next/static/chunks/node_modules_next_dist_1e8vcs8._.js:776
[  182424ms] [LOG] [Fast Refresh] done in 47ms @ http://localhost:3000/_next/static/chunks/node_modules_next_dist_1e8vcs8._.js:776
[  182472ms] [LOG] [Fast Refresh] done in 47ms @ http://localhost:3000/_next/static/chunks/node_modules_next_dist_1e8vcs8._.js:776
[  182519ms] [LOG] [Fast Refresh] done in 47ms @ http://localhost:3000/_next/static/chunks/node_modules_next_dist_1e8vcs8._.js:776
[  182566ms] [LOG] [Fast Refresh] done in 47ms @ http://localhost:3000/_next/static/chunks/node_modules_next_dist_1e8vcs8._.js:776
[  182613ms] [LOG] [Fast Refresh] done in 47ms @ http://localhost:3000/_next/static/chunks/node_modules_next_dist_1e8vcs8._.js:776
[  182660ms] [LOG] [Fast Refresh] done in 47ms @ http://localhost:3000/_next/static/chunks/node_modules_next_dist_1e8vcs8._.js:776
[  182706ms] [LOG] [Fast Refresh] done in 47ms @ http://localhost:3000/_next/static/chunks/node_modules_next_dist_1e8vcs8._.js:776
[  182754ms] [LOG] [Fast Refresh] done in 47ms @ http://localhost:3000/_next/static/chunks/node_modules_next_dist_1e8vcs8._.js:776
[  182813ms] [LOG] [Fast Refresh] done in 47ms @ http://localhost:3000/_next/static/chunks/node_modules_next_dist_1e8vcs8._.js:776
[  182860ms] [LOG] [Fast Refresh] done in 47ms @ http://localhost:3000/_next/static/chunks/node_modules_next_dist_1e8vcs8._.js:776
[  182907ms] [LOG] [Fast Refresh] done in 47ms @ http://localhost:3000/_next/static/chunks/node_modules_next_dist_1e8vcs8._.js:776
[  182955ms] [LOG] [Fast Refresh] done in 47ms @ http://localhost:3000/_next/static/chunks/node_modules_next_dist_1e8vcs8._.js:776
[  183003ms] [LOG] [Fast Refresh] done in 47ms @ http://localhost:3000/_next/static/chunks/node_modules_next_dist_1e8vcs8._.js:776
[  183049ms] [LOG] [Fast Refresh] done in 47ms @ http://localhost:3000/_next/static/chunks/node_modules_next_dist_1e8vcs8._.js:776
[  183096ms] [LOG] [Fast Refresh] done in 47ms @ http://localhost:3000/_next/static/chunks/node_modules_next_dist_1e8vcs8._.js:776
[  183145ms] [LOG] [Fast Refresh] done in 47ms @ http://localhost:3000/_next/static/chunks/node_modules_next_dist_1e8vcs8._.js:776
[  183193ms] [LOG] [Fast Refresh] done in 47ms @ http://localhost:3000/_next/static/chunks/node_modules_next_dist_1e8vcs8._.js:776
[  183240ms] [LOG] [Fast Refresh] done in 47ms @ http://localhost:3000/_next/static/chunks/node_modules_next_dist_1e8vcs8._.js:776
[  183287ms] [LOG] [Fast Refresh] done in 47ms @ http://localhost:3000/_next/static/chunks/node_modules_next_dist_1e8vcs8._.js:776
[  183337ms] [LOG] [Fast Refresh] done in 47ms @ http://localhost:3000/_next/static/chunks/node_modules_next_dist_1e8vcs8._.js:776
[  183384ms] [LOG] [Fast Refresh] done in 47ms @ http://localhost:3000/_next/static/chunks/node_modules_next_dist_1e8vcs8._.js:776
[  183431ms] [LOG] [Fast Refresh] done in 47ms @ http://localhost:3000/_next/static/chunks/node_modules_next_dist_1e8vcs8._.js:776
[  183479ms] [LOG] [Fast Refresh] done in 47ms @ http://localhost:3000/_next/static/chunks/node_modules_next_dist_1e8vcs8._.js:776
[  183525ms] [LOG] [Fast Refresh] done in 47ms @ http://localhost:3000/_next/static/chunks/node_modules_next_dist_1e8vcs8._.js:776
[  183573ms] [LOG] [Fast Refresh] done in 47ms @ http://localhost:3000/_next/static/chunks/node_modules_next_dist_1e8vcs8._.js:776
[  183621ms] [LOG] [Fast Refresh] done in 47ms @ http://localhost:3000/_next/static/chunks/node_modules_next_dist_1e8vcs8._.js:776
[  183669ms] [LOG] [Fast Refresh] done in 47ms @ http://localhost:3000/_next/static/chunks/node_modules_next_dist_1e8vcs8._.js:776
[  183716ms] [LOG] [Fast Refresh] done in 47ms @ http://localhost:3000/_next/static/chunks/node_modules_next_dist_1e8vcs8._.js:776
[  183770ms] [LOG] [Fast Refresh] done in 47ms @ http://localhost:3000/_next/static/chunks/node_modules_next_dist_1e8vcs8._.js:776
[  183816ms] [LOG] [Fast Refresh] done in 47ms @ http://localhost:3000/_next/static/chunks/node_modules_next_dist_1e8vcs8._.js:776
[  183863ms] [LOG] [Fast Refresh] done in 47ms @ http://localhost:3000/_next/static/chunks/node_modules_next_dist_1e8vcs8._.js:776
[  183910ms] [LOG] [Fast Refresh] done in 47ms @ http://localhost:3000/_next/static/chunks/node_modules_next_dist_1e8vcs8._.js:776
[  183958ms] [LOG] [Fast Refresh] done in 47ms @ http://localhost:3000/_next/static/chunks/node_modules_next_dist_1e8vcs8._.js:776
[  184005ms] [LOG] [Fast Refresh] done in 47ms @ http://localhost:3000/_next/static/chunks/node_modules_next_dist_1e8vcs8._.js:776
[  184050ms] [LOG] [Fast Refresh] done in 47ms @ http://localhost:3000/_next/static/chunks/node_modules_next_dist_1e8vcs8._.js:776
[  184097ms] [LOG] [Fast Refresh] done in 47ms @ http://localhost:3000/_next/static/chunks/node_modules_next_dist_1e8vcs8._.js:776
[  184145ms] [LOG] [Fast Refresh] done in 47ms @ http://localhost:3000/_next/static/chunks/node_modules_next_dist_1e8vcs8._.js:776
[  184195ms] [LOG] [Fast Refresh] done in 47ms @ http://localhost:3000/_next/static/chunks/node_modules_next_dist_1e8vcs8._.js:776
[  184243ms] [LOG] [Fast Refresh] done in 47ms @ http://localhost:3000/_next/static/chunks/node_modules_next_dist_1e8vcs8._.js:776
[  184290ms] [LOG] [Fast Refresh] done in 47ms @ http://localhost:3000/_next/static/chunks/node_modules_next_dist_1e8vcs8._.js:776
[  184339ms] [LOG] [Fast Refresh] done in 47ms @ http://localhost:3000/_next/static/chunks/node_modules_next_dist_1e8vcs8._.js:776
[  184387ms] [LOG] [Fast Refresh] done in 47ms @ http://localhost:3000/_next/static/chunks/node_modules_next_dist_1e8vcs8._.js:776
[  184435ms] [LOG] [Fast Refresh] done in 47ms @ http://localhost:3000/_next/static/chunks/node_modules_next_dist_1e8vcs8._.js:776
[  184484ms] [LOG] [Fast Refresh] done in 47ms @ http://localhost:3000/_next/static/chunks/node_modules_next_dist_1e8vcs8._.js:776
[  184534ms] [LOG] [Fast Refresh] done in 47ms @ http://localhost:3000/_next/static/chunks/node_modules_next_dist_1e8vcs8._.js:776
[  184581ms] [LOG] [Fast Refresh] done in 47ms @ http://localhost:3000/_next/static/chunks/node_modules_next_dist_1e8vcs8._.js:776
[  184628ms] [LOG] [Fast Refresh] done in 47ms @ http://localhost:3000/_next/static/chunks/node_modules_next_dist_1e8vcs8._.js:776
[  184675ms] [LOG] [Fast Refresh] done in 47ms @ http://localhost:3000/_next/static/chunks/node_modules_next_dist_1e8vcs8._.js:776
[  184726ms] [LOG] [Fast Refresh] done in 47ms @ http://localhost:3000/_next/static/chunks/node_modules_next_dist_1e8vcs8._.js:776
[  184777ms] [LOG] [Fast Refresh] done in 47ms @ http://localhost:3000/_next/static/chunks/node_modules_next_dist_1e8vcs8._.js:776
[  184827ms] [LOG] [Fast Refresh] done in 47ms @ http://localhost:3000/_next/static/chunks/node_modules_next_dist_1e8vcs8._.js:776
[  184875ms] [LOG] [Fast Refresh] done in 47ms @ http://localhost:3000/_next/static/chunks/node_modules_next_dist_1e8vcs8._.js:776
[  184922ms] [LOG] [Fast Refresh] done in 47ms @ http://localhost:3000/_next/static/chunks/node_modules_next_dist_1e8vcs8._.js:776
[  184969ms] [LOG] [Fast Refresh] done in 47ms @ http://localhost:3000/_next/static/chunks/node_modules_next_dist_1e8vcs8._.js:776
[  185017ms] [LOG] [Fast Refresh] done in 47ms @ http://localhost:3000/_next/static/chunks/node_modules_next_dist_1e8vcs8._.js:776
[  185064ms] [LOG] [Fast Refresh] done in 47ms @ http://localhost:3000/_next/static/chunks/node_modules_next_dist_1e8vcs8._.js:776
[  185112ms] [LOG] [Fast Refresh] done in 47ms @ http://localhost:3000/_next/static/chunks/node_modules_next_dist_1e8vcs8._.js:776
[  185160ms] [LOG] [Fast Refresh] done in 47ms @ http://localhost:3000/_next/static/chunks/node_modules_next_dist_1e8vcs8._.js:776
[  185201ms] [LOG] [Fast Refresh] done in 47ms @ http://localhost:3000/_next/static/chunks/node_modules_next_dist_1e8vcs8._.js:776
[  185252ms] [LOG] [Fast Refresh] done in 47ms @ http://localhost:3000/_next/static/chunks/node_modules_next_dist_1e8vcs8._.js:776
[  185299ms] [LOG] [Fast Refresh] done in 47ms @ http://localhost:3000/_next/static/chunks/node_modules_next_dist_1e8vcs8._.js:776
[  185347ms] [LOG] [Fast Refresh] done in 47ms @ http://localhost:3000/_next/static/chunks/node_modules_next_dist_1e8vcs8._.js:776
[  185394ms] [LOG] [Fast Refresh] done in 47ms @ http://localhost:3000/_next/static/chunks/node_modules_next_dist_1e8vcs8._.js:776
[  185443ms] [LOG] [Fast Refresh] done in 47ms @ http://localhost:3000/_next/static/chunks/node_modules_next_dist_1e8vcs8._.js:776
[  185490ms] [LOG] [Fast Refresh] done in 47ms @ http://localhost:3000/_next/static/chunks/node_modules_next_dist_1e8vcs8._.js:776
[  185539ms] [LOG] [Fast Refresh] done in 47ms @ http://localhost:3000/_next/static/chunks/node_modules_next_dist_1e8vcs8._.js:776
[  185588ms] [LOG] [Fast Refresh] done in 47ms @ http://localhost:3000/_next/static/chunks/node_modules_next_dist_1e8vcs8._.js:776
[  185635ms] [LOG] [Fast Refresh] done in 47ms @ http://localhost:3000/_next/static/chunks/node_modules_next_dist_1e8vcs8._.js:776
[  185684ms] [LOG] [Fast Refresh] done in 47ms @ http://localhost:3000/_next/static/chunks/node_modules_next_dist_1e8vcs8._.js:776
[  185733ms] [LOG] [Fast Refresh] done in 47ms @ http://localhost:3000/_next/static/chunks/node_modules_next_dist_1e8vcs8._.js:776
[  185780ms] [LOG] [Fast Refresh] done in 47ms @ http://localhost:3000/_next/static/chunks/node_modules_next_dist_1e8vcs8._.js:776
[  185823ms] [LOG] [Fast Refresh] done in 47ms @ http://localhost:3000/_next/static/chunks/node_modules_next_dist_1e8vcs8._.js:776
[  185870ms] [LOG] [Fast Refresh] done in 47ms @ http://localhost:3000/_next/static/chunks/node_modules_next_dist_1e8vcs8._.js:776
[  185917ms] [LOG] [Fast Refresh] done in 47ms @ http://localhost:3000/_next/static/chunks/node_modules_next_dist_1e8vcs8._.js:776
[  185964ms] [LOG] [Fast Refresh] done in 47ms @ http://localhost:3000/_next/static/chunks/node_modules_next_dist_1e8vcs8._.js:776
[  186013ms] [LOG] [Fast Refresh] done in 47ms @ http://localhost:3000/_next/static/chunks/node_modules_next_dist_1e8vcs8._.js:776
[  186062ms] [LOG] [Fast Refresh] done in 47ms @ http://localhost:3000/_next/static/chunks/node_modules_next_dist_1e8vcs8._.js:776
[  186111ms] [LOG] [Fast Refresh] done in 47ms @ http://localhost:3000/_next/static/chunks/node_modules_next_dist_1e8vcs8._.js:776
[  186161ms] [LOG] [Fast Refresh] done in 47ms @ http://localhost:3000/_next/static/chunks/node_modules_next_dist_1e8vcs8._.js:776
[  186210ms] [LOG] [Fast Refresh] done in 47ms @ http://localhost:3000/_next/static/chunks/node_modules_next_dist_1e8vcs8._.js:776
[  186257ms] [LOG] [Fast Refresh] done in 47ms @ http://localhost:3000/_next/static/chunks/node_modules_next_dist_1e8vcs8._.js:776
[  186304ms] [LOG] [Fast Refresh] done in 47ms @ http://localhost:3000/_next/static/chunks/node_modules_next_dist_1e8vcs8._.js:776
[  186351ms] [LOG] [Fast Refresh] done in 47ms @ http://localhost:3000/_next/static/chunks/node_modules_next_dist_1e8vcs8._.js:776
[  186400ms] [LOG] [Fast Refresh] done in 47ms @ http://localhost:3000/_next/static/chunks/node_modules_next_dist_1e8vcs8._.js:776
[  186448ms] [LOG] [Fast Refresh] done in 47ms @ http://localhost:3000/_next/static/chunks/node_modules_next_dist_1e8vcs8._.js:776
[  186496ms] [LOG] [Fast Refresh] done in 47ms @ http://localhost:3000/_next/static/chunks/node_modules_next_dist_1e8vcs8._.js:776
[  186544ms] [LOG] [Fast Refresh] done in 47ms @ http://localhost:3000/_next/static/chunks/node_modules_next_dist_1e8vcs8._.js:776
[  186591ms] [LOG] [Fast Refresh] done in 47ms @ http://localhost:3000/_next/static/chunks/node_modules_next_dist_1e8vcs8._.js:776
[  186639ms] [LOG] [Fast Refresh] done in 47ms @ http://localhost:3000/_next/static/chunks/node_modules_next_dist_1e8vcs8._.js:776
[  186689ms] [LOG] [Fast Refresh] done in 47ms @ http://localhost:3000/_next/static/chunks/node_modules_next_dist_1e8vcs8._.js:776
[  186736ms] [LOG] [Fast Refresh] done in 47ms @ http://localhost:3000/_next/static/chunks/node_modules_next_dist_1e8vcs8._.js:776
[  186783ms] [LOG] [Fast Refresh] done in 47ms @ http://localhost:3000/_next/static/chunks/node_modules_next_dist_1e8vcs8._.js:776
[  186831ms] [LOG] [Fast Refresh] done in 47ms @ http://localhost:3000/_next/static/chunks/node_modules_next_dist_1e8vcs8._.js:776
[  186879ms] [LOG] [Fast Refresh] done in 47ms @ http://localhost:3000/_next/static/chunks/node_modules_next_dist_1e8vcs8._.js:776
[  186926ms] [LOG] [Fast Refresh] done in 47ms @ http://localhost:3000/_next/static/chunks/node_modules_next_dist_1e8vcs8._.js:776
[  186973ms] [LOG] [Fast Refresh] done in 47ms @ http://localhost:3000/_next/static/chunks/node_modules_next_dist_1e8vcs8._.js:776
[  187020ms] [LOG] [Fast Refresh] done in 47ms @ http://localhost:3000/_next/static/chunks/node_modules_next_dist_1e8vcs8._.js:776
[  187067ms] [LOG] [Fast Refresh] done in 47ms @ http://localhost:3000/_next/static/chunks/node_modules_next_dist_1e8vcs8._.js:776
[  187115ms] [LOG] [Fast Refresh] done in 47ms @ http://localhost:3000/_next/static/chunks/node_modules_next_dist_1e8vcs8._.js:776
[  187162ms] [LOG] [Fast Refresh] done in 47ms @ http://localhost:3000/_next/static/chunks/node_modules_next_dist_1e8vcs8._.js:776
[  187209ms] [LOG] [Fast Refresh] done in 47ms @ http://localhost:3000/_next/static/chunks/node_modules_next_dist_1e8vcs8._.js:776
[  187255ms] [LOG] [Fast Refresh] done in 47ms @ http://localhost:3000/_next/static/chunks/node_modules_next_dist_1e8vcs8._.js:776
[  187303ms] [LOG] [Fast Refresh] done in 47ms @ http://localhost:3000/_next/static/chunks/node_modules_next_dist_1e8vcs8._.js:776
[  187351ms] [LOG] [Fast Refresh] done in 47ms @ http://localhost:3000/_next/static/chunks/node_modules_next_dist_1e8vcs8._.js:776
[  187397ms] [LOG] [Fast Refresh] done in 47ms @ http://localhost:3000/_next/static/chunks/node_modules_next_dist_1e8vcs8._.js:776
[  187445ms] [LOG] [Fast Refresh] done in 47ms @ http://localhost:3000/_next/static/chunks/node_modules_next_dist_1e8vcs8._.js:776
[  187493ms] [LOG] [Fast Refresh] done in 47ms @ http://localhost:3000/_next/static/chunks/node_modules_next_dist_1e8vcs8._.js:776
[  187540ms] [LOG] [Fast Refresh] done in 47ms @ http://localhost:3000/_next/static/chunks/node_modules_next_dist_1e8vcs8._.js:776
[  187588ms] [LOG] [Fast Refresh] done in 47ms @ http://localhost:3000/_next/static/chunks/node_modules_next_dist_1e8vcs8._.js:776
[  187634ms] [LOG] [Fast Refresh] done in 47ms @ http://localhost:3000/_next/static/chunks/node_modules_next_dist_1e8vcs8._.js:776
[  187681ms] [LOG] [Fast Refresh] done in 47ms @ http://localhost:3000/_next/static/chunks/node_modules_next_dist_1e8vcs8._.js:776
[  187728ms] [LOG] [Fast Refresh] done in 47ms @ http://localhost:3000/_next/static/chunks/node_modules_next_dist_1e8vcs8._.js:776
[  187776ms] [LOG] [Fast Refresh] done in 47ms @ http://localhost:3000/_next/static/chunks/node_modules_next_dist_1e8vcs8._.js:776
[  187824ms] [LOG] [Fast Refresh] done in 47ms @ http://localhost:3000/_next/static/chunks/node_modules_next_dist_1e8vcs8._.js:776
[  187872ms] [LOG] [Fast Refresh] done in 47ms @ http://localhost:3000/_next/static/chunks/node_modules_next_dist_1e8vcs8._.js:776
[  187919ms] [LOG] [Fast Refresh] done in 47ms @ http://localhost:3000/_next/static/chunks/node_modules_next_dist_1e8vcs8._.js:776
[  187966ms] [LOG] [Fast Refresh] done in 47ms @ http://localhost:3000/_next/static/chunks/node_modules_next_dist_1e8vcs8._.js:776
[  188012ms] [LOG] [Fast Refresh] done in 47ms @ http://localhost:3000/_next/static/chunks/node_modules_next_dist_1e8vcs8._.js:776
[  188059ms] [LOG] [Fast Refresh] done in 47ms @ http://localhost:3000/_next/static/chunks/node_modules_next_dist_1e8vcs8._.js:776
[  188106ms] [LOG] [Fast Refresh] done in 47ms @ http://localhost:3000/_next/static/chunks/node_modules_next_dist_1e8vcs8._.js:776
[  188153ms] [LOG] [Fast Refresh] done in 47ms @ http://localhost:3000/_next/static/chunks/node_modules_next_dist_1e8vcs8._.js:776
[  188200ms] [LOG] [Fast Refresh] done in 47ms @ http://localhost:3000/_next/static/chunks/node_modules_next_dist_1e8vcs8._.js:776
[  188248ms] [LOG] [Fast Refresh] done in 47ms @ http://localhost:3000/_next/static/chunks/node_modules_next_dist_1e8vcs8._.js:776
[  188295ms] [LOG] [Fast Refresh] done in 47ms @ http://localhost:3000/_next/static/chunks/node_modules_next_dist_1e8vcs8._.js:776
[  188343ms] [LOG] [Fast Refresh] done in 47ms @ http://localhost:3000/_next/static/chunks/node_modules_next_dist_1e8vcs8._.js:776
[  188390ms] [LOG] [Fast Refresh] done in 47ms @ http://localhost:3000/_next/static/chunks/node_modules_next_dist_1e8vcs8._.js:776
[  188438ms] [LOG] [Fast Refresh] done in 47ms @ http://localhost:3000/_next/static/chunks/node_modules_next_dist_1e8vcs8._.js:776
[  188486ms] [LOG] [Fast Refresh] done in 47ms @ http://localhost:3000/_next/static/chunks/node_modules_next_dist_1e8vcs8._.js:776
[  188532ms] [LOG] [Fast Refresh] done in 47ms @ http://localhost:3000/_next/static/chunks/node_modules_next_dist_1e8vcs8._.js:776
[  188579ms] [LOG] [Fast Refresh] done in 47ms @ http://localhost:3000/_next/static/chunks/node_modules_next_dist_1e8vcs8._.js:776
[  188627ms] [LOG] [Fast Refresh] done in 47ms @ http://localhost:3000/_next/static/chunks/node_modules_next_dist_1e8vcs8._.js:776
[  188675ms] [LOG] [Fast Refresh] done in 47ms @ http://localhost:3000/_next/static/chunks/node_modules_next_dist_1e8vcs8._.js:776
[  188721ms] [LOG] [Fast Refresh] done in 47ms @ http://localhost:3000/_next/static/chunks/node_modules_next_dist_1e8vcs8._.js:776
[  188768ms] [LOG] [Fast Refresh] done in 47ms @ http://localhost:3000/_next/static/chunks/node_modules_next_dist_1e8vcs8._.js:776
[  188815ms] [LOG] [Fast Refresh] done in 47ms @ http://localhost:3000/_next/static/chunks/node_modules_next_dist_1e8vcs8._.js:776
[  188862ms] [LOG] [Fast Refresh] done in 47ms @ http://localhost:3000/_next/static/chunks/node_modules_next_dist_1e8vcs8._.js:776
[  188909ms] [LOG] [Fast Refresh] done in 47ms @ http://localhost:3000/_next/static/chunks/node_modules_next_dist_1e8vcs8._.js:776
[  188956ms] [LOG] [Fast Refresh] done in 47ms @ http://localhost:3000/_next/static/chunks/node_modules_next_dist_1e8vcs8._.js:776
[  189003ms] [LOG] [Fast Refresh] done in 47ms @ http://localhost:3000/_next/static/chunks/node_modules_next_dist_1e8vcs8._.js:776
[  189050ms] [LOG] [Fast Refresh] done in 47ms @ http://localhost:3000/_next/static/chunks/node_modules_next_dist_1e8vcs8._.js:776
[  189097ms] [LOG] [Fast Refresh] done in 47ms @ http://localhost:3000/_next/static/chunks/node_modules_next_dist_1e8vcs8._.js:776
[  189145ms] [LOG] [Fast Refresh] done in 47ms @ http://localhost:3000/_next/static/chunks/node_modules_next_dist_1e8vcs8._.js:776
[  189192ms] [LOG] [Fast Refresh] done in 47ms @ http://localhost:3000/_next/static/chunks/node_modules_next_dist_1e8vcs8._.js:776
[  189238ms] [LOG] [Fast Refresh] done in 47ms @ http://localhost:3000/_next/static/chunks/node_modules_next_dist_1e8vcs8._.js:776
[  189286ms] [LOG] [Fast Refresh] done in 47ms @ http://localhost:3000/_next/static/chunks/node_modules_next_dist_1e8vcs8._.js:776
[  189333ms] [LOG] [Fast Refresh] done in 47ms @ http://localhost:3000/_next/static/chunks/node_modules_next_dist_1e8vcs8._.js:776
[  189382ms] [LOG] [Fast Refresh] done in 47ms @ http://localhost:3000/_next/static/chunks/node_modules_next_dist_1e8vcs8._.js:776
[  189429ms] [LOG] [Fast Refresh] done in 47ms @ http://localhost:3000/_next/static/chunks/node_modules_next_dist_1e8vcs8._.js:776
[  189476ms] [LOG] [Fast Refresh] done in 47ms @ http://localhost:3000/_next/static/chunks/node_modules_next_dist_1e8vcs8._.js:776
[  189523ms] [LOG] [Fast Refresh] done in 47ms @ http://localhost:3000/_next/static/chunks/node_modules_next_dist_1e8vcs8._.js:776
[  189570ms] [LOG] [Fast Refresh] done in 47ms @ http://localhost:3000/_next/static/chunks/node_modules_next_dist_1e8vcs8._.js:776
[  189616ms] [LOG] [Fast Refresh] done in 47ms @ http://localhost:3000/_next/static/chunks/node_modules_next_dist_1e8vcs8._.js:776
[  189663ms] [LOG] [Fast Refresh] done in 47ms @ http://localhost:3000/_next/static/chunks/node_modules_next_dist_1e8vcs8._.js:776
[  189710ms] [LOG] [Fast Refresh] done in 47ms @ http://localhost:3000/_next/static/chunks/node_modules_next_dist_1e8vcs8._.js:776
[  189757ms] [LOG] [Fast Refresh] done in 47ms @ http://localhost:3000/_next/static/chunks/node_modules_next_dist_1e8vcs8._.js:776
[  189804ms] [LOG] [Fast Refresh] done in 47ms @ http://localhost:3000/_next/static/chunks/node_modules_next_dist_1e8vcs8._.js:776
[  189851ms] [LOG] [Fast Refresh] done in 47ms @ http://localhost:3000/_next/static/chunks/node_modules_next_dist_1e8vcs8._.js:776
[  189898ms] [LOG] [Fast Refresh] done in 47ms @ http://localhost:3000/_next/static/chunks/node_modules_next_dist_1e8vcs8._.js:776
[  189946ms] [LOG] [Fast Refresh] done in 47ms @ http://localhost:3000/_next/static/chunks/node_modules_next_dist_1e8vcs8._.js:776
[  189993ms] [LOG] [Fast Refresh] done in 47ms @ http://localhost:3000/_next/static/chunks/node_modules_next_dist_1e8vcs8._.js:776
[  190039ms] [LOG] [Fast Refresh] done in 47ms @ http://localhost:3000/_next/static/chunks/node_modules_next_dist_1e8vcs8._.js:776
[  190086ms] [LOG] [Fast Refresh] done in 47ms @ http://localhost:3000/_next/static/chunks/node_modules_next_dist_1e8vcs8._.js:776
[  190133ms] [LOG] [Fast Refresh] done in 47ms @ http://localhost:3000/_next/static/chunks/node_modules_next_dist_1e8vcs8._.js:776
[  190180ms] [LOG] [Fast Refresh] done in 47ms @ http://localhost:3000/_next/static/chunks/node_modules_next_dist_1e8vcs8._.js:776
[  190228ms] [LOG] [Fast Refresh] done in 47ms @ http://localhost:3000/_next/static/chunks/node_modules_next_dist_1e8vcs8._.js:776
[  190275ms] [LOG] [Fast Refresh] done in 47ms @ http://localhost:3000/_next/static/chunks/node_modules_next_dist_1e8vcs8._.js:776
[  190321ms] [LOG] [Fast Refresh] done in 47ms @ http://localhost:3000/_next/static/chunks/node_modules_next_dist_1e8vcs8._.js:776
[  190368ms] [LOG] [Fast Refresh] done in 47ms @ http://localhost:3000/_next/static/chunks/node_modules_next_dist_1e8vcs8._.js:776
[  190413ms] [LOG] [Fast Refresh] done in 47ms @ http://localhost:3000/_next/static/chunks/node_modules_next_dist_1e8vcs8._.js:776
[  190459ms] [LOG] [Fast Refresh] done in 47ms @ http://localhost:3000/_next/static/chunks/node_modules_next_dist_1e8vcs8._.js:776
[  190507ms] [LOG] [Fast Refresh] done in 47ms @ http://localhost:3000/_next/static/chunks/node_modules_next_dist_1e8vcs8._.js:776
[  190554ms] [LOG] [Fast Refresh] done in 47ms @ http://localhost:3000/_next/static/chunks/node_modules_next_dist_1e8vcs8._.js:776
[  190601ms] [LOG] [Fast Refresh] done in 47ms @ http://localhost:3000/_next/static/chunks/node_modules_next_dist_1e8vcs8._.js:776
[  190648ms] [LOG] [Fast Refresh] done in 47ms @ http://localhost:3000/_next/static/chunks/node_modules_next_dist_1e8vcs8._.js:776
[  190695ms] [LOG] [Fast Refresh] done in 47ms @ http://localhost:3000/_next/static/chunks/node_modules_next_dist_1e8vcs8._.js:776
[  190743ms] [LOG] [Fast Refresh] done in 47ms @ http://localhost:3000/_next/static/chunks/node_modules_next_dist_1e8vcs8._.js:776
[  190790ms] [LOG] [Fast Refresh] done in 47ms @ http://localhost:3000/_next/static/chunks/node_modules_next_dist_1e8vcs8._.js:776
[  190837ms] [LOG] [Fast Refresh] done in 47ms @ http://localhost:3000/_next/static/chunks/node_modules_next_dist_1e8vcs8._.js:776
[  190884ms] [LOG] [Fast Refresh] done in 47ms @ http://localhost:3000/_next/static/chunks/node_modules_next_dist_1e8vcs8._.js:776
[  190931ms] [LOG] [Fast Refresh] done in 47ms @ http://localhost:3000/_next/static/chunks/node_modules_next_dist_1e8vcs8._.js:776
[  190979ms] [LOG] [Fast Refresh] done in 47ms @ http://localhost:3000/_next/static/chunks/node_modules_next_dist_1e8vcs8._.js:776
[  191025ms] [LOG] [Fast Refresh] done in 47ms @ http://localhost:3000/_next/static/chunks/node_modules_next_dist_1e8vcs8._.js:776
[  191073ms] [LOG] [Fast Refresh] done in 47ms @ http://localhost:3000/_next/static/chunks/node_modules_next_dist_1e8vcs8._.js:776
[  191119ms] [LOG] [Fast Refresh] done in 47ms @ http://localhost:3000/_next/static/chunks/node_modules_next_dist_1e8vcs8._.js:776
[  191166ms] [LOG] [Fast Refresh] done in 47ms @ http://localhost:3000/_next/static/chunks/node_modules_next_dist_1e8vcs8._.js:776
[  191213ms] [LOG] [Fast Refresh] done in 47ms @ http://localhost:3000/_next/static/chunks/node_modules_next_dist_1e8vcs8._.js:776
[  191261ms] [LOG] [Fast Refresh] done in 47ms @ http://localhost:3000/_next/static/chunks/node_modules_next_dist_1e8vcs8._.js:776
[  191308ms] [LOG] [Fast Refresh] done in 47ms @ http://localhost:3000/_next/static/chunks/node_modules_next_dist_1e8vcs8._.js:776
[  191354ms] [LOG] [Fast Refresh] done in 47ms @ http://localhost:3000/_next/static/chunks/node_modules_next_dist_1e8vcs8._.js:776
[  191402ms] [LOG] [Fast Refresh] done in 47ms @ http://localhost:3000/_next/static/chunks/node_modules_next_dist_1e8vcs8._.js:776
[  191449ms] [LOG] [Fast Refresh] done in 47ms @ http://localhost:3000/_next/static/chunks/node_modules_next_dist_1e8vcs8._.js:776
[  191497ms] [LOG] [Fast Refresh] done in 47ms @ http://localhost:3000/_next/static/chunks/node_modules_next_dist_1e8vcs8._.js:776
[  191544ms] [LOG] [Fast Refresh] done in 47ms @ http://localhost:3000/_next/static/chunks/node_modules_next_dist_1e8vcs8._.js:776
[  191591ms] [LOG] [Fast Refresh] done in 47ms @ http://localhost:3000/_next/static/chunks/node_modules_next_dist_1e8vcs8._.js:776
[  191638ms] [LOG] [Fast Refresh] done in 47ms @ http://localhost:3000/_next/static/chunks/node_modules_next_dist_1e8vcs8._.js:776
[  191688ms] [LOG] [Fast Refresh] done in 47ms @ http://localhost:3000/_next/static/chunks/node_modules_next_dist_1e8vcs8._.js:776
[  191735ms] [LOG] [Fast Refresh] done in 47ms @ http://localhost:3000/_next/static/chunks/node_modules_next_dist_1e8vcs8._.js:776
[  191782ms] [LOG] [Fast Refresh] done in 47ms @ http://localhost:3000/_next/static/chunks/node_modules_next_dist_1e8vcs8._.js:776
[  191829ms] [LOG] [Fast Refresh] done in 47ms @ http://localhost:3000/_next/static/chunks/node_modules_next_dist_1e8vcs8._.js:776
[  191876ms] [LOG] [Fast Refresh] done in 47ms @ http://localhost:3000/_next/static/chunks/node_modules_next_dist_1e8vcs8._.js:776
[  191922ms] [LOG] [Fast Refresh] done in 47ms @ http://localhost:3000/_next/static/chunks/node_modules_next_dist_1e8vcs8._.js:776
[  191969ms] [LOG] [Fast Refresh] done in 47ms @ http://localhost:3000/_next/static/chunks/node_modules_next_dist_1e8vcs8._.js:776
[  192017ms] [LOG] [Fast Refresh] done in 47ms @ http://localhost:3000/_next/static/chunks/node_modules_next_dist_1e8vcs8._.js:776
[  192064ms] [LOG] [Fast Refresh] done in 47ms @ http://localhost:3000/_next/static/chunks/node_modules_next_dist_1e8vcs8._.js:776
[  192112ms] [LOG] [Fast Refresh] done in 47ms @ http://localhost:3000/_next/static/chunks/node_modules_next_dist_1e8vcs8._.js:776
[  192158ms] [LOG] [Fast Refresh] done in 47ms @ http://localhost:3000/_next/static/chunks/node_modules_next_dist_1e8vcs8._.js:776
[  192206ms] [LOG] [Fast Refresh] done in 47ms @ http://localhost:3000/_next/static/chunks/node_modules_next_dist_1e8vcs8._.js:776
[  192253ms] [LOG] [Fast Refresh] done in 47ms @ http://localhost:3000/_next/static/chunks/node_modules_next_dist_1e8vcs8._.js:776
[  192300ms] [LOG] [Fast Refresh] done in 47ms @ http://localhost:3000/_next/static/chunks/node_modules_next_dist_1e8vcs8._.js:776
[  192347ms] [LOG] [Fast Refresh] done in 47ms @ http://localhost:3000/_next/static/chunks/node_modules_next_dist_1e8vcs8._.js:776
[  192394ms] [LOG] [Fast Refresh] done in 47ms @ http://localhost:3000/_next/static/chunks/node_modules_next_dist_1e8vcs8._.js:776
[  192442ms] [LOG] [Fast Refresh] done in 47ms @ http://localhost:3000/_next/static/chunks/node_modules_next_dist_1e8vcs8._.js:776
[  192489ms] [LOG] [Fast Refresh] done in 47ms @ http://localhost:3000/_next/static/chunks/node_modules_next_dist_1e8vcs8._.js:776
[  192537ms] [LOG] [Fast Refresh] done in 47ms @ http://localhost:3000/_next/static/chunks/node_modules_next_dist_1e8vcs8._.js:776
[  192585ms] [LOG] [Fast Refresh] done in 47ms @ http://localhost:3000/_next/static/chunks/node_modules_next_dist_1e8vcs8._.js:776
[  192633ms] [LOG] [Fast Refresh] done in 47ms @ http://localhost:3000/_next/static/chunks/node_modules_next_dist_1e8vcs8._.js:776
[  192681ms] [LOG] [Fast Refresh] done in 47ms @ http://localhost:3000/_next/static/chunks/node_modules_next_dist_1e8vcs8._.js:776
[  192728ms] [LOG] [Fast Refresh] done in 47ms @ http://localhost:3000/_next/static/chunks/node_modules_next_dist_1e8vcs8._.js:776
[  192775ms] [LOG] [Fast Refresh] done in 47ms @ http://localhost:3000/_next/static/chunks/node_modules_next_dist_1e8vcs8._.js:776
[  192822ms] [LOG] [Fast Refresh] done in 47ms @ http://localhost:3000/_next/static/chunks/node_modules_next_dist_1e8vcs8._.js:776
[  192869ms] [LOG] [Fast Refresh] done in 47ms @ http://localhost:3000/_next/static/chunks/node_modules_next_dist_1e8vcs8._.js:776
[  192917ms] [LOG] [Fast Refresh] done in 47ms @ http://localhost:3000/_next/static/chunks/node_modules_next_dist_1e8vcs8._.js:776
[  192964ms] [LOG] [Fast Refresh] done in 47ms @ http://localhost:3000/_next/static/chunks/node_modules_next_dist_1e8vcs8._.js:776
[  193012ms] [LOG] [Fast Refresh] done in 47ms @ http://localhost:3000/_next/static/chunks/node_modules_next_dist_1e8vcs8._.js:776
[  193057ms] [LOG] [Fast Refresh] done in 47ms @ http://localhost:3000/_next/static/chunks/node_modules_next_dist_1e8vcs8._.js:776
[  193104ms] [LOG] [Fast Refresh] done in 47ms @ http://localhost:3000/_next/static/chunks/node_modules_next_dist_1e8vcs8._.js:776
[  193151ms] [LOG] [Fast Refresh] done in 47ms @ http://localhost:3000/_next/static/chunks/node_modules_next_dist_1e8vcs8._.js:776
[  193197ms] [LOG] [Fast Refresh] done in 47ms @ http://localhost:3000/_next/static/chunks/node_modules_next_dist_1e8vcs8._.js:776
[  193244ms] [LOG] [Fast Refresh] done in 47ms @ http://localhost:3000/_next/static/chunks/node_modules_next_dist_1e8vcs8._.js:776
[  193291ms] [LOG] [Fast Refresh] done in 47ms @ http://localhost:3000/_next/static/chunks/node_modules_next_dist_1e8vcs8._.js:776
[  193338ms] [LOG] [Fast Refresh] done in 47ms @ http://localhost:3000/_next/static/chunks/node_modules_next_dist_1e8vcs8._.js:776
[  193385ms] [LOG] [Fast Refresh] done in 47ms @ http://localhost:3000/_next/static/chunks/node_modules_next_dist_1e8vcs8._.js:776
[  193432ms] [LOG] [Fast Refresh] done in 47ms @ http://localhost:3000/_next/static/chunks/node_modules_next_dist_1e8vcs8._.js:776
[  193479ms] [LOG] [Fast Refresh] done in 47ms @ http://localhost:3000/_next/static/chunks/node_modules_next_dist_1e8vcs8._.js:776
[  193525ms] [LOG] [Fast Refresh] done in 47ms @ http://localhost:3000/_next/static/chunks/node_modules_next_dist_1e8vcs8._.js:776
[  193573ms] [LOG] [Fast Refresh] done in 47ms @ http://localhost:3000/_next/static/chunks/node_modules_next_dist_1e8vcs8._.js:776
[  193620ms] [LOG] [Fast Refresh] done in 47ms @ http://localhost:3000/_next/static/chunks/node_modules_next_dist_1e8vcs8._.js:776
[  193667ms] [LOG] [Fast Refresh] done in 47ms @ http://localhost:3000/_next/static/chunks/node_modules_next_dist_1e8vcs8._.js:776
[  193713ms] [LOG] [Fast Refresh] done in 47ms @ http://localhost:3000/_next/static/chunks/node_modules_next_dist_1e8vcs8._.js:776
[  193759ms] [LOG] [Fast Refresh] done in 47ms @ http://localhost:3000/_next/static/chunks/node_modules_next_dist_1e8vcs8._.js:776
[  193807ms] [LOG] [Fast Refresh] done in 47ms @ http://localhost:3000/_next/static/chunks/node_modules_next_dist_1e8vcs8._.js:776
[  193854ms] [LOG] [Fast Refresh] done in 47ms @ http://localhost:3000/_next/static/chunks/node_modules_next_dist_1e8vcs8._.js:776
[  193902ms] [LOG] [Fast Refresh] done in 47ms @ http://localhost:3000/_next/static/chunks/node_modules_next_dist_1e8vcs8._.js:776
[  193949ms] [LOG] [Fast Refresh] done in 47ms @ http://localhost:3000/_next/static/chunks/node_modules_next_dist_1e8vcs8._.js:776
[  193996ms] [LOG] [Fast Refresh] done in 47ms @ http://localhost:3000/_next/static/chunks/node_modules_next_dist_1e8vcs8._.js:776
[  194043ms] [LOG] [Fast Refresh] done in 47ms @ http://localhost:3000/_next/static/chunks/node_modules_next_dist_1e8vcs8._.js:776
[  194090ms] [LOG] [Fast Refresh] done in 47ms @ http://localhost:3000/_next/static/chunks/node_modules_next_dist_1e8vcs8._.js:776
[  194137ms] [LOG] [Fast Refresh] done in 47ms @ http://localhost:3000/_next/static/chunks/node_modules_next_dist_1e8vcs8._.js:776
[  194184ms] [LOG] [Fast Refresh] done in 47ms @ http://localhost:3000/_next/static/chunks/node_modules_next_dist_1e8vcs8._.js:776
[  194230ms] [LOG] [Fast Refresh] done in 47ms @ http://localhost:3000/_next/static/chunks/node_modules_next_dist_1e8vcs8._.js:776
[  194278ms] [LOG] [Fast Refresh] done in 47ms @ http://localhost:3000/_next/static/chunks/node_modules_next_dist_1e8vcs8._.js:776
[  194325ms] [LOG] [Fast Refresh] done in 47ms @ http://localhost:3000/_next/static/chunks/node_modules_next_dist_1e8vcs8._.js:776
[  194372ms] [LOG] [Fast Refresh] done in 47ms @ http://localhost:3000/_next/static/chunks/node_modules_next_dist_1e8vcs8._.js:776
[  194419ms] [LOG] [Fast Refresh] done in 47ms @ http://localhost:3000/_next/static/chunks/node_modules_next_dist_1e8vcs8._.js:776
[  194455ms] [LOG] [Fast Refresh] done in 47ms @ http://localhost:3000/_next/static/chunks/node_modules_next_dist_1e8vcs8._.js:776
[  194503ms] [LOG] [Fast Refresh] done in 47ms @ http://localhost:3000/_next/static/chunks/node_modules_next_dist_1e8vcs8._.js:776
[  194549ms] [LOG] [Fast Refresh] done in 47ms @ http://localhost:3000/_next/static/chunks/node_modules_next_dist_1e8vcs8._.js:776
[  194595ms] [LOG] [Fast Refresh] done in 47ms @ http://localhost:3000/_next/static/chunks/node_modules_next_dist_1e8vcs8._.js:776
[  194643ms] [LOG] [Fast Refresh] done in 47ms @ http://localhost:3000/_next/static/chunks/node_modules_next_dist_1e8vcs8._.js:776
[  194690ms] [LOG] [Fast Refresh] done in 47ms @ http://localhost:3000/_next/static/chunks/node_modules_next_dist_1e8vcs8._.js:776
[  194737ms] [LOG] [Fast Refresh] done in 47ms @ http://localhost:3000/_next/static/chunks/node_modules_next_dist_1e8vcs8._.js:776
[  194784ms] [LOG] [Fast Refresh] done in 47ms @ http://localhost:3000/_next/static/chunks/node_modules_next_dist_1e8vcs8._.js:776
[  194831ms] [LOG] [Fast Refresh] done in 47ms @ http://localhost:3000/_next/static/chunks/node_modules_next_dist_1e8vcs8._.js:776
[  194879ms] [LOG] [Fast Refresh] done in 47ms @ http://localhost:3000/_next/static/chunks/node_modules_next_dist_1e8vcs8._.js:776
[  194926ms] [LOG] [Fast Refresh] done in 47ms @ http://localhost:3000/_next/static/chunks/node_modules_next_dist_1e8vcs8._.js:776
[  194973ms] [LOG] [Fast Refresh] done in 47ms @ http://localhost:3000/_next/static/chunks/node_modules_next_dist_1e8vcs8._.js:776
[  195020ms] [LOG] [Fast Refresh] done in 47ms @ http://localhost:3000/_next/static/chunks/node_modules_next_dist_1e8vcs8._.js:776
[  195067ms] [LOG] [Fast Refresh] done in 47ms @ http://localhost:3000/_next/static/chunks/node_modules_next_dist_1e8vcs8._.js:776
[  195114ms] [LOG] [Fast Refresh] done in 47ms @ http://localhost:3000/_next/static/chunks/node_modules_next_dist_1e8vcs8._.js:776
[  195161ms] [LOG] [Fast Refresh] done in 47ms @ http://localhost:3000/_next/static/chunks/node_modules_next_dist_1e8vcs8._.js:776
[  195209ms] [LOG] [Fast Refresh] done in 47ms @ http://localhost:3000/_next/static/chunks/node_modules_next_dist_1e8vcs8._.js:776
[  195257ms] [LOG] [Fast Refresh] done in 47ms @ http://localhost:3000/_next/static/chunks/node_modules_next_dist_1e8vcs8._.js:776
[  195304ms] [LOG] [Fast Refresh] done in 47ms @ http://localhost:3000/_next/static/chunks/node_modules_next_dist_1e8vcs8._.js:776
[  195351ms] [LOG] [Fast Refresh] done in 47ms @ http://localhost:3000/_next/static/chunks/node_modules_next_dist_1e8vcs8._.js:776
[  195398ms] [LOG] [Fast Refresh] done in 47ms @ http://localhost:3000/_next/static/chunks/node_modules_next_dist_1e8vcs8._.js:776
[  195445ms] [LOG] [Fast Refresh] done in 47ms @ http://localhost:3000/_next/static/chunks/node_modules_next_dist_1e8vcs8._.js:776
[  195492ms] [LOG] [Fast Refresh] done in 47ms @ http://localhost:3000/_next/static/chunks/node_modules_next_dist_1e8vcs8._.js:776
[  195539ms] [LOG] [Fast Refresh] done in 47ms @ http://localhost:3000/_next/static/chunks/node_modules_next_dist_1e8vcs8._.js:776
[  195586ms] [LOG] [Fast Refresh] done in 47ms @ http://localhost:3000/_next/static/chunks/node_modules_next_dist_1e8vcs8._.js:776
[  195633ms] [LOG] [Fast Refresh] done in 47ms @ http://localhost:3000/_next/static/chunks/node_modules_next_dist_1e8vcs8._.js:776
[  195680ms] [LOG] [Fast Refresh] done in 47ms @ http://localhost:3000/_next/static/chunks/node_modules_next_dist_1e8vcs8._.js:776
[  195729ms] [LOG] [Fast Refresh] done in 47ms @ http://localhost:3000/_next/static/chunks/node_modules_next_dist_1e8vcs8._.js:776
[  195777ms] [LOG] [Fast Refresh] done in 47ms @ http://localhost:3000/_next/static/chunks/node_modules_next_dist_1e8vcs8._.js:776
[  195823ms] [LOG] [Fast Refresh] done in 47ms @ http://localhost:3000/_next/static/chunks/node_modules_next_dist_1e8vcs8._.js:776
[  195871ms] [LOG] [Fast Refresh] done in 47ms @ http://localhost:3000/_next/static/chunks/node_modules_next_dist_1e8vcs8._.js:776
[  195918ms] [LOG] [Fast Refresh] done in 47ms @ http://localhost:3000/_next/static/chunks/node_modules_next_dist_1e8vcs8._.js:776
[  195966ms] [LOG] [Fast Refresh] done in 47ms @ http://localhost:3000/_next/static/chunks/node_modules_next_dist_1e8vcs8._.js:776
[  196014ms] [LOG] [Fast Refresh] done in 47ms @ http://localhost:3000/_next/static/chunks/node_modules_next_dist_1e8vcs8._.js:776
[  196062ms] [LOG] [Fast Refresh] done in 47ms @ http://localhost:3000/_next/static/chunks/node_modules_next_dist_1e8vcs8._.js:776
[  196110ms] [LOG] [Fast Refresh] done in 47ms @ http://localhost:3000/_next/static/chunks/node_modules_next_dist_1e8vcs8._.js:776
[  196157ms] [LOG] [Fast Refresh] done in 47ms @ http://localhost:3000/_next/static/chunks/node_modules_next_dist_1e8vcs8._.js:776
[  196204ms] [LOG] [Fast Refresh] done in 47ms @ http://localhost:3000/_next/static/chunks/node_modules_next_dist_1e8vcs8._.js:776
[  196251ms] [LOG] [Fast Refresh] done in 47ms @ http://localhost:3000/_next/static/chunks/node_modules_next_dist_1e8vcs8._.js:776
[  196297ms] [LOG] [Fast Refresh] done in 47ms @ http://localhost:3000/_next/static/chunks/node_modules_next_dist_1e8vcs8._.js:776
[  196344ms] [LOG] [Fast Refresh] done in 47ms @ http://localhost:3000/_next/static/chunks/node_modules_next_dist_1e8vcs8._.js:776
[  196391ms] [LOG] [Fast Refresh] done in 47ms @ http://localhost:3000/_next/static/chunks/node_modules_next_dist_1e8vcs8._.js:776
[  196438ms] [LOG] [Fast Refresh] done in 47ms @ http://localhost:3000/_next/static/chunks/node_modules_next_dist_1e8vcs8._.js:776
[  196485ms] [LOG] [Fast Refresh] done in 47ms @ http://localhost:3000/_next/static/chunks/node_modules_next_dist_1e8vcs8._.js:776
[  196533ms] [LOG] [Fast Refresh] done in 47ms @ http://localhost:3000/_next/static/chunks/node_modules_next_dist_1e8vcs8._.js:776
[  196580ms] [LOG] [Fast Refresh] done in 47ms @ http://localhost:3000/_next/static/chunks/node_modules_next_dist_1e8vcs8._.js:776
[  196626ms] [LOG] [Fast Refresh] done in 47ms @ http://localhost:3000/_next/static/chunks/node_modules_next_dist_1e8vcs8._.js:776
[  196673ms] [LOG] [Fast Refresh] done in 47ms @ http://localhost:3000/_next/static/chunks/node_modules_next_dist_1e8vcs8._.js:776
[  196721ms] [LOG] [Fast Refresh] done in 47ms @ http://localhost:3000/_next/static/chunks/node_modules_next_dist_1e8vcs8._.js:776
[  196768ms] [LOG] [Fast Refresh] done in 47ms @ http://localhost:3000/_next/static/chunks/node_modules_next_dist_1e8vcs8._.js:776
[  196815ms] [LOG] [Fast Refresh] done in 47ms @ http://localhost:3000/_next/static/chunks/node_modules_next_dist_1e8vcs8._.js:776
[  196863ms] [LOG] [Fast Refresh] done in 47ms @ http://localhost:3000/_next/static/chunks/node_modules_next_dist_1e8vcs8._.js:776
[  196912ms] [LOG] [Fast Refresh] done in 47ms @ http://localhost:3000/_next/static/chunks/node_modules_next_dist_1e8vcs8._.js:776
[  196960ms] [LOG] [Fast Refresh] done in 47ms @ http://localhost:3000/_next/static/chunks/node_modules_next_dist_1e8vcs8._.js:776
[  197007ms] [LOG] [Fast Refresh] done in 47ms @ http://localhost:3000/_next/static/chunks/node_modules_next_dist_1e8vcs8._.js:776
[  197055ms] [LOG] [Fast Refresh] done in 47ms @ http://localhost:3000/_next/static/chunks/node_modules_next_dist_1e8vcs8._.js:776
[  197102ms] [LOG] [Fast Refresh] done in 47ms @ http://localhost:3000/_next/static/chunks/node_modules_next_dist_1e8vcs8._.js:776
[  197149ms] [LOG] [Fast Refresh] done in 47ms @ http://localhost:3000/_next/static/chunks/node_modules_next_dist_1e8vcs8._.js:776
[  197197ms] [LOG] [Fast Refresh] done in 47ms @ http://localhost:3000/_next/static/chunks/node_modules_next_dist_1e8vcs8._.js:776
[  197244ms] [LOG] [Fast Refresh] done in 47ms @ http://localhost:3000/_next/static/chunks/node_modules_next_dist_1e8vcs8._.js:776
[  197291ms] [LOG] [Fast Refresh] done in 47ms @ http://localhost:3000/_next/static/chunks/node_modules_next_dist_1e8vcs8._.js:776
[  197338ms] [LOG] [Fast Refresh] done in 47ms @ http://localhost:3000/_next/static/chunks/node_modules_next_dist_1e8vcs8._.js:776
[  197386ms] [LOG] [Fast Refresh] done in 47ms @ http://localhost:3000/_next/static/chunks/node_modules_next_dist_1e8vcs8._.js:776
[  197432ms] [LOG] [Fast Refresh] done in 47ms @ http://localhost:3000/_next/static/chunks/node_modules_next_dist_1e8vcs8._.js:776
[  197479ms] [LOG] [Fast Refresh] done in 47ms @ http://localhost:3000/_next/static/chunks/node_modules_next_dist_1e8vcs8._.js:776
[  197526ms] [LOG] [Fast Refresh] done in 47ms @ http://localhost:3000/_next/static/chunks/node_modules_next_dist_1e8vcs8._.js:776
[  197572ms] [LOG] [Fast Refresh] done in 47ms @ http://localhost:3000/_next/static/chunks/node_modules_next_dist_1e8vcs8._.js:776
[  197619ms] [LOG] [Fast Refresh] done in 47ms @ http://localhost:3000/_next/static/chunks/node_modules_next_dist_1e8vcs8._.js:776
[  197666ms] [LOG] [Fast Refresh] done in 47ms @ http://localhost:3000/_next/static/chunks/node_modules_next_dist_1e8vcs8._.js:776
[  197712ms] [LOG] [Fast Refresh] done in 47ms @ http://localhost:3000/_next/static/chunks/node_modules_next_dist_1e8vcs8._.js:776
[  197759ms] [LOG] [Fast Refresh] done in 47ms @ http://localhost:3000/_next/static/chunks/node_modules_next_dist_1e8vcs8._.js:776
[  197809ms] [LOG] [Fast Refresh] done in 47ms @ http://localhost:3000/_next/static/chunks/node_modules_next_dist_1e8vcs8._.js:776
[  197860ms] [LOG] [Fast Refresh] done in 47ms @ http://localhost:3000/_next/static/chunks/node_modules_next_dist_1e8vcs8._.js:776
[  197908ms] [LOG] [Fast Refresh] done in 47ms @ http://localhost:3000/_next/static/chunks/node_modules_next_dist_1e8vcs8._.js:776
[  197955ms] [LOG] [Fast Refresh] done in 47ms @ http://localhost:3000/_next/static/chunks/node_modules_next_dist_1e8vcs8._.js:776
[  198002ms] [LOG] [Fast Refresh] done in 47ms @ http://localhost:3000/_next/static/chunks/node_modules_next_dist_1e8vcs8._.js:776
[  198048ms] [LOG] [Fast Refresh] done in 47ms @ http://localhost:3000/_next/static/chunks/node_modules_next_dist_1e8vcs8._.js:776
[  198095ms] [LOG] [Fast Refresh] done in 47ms @ http://localhost:3000/_next/static/chunks/node_modules_next_dist_1e8vcs8._.js:776
[  198141ms] [LOG] [Fast Refresh] done in 47ms @ http://localhost:3000/_next/static/chunks/node_modules_next_dist_1e8vcs8._.js:776
[  198188ms] [LOG] [Fast Refresh] done in 47ms @ http://localhost:3000/_next/static/chunks/node_modules_next_dist_1e8vcs8._.js:776
[  198235ms] [LOG] [Fast Refresh] done in 47ms @ http://localhost:3000/_next/static/chunks/node_modules_next_dist_1e8vcs8._.js:776
[  198281ms] [LOG] [Fast Refresh] done in 47ms @ http://localhost:3000/_next/static/chunks/node_modules_next_dist_1e8vcs8._.js:776
[  198328ms] [LOG] [Fast Refresh] done in 47ms @ http://localhost:3000/_next/static/chunks/node_modules_next_dist_1e8vcs8._.js:776
[  198367ms] [LOG] [Fast Refresh] done in 47ms @ http://localhost:3000/_next/static/chunks/node_modules_next_dist_1e8vcs8._.js:776
[  198414ms] [LOG] [Fast Refresh] done in 47ms @ http://localhost:3000/_next/static/chunks/node_modules_next_dist_1e8vcs8._.js:776
[  198462ms] [LOG] [Fast Refresh] done in 47ms @ http://localhost:3000/_next/static/chunks/node_modules_next_dist_1e8vcs8._.js:776
[  198509ms] [LOG] [Fast Refresh] done in 47ms @ http://localhost:3000/_next/static/chunks/node_modules_next_dist_1e8vcs8._.js:776
[  198555ms] [LOG] [Fast Refresh] done in 47ms @ http://localhost:3000/_next/static/chunks/node_modules_next_dist_1e8vcs8._.js:776
[  198601ms] [LOG] [Fast Refresh] done in 47ms @ http://localhost:3000/_next/static/chunks/node_modules_next_dist_1e8vcs8._.js:776
[  198651ms] [LOG] [Fast Refresh] done in 47ms @ http://localhost:3000/_next/static/chunks/node_modules_next_dist_1e8vcs8._.js:776
[  198699ms] [LOG] [Fast Refresh] done in 47ms @ http://localhost:3000/_next/static/chunks/node_modules_next_dist_1e8vcs8._.js:776
[  198746ms] [LOG] [Fast Refresh] done in 47ms @ http://localhost:3000/_next/static/chunks/node_modules_next_dist_1e8vcs8._.js:776
[  198793ms] [LOG] [Fast Refresh] done in 47ms @ http://localhost:3000/_next/static/chunks/node_modules_next_dist_1e8vcs8._.js:776
[  198841ms] [LOG] [Fast Refresh] done in 47ms @ http://localhost:3000/_next/static/chunks/node_modules_next_dist_1e8vcs8._.js:776
[  198887ms] [LOG] [Fast Refresh] done in 47ms @ http://localhost:3000/_next/static/chunks/node_modules_next_dist_1e8vcs8._.js:776
[  198935ms] [LOG] [Fast Refresh] done in 47ms @ http://localhost:3000/_next/static/chunks/node_modules_next_dist_1e8vcs8._.js:776
[  198981ms] [LOG] [Fast Refresh] done in 47ms @ http://localhost:3000/_next/static/chunks/node_modules_next_dist_1e8vcs8._.js:776
[  199028ms] [LOG] [Fast Refresh] done in 47ms @ http://localhost:3000/_next/static/chunks/node_modules_next_dist_1e8vcs8._.js:776
[  199074ms] [LOG] [Fast Refresh] done in 47ms @ http://localhost:3000/_next/static/chunks/node_modules_next_dist_1e8vcs8._.js:776
[  199121ms] [LOG] [Fast Refresh] done in 47ms @ http://localhost:3000/_next/static/chunks/node_modules_next_dist_1e8vcs8._.js:776
[  199168ms] [LOG] [Fast Refresh] done in 47ms @ http://localhost:3000/_next/static/chunks/node_modules_next_dist_1e8vcs8._.js:776
[  199216ms] [LOG] [Fast Refresh] done in 47ms @ http://localhost:3000/_next/static/chunks/node_modules_next_dist_1e8vcs8._.js:776
[  199263ms] [LOG] [Fast Refresh] done in 47ms @ http://localhost:3000/_next/static/chunks/node_modules_next_dist_1e8vcs8._.js:776
[  199310ms] [LOG] [Fast Refresh] done in 47ms @ http://localhost:3000/_next/static/chunks/node_modules_next_dist_1e8vcs8._.js:776
[  199356ms] [LOG] [Fast Refresh] done in 47ms @ http://localhost:3000/_next/static/chunks/node_modules_next_dist_1e8vcs8._.js:776
[  199403ms] [LOG] [Fast Refresh] done in 47ms @ http://localhost:3000/_next/static/chunks/node_modules_next_dist_1e8vcs8._.js:776
[  199449ms] [LOG] [Fast Refresh] done in 47ms @ http://localhost:3000/_next/static/chunks/node_modules_next_dist_1e8vcs8._.js:776
[  199497ms] [LOG] [Fast Refresh] done in 47ms @ http://localhost:3000/_next/static/chunks/node_modules_next_dist_1e8vcs8._.js:776
[  199545ms] [LOG] [Fast Refresh] done in 47ms @ http://localhost:3000/_next/static/chunks/node_modules_next_dist_1e8vcs8._.js:776
[  199593ms] [LOG] [Fast Refresh] done in 47ms @ http://localhost:3000/_next/static/chunks/node_modules_next_dist_1e8vcs8._.js:776
[  199641ms] [LOG] [Fast Refresh] done in 47ms @ http://localhost:3000/_next/static/chunks/node_modules_next_dist_1e8vcs8._.js:776
[  199688ms] [LOG] [Fast Refresh] done in 47ms @ http://localhost:3000/_next/static/chunks/node_modules_next_dist_1e8vcs8._.js:776
[  199735ms] [LOG] [Fast Refresh] done in 47ms @ http://localhost:3000/_next/static/chunks/node_modules_next_dist_1e8vcs8._.js:776
[  199783ms] [LOG] [Fast Refresh] done in 47ms @ http://localhost:3000/_next/static/chunks/node_modules_next_dist_1e8vcs8._.js:776
[  199830ms] [LOG] [Fast Refresh] done in 47ms @ http://localhost:3000/_next/static/chunks/node_modules_next_dist_1e8vcs8._.js:776
[  199876ms] [LOG] [Fast Refresh] done in 47ms @ http://localhost:3000/_next/static/chunks/node_modules_next_dist_1e8vcs8._.js:776
[  199924ms] [LOG] [Fast Refresh] done in 47ms @ http://localhost:3000/_next/static/chunks/node_modules_next_dist_1e8vcs8._.js:776
[  199974ms] [LOG] [Fast Refresh] done in 47ms @ http://localhost:3000/_next/static/chunks/node_modules_next_dist_1e8vcs8._.js:776
[  200022ms] [LOG] [Fast Refresh] done in 47ms @ http://localhost:3000/_next/static/chunks/node_modules_next_dist_1e8vcs8._.js:776
[  200069ms] [LOG] [Fast Refresh] done in 47ms @ http://localhost:3000/_next/static/chunks/node_modules_next_dist_1e8vcs8._.js:776
[  200116ms] [LOG] [Fast Refresh] done in 47ms @ http://localhost:3000/_next/static/chunks/node_modules_next_dist_1e8vcs8._.js:776
[  200163ms] [LOG] [Fast Refresh] done in 47ms @ http://localhost:3000/_next/static/chunks/node_modules_next_dist_1e8vcs8._.js:776
[  200212ms] [LOG] [Fast Refresh] done in 47ms @ http://localhost:3000/_next/static/chunks/node_modules_next_dist_1e8vcs8._.js:776
[  200260ms] [LOG] [Fast Refresh] done in 47ms @ http://localhost:3000/_next/static/chunks/node_modules_next_dist_1e8vcs8._.js:776
[  200307ms] [LOG] [Fast Refresh] done in 47ms @ http://localhost:3000/_next/static/chunks/node_modules_next_dist_1e8vcs8._.js:776
[  200356ms] [LOG] [Fast Refresh] done in 47ms @ http://localhost:3000/_next/static/chunks/node_modules_next_dist_1e8vcs8._.js:776
[  200402ms] [LOG] [Fast Refresh] done in 47ms @ http://localhost:3000/_next/static/chunks/node_modules_next_dist_1e8vcs8._.js:776
[  200450ms] [LOG] [Fast Refresh] done in 47ms @ http://localhost:3000/_next/static/chunks/node_modules_next_dist_1e8vcs8._.js:776
[  200496ms] [LOG] [Fast Refresh] done in 47ms @ http://localhost:3000/_next/static/chunks/node_modules_next_dist_1e8vcs8._.js:776
[  200544ms] [LOG] [Fast Refresh] done in 47ms @ http://localhost:3000/_next/static/chunks/node_modules_next_dist_1e8vcs8._.js:776
[  200592ms] [LOG] [Fast Refresh] done in 47ms @ http://localhost:3000/_next/static/chunks/node_modules_next_dist_1e8vcs8._.js:776
[  200639ms] [LOG] [Fast Refresh] done in 47ms @ http://localhost:3000/_next/static/chunks/node_modules_next_dist_1e8vcs8._.js:776
[  200686ms] [LOG] [Fast Refresh] done in 47ms @ http://localhost:3000/_next/static/chunks/node_modules_next_dist_1e8vcs8._.js:776
[  200735ms] [LOG] [Fast Refresh] done in 47ms @ http://localhost:3000/_next/static/chunks/node_modules_next_dist_1e8vcs8._.js:776
[  200774ms] [LOG] [Fast Refresh] done in 47ms @ http://localhost:3000/_next/static/chunks/node_modules_next_dist_1e8vcs8._.js:776
[  200816ms] [LOG] [Fast Refresh] done in 47ms @ http://localhost:3000/_next/static/chunks/node_modules_next_dist_1e8vcs8._.js:776
[  200855ms] [LOG] [Fast Refresh] done in 47ms @ http://localhost:3000/_next/static/chunks/node_modules_next_dist_1e8vcs8._.js:776
[  200903ms] [LOG] [Fast Refresh] done in 47ms @ http://localhost:3000/_next/static/chunks/node_modules_next_dist_1e8vcs8._.js:776
[  200951ms] [LOG] [Fast Refresh] done in 47ms @ http://localhost:3000/_next/static/chunks/node_modules_next_dist_1e8vcs8._.js:776
[  200999ms] [LOG] [Fast Refresh] done in 47ms @ http://localhost:3000/_next/static/chunks/node_modules_next_dist_1e8vcs8._.js:776
[  201046ms] [LOG] [Fast Refresh] done in 47ms @ http://localhost:3000/_next/static/chunks/node_modules_next_dist_1e8vcs8._.js:776
[  201093ms] [LOG] [Fast Refresh] done in 47ms @ http://localhost:3000/_next/static/chunks/node_modules_next_dist_1e8vcs8._.js:776
[  201139ms] [LOG] [Fast Refresh] done in 47ms @ http://localhost:3000/_next/static/chunks/node_modules_next_dist_1e8vcs8._.js:776
[  201186ms] [LOG] [Fast Refresh] done in 47ms @ http://localhost:3000/_next/static/chunks/node_modules_next_dist_1e8vcs8._.js:776
[  201234ms] [LOG] [Fast Refresh] done in 47ms @ http://localhost:3000/_next/static/chunks/node_modules_next_dist_1e8vcs8._.js:776
[  201281ms] [LOG] [Fast Refresh] done in 47ms @ http://localhost:3000/_next/static/chunks/node_modules_next_dist_1e8vcs8._.js:776
[  201328ms] [LOG] [Fast Refresh] done in 47ms @ http://localhost:3000/_next/static/chunks/node_modules_next_dist_1e8vcs8._.js:776
[  201375ms] [LOG] [Fast Refresh] done in 47ms @ http://localhost:3000/_next/static/chunks/node_modules_next_dist_1e8vcs8._.js:776
[  201422ms] [LOG] [Fast Refresh] done in 47ms @ http://localhost:3000/_next/static/chunks/node_modules_next_dist_1e8vcs8._.js:776
[  201470ms] [LOG] [Fast Refresh] done in 47ms @ http://localhost:3000/_next/static/chunks/node_modules_next_dist_1e8vcs8._.js:776
[  201518ms] [LOG] [Fast Refresh] done in 47ms @ http://localhost:3000/_next/static/chunks/node_modules_next_dist_1e8vcs8._.js:776
[  201565ms] [LOG] [Fast Refresh] done in 47ms @ http://localhost:3000/_next/static/chunks/node_modules_next_dist_1e8vcs8._.js:776
[  201613ms] [LOG] [Fast Refresh] done in 47ms @ http://localhost:3000/_next/static/chunks/node_modules_next_dist_1e8vcs8._.js:776
[  201661ms] [LOG] [Fast Refresh] done in 47ms @ http://localhost:3000/_next/static/chunks/node_modules_next_dist_1e8vcs8._.js:776
[  201708ms] [LOG] [Fast Refresh] done in 47ms @ http://localhost:3000/_next/static/chunks/node_modules_next_dist_1e8vcs8._.js:776
[  201755ms] [LOG] [Fast Refresh] done in 47ms @ http://localhost:3000/_next/static/chunks/node_modules_next_dist_1e8vcs8._.js:776
[  201803ms] [LOG] [Fast Refresh] done in 47ms @ http://localhost:3000/_next/static/chunks/node_modules_next_dist_1e8vcs8._.js:776
[  201850ms] [LOG] [Fast Refresh] done in 47ms @ http://localhost:3000/_next/static/chunks/node_modules_next_dist_1e8vcs8._.js:776
[  201897ms] [LOG] [Fast Refresh] done in 47ms @ http://localhost:3000/_next/static/chunks/node_modules_next_dist_1e8vcs8._.js:776
[  201944ms] [LOG] [Fast Refresh] done in 47ms @ http://localhost:3000/_next/static/chunks/node_modules_next_dist_1e8vcs8._.js:776
[  201991ms] [LOG] [Fast Refresh] done in 47ms @ http://localhost:3000/_next/static/chunks/node_modules_next_dist_1e8vcs8._.js:776
[  202037ms] [LOG] [Fast Refresh] done in 47ms @ http://localhost:3000/_next/static/chunks/node_modules_next_dist_1e8vcs8._.js:776
[  202084ms] [LOG] [Fast Refresh] done in 47ms @ http://localhost:3000/_next/static/chunks/node_modules_next_dist_1e8vcs8._.js:776
[  202133ms] [LOG] [Fast Refresh] done in 47ms @ http://localhost:3000/_next/static/chunks/node_modules_next_dist_1e8vcs8._.js:776
[  202179ms] [LOG] [Fast Refresh] done in 47ms @ http://localhost:3000/_next/static/chunks/node_modules_next_dist_1e8vcs8._.js:776
[  202225ms] [LOG] [Fast Refresh] done in 47ms @ http://localhost:3000/_next/static/chunks/node_modules_next_dist_1e8vcs8._.js:776
[  202273ms] [LOG] [Fast Refresh] done in 47ms @ http://localhost:3000/_next/static/chunks/node_modules_next_dist_1e8vcs8._.js:776
[  202320ms] [LOG] [Fast Refresh] done in 47ms @ http://localhost:3000/_next/static/chunks/node_modules_next_dist_1e8vcs8._.js:776
[  202367ms] [LOG] [Fast Refresh] done in 47ms @ http://localhost:3000/_next/static/chunks/node_modules_next_dist_1e8vcs8._.js:776
[  202415ms] [LOG] [Fast Refresh] done in 47ms @ http://localhost:3000/_next/static/chunks/node_modules_next_dist_1e8vcs8._.js:776
[  202462ms] [LOG] [Fast Refresh] done in 47ms @ http://localhost:3000/_next/static/chunks/node_modules_next_dist_1e8vcs8._.js:776
[  202509ms] [LOG] [Fast Refresh] done in 47ms @ http://localhost:3000/_next/static/chunks/node_modules_next_dist_1e8vcs8._.js:776
[  202556ms] [LOG] [Fast Refresh] done in 47ms @ http://localhost:3000/_next/static/chunks/node_modules_next_dist_1e8vcs8._.js:776
[  202603ms] [LOG] [Fast Refresh] done in 47ms @ http://localhost:3000/_next/static/chunks/node_modules_next_dist_1e8vcs8._.js:776
[  202650ms] [LOG] [Fast Refresh] done in 47ms @ http://localhost:3000/_next/static/chunks/node_modules_next_dist_1e8vcs8._.js:776
[  202698ms] [LOG] [Fast Refresh] done in 47ms @ http://localhost:3000/_next/static/chunks/node_modules_next_dist_1e8vcs8._.js:776
[  202745ms] [LOG] [Fast Refresh] done in 47ms @ http://localhost:3000/_next/static/chunks/node_modules_next_dist_1e8vcs8._.js:776
[  202792ms] [LOG] [Fast Refresh] done in 47ms @ http://localhost:3000/_next/static/chunks/node_modules_next_dist_1e8vcs8._.js:776
[  202839ms] [LOG] [Fast Refresh] done in 47ms @ http://localhost:3000/_next/static/chunks/node_modules_next_dist_1e8vcs8._.js:776
[  202886ms] [LOG] [Fast Refresh] done in 47ms @ http://localhost:3000/_next/static/chunks/node_modules_next_dist_1e8vcs8._.js:776
[  202931ms] [LOG] [Fast Refresh] done in 47ms @ http://localhost:3000/_next/static/chunks/node_modules_next_dist_1e8vcs8._.js:776
[  202980ms] [LOG] [Fast Refresh] done in 47ms @ http://localhost:3000/_next/static/chunks/node_modules_next_dist_1e8vcs8._.js:776
[  203027ms] [LOG] [Fast Refresh] done in 47ms @ http://localhost:3000/_next/static/chunks/node_modules_next_dist_1e8vcs8._.js:776
[  203074ms] [LOG] [Fast Refresh] done in 47ms @ http://localhost:3000/_next/static/chunks/node_modules_next_dist_1e8vcs8._.js:776
[  203120ms] [LOG] [Fast Refresh] done in 47ms @ http://localhost:3000/_next/static/chunks/node_modules_next_dist_1e8vcs8._.js:776
[  203167ms] [LOG] [Fast Refresh] done in 47ms @ http://localhost:3000/_next/static/chunks/node_modules_next_dist_1e8vcs8._.js:776
[  203215ms] [LOG] [Fast Refresh] done in 47ms @ http://localhost:3000/_next/static/chunks/node_modules_next_dist_1e8vcs8._.js:776
[  203262ms] [LOG] [Fast Refresh] done in 47ms @ http://localhost:3000/_next/static/chunks/node_modules_next_dist_1e8vcs8._.js:776
[  203309ms] [LOG] [Fast Refresh] done in 47ms @ http://localhost:3000/_next/static/chunks/node_modules_next_dist_1e8vcs8._.js:776
[  203356ms] [LOG] [Fast Refresh] done in 47ms @ http://localhost:3000/_next/static/chunks/node_modules_next_dist_1e8vcs8._.js:776
[  203403ms] [LOG] [Fast Refresh] done in 47ms @ http://localhost:3000/_next/static/chunks/node_modules_next_dist_1e8vcs8._.js:776
[  203450ms] [LOG] [Fast Refresh] done in 47ms @ http://localhost:3000/_next/static/chunks/node_modules_next_dist_1e8vcs8._.js:776
[  203497ms] [LOG] [Fast Refresh] done in 47ms @ http://localhost:3000/_next/static/chunks/node_modules_next_dist_1e8vcs8._.js:776
[  203545ms] [LOG] [Fast Refresh] done in 47ms @ http://localhost:3000/_next/static/chunks/node_modules_next_dist_1e8vcs8._.js:776
[  203591ms] [LOG] [Fast Refresh] done in 47ms @ http://localhost:3000/_next/static/chunks/node_modules_next_dist_1e8vcs8._.js:776
[  203638ms] [LOG] [Fast Refresh] done in 47ms @ http://localhost:3000/_next/static/chunks/node_modules_next_dist_1e8vcs8._.js:776
[  203686ms] [LOG] [Fast Refresh] done in 47ms @ http://localhost:3000/_next/static/chunks/node_modules_next_dist_1e8vcs8._.js:776
[  203733ms] [LOG] [Fast Refresh] done in 47ms @ http://localhost:3000/_next/static/chunks/node_modules_next_dist_1e8vcs8._.js:776
[  203780ms] [LOG] [Fast Refresh] done in 47ms @ http://localhost:3000/_next/static/chunks/node_modules_next_dist_1e8vcs8._.js:776
[  203827ms] [LOG] [Fast Refresh] done in 47ms @ http://localhost:3000/_next/static/chunks/node_modules_next_dist_1e8vcs8._.js:776
[  203874ms] [LOG] [Fast Refresh] done in 47ms @ http://localhost:3000/_next/static/chunks/node_modules_next_dist_1e8vcs8._.js:776
[  203921ms] [LOG] [Fast Refresh] done in 47ms @ http://localhost:3000/_next/static/chunks/node_modules_next_dist_1e8vcs8._.js:776
[  203968ms] [LOG] [Fast Refresh] done in 47ms @ http://localhost:3000/_next/static/chunks/node_modules_next_dist_1e8vcs8._.js:776
[  204015ms] [LOG] [Fast Refresh] done in 47ms @ http://localhost:3000/_next/static/chunks/node_modules_next_dist_1e8vcs8._.js:776
[  204062ms] [LOG] [Fast Refresh] done in 47ms @ http://localhost:3000/_next/static/chunks/node_modules_next_dist_1e8vcs8._.js:776
[  204108ms] [LOG] [Fast Refresh] done in 47ms @ http://localhost:3000/_next/static/chunks/node_modules_next_dist_1e8vcs8._.js:776
[  204154ms] [LOG] [Fast Refresh] done in 47ms @ http://localhost:3000/_next/static/chunks/node_modules_next_dist_1e8vcs8._.js:776
[  204201ms] [LOG] [Fast Refresh] done in 47ms @ http://localhost:3000/_next/static/chunks/node_modules_next_dist_1e8vcs8._.js:776
[  204248ms] [LOG] [Fast Refresh] done in 47ms @ http://localhost:3000/_next/static/chunks/node_modules_next_dist_1e8vcs8._.js:776
[  204296ms] [LOG] [Fast Refresh] done in 47ms @ http://localhost:3000/_next/static/chunks/node_modules_next_dist_1e8vcs8._.js:776
[  204342ms] [LOG] [Fast Refresh] done in 47ms @ http://localhost:3000/_next/static/chunks/node_modules_next_dist_1e8vcs8._.js:776
[  204389ms] [LOG] [Fast Refresh] done in 47ms @ http://localhost:3000/_next/static/chunks/node_modules_next_dist_1e8vcs8._.js:776
[  204436ms] [LOG] [Fast Refresh] done in 47ms @ http://localhost:3000/_next/static/chunks/node_modules_next_dist_1e8vcs8._.js:776
[  204484ms] [LOG] [Fast Refresh] done in 47ms @ http://localhost:3000/_next/static/chunks/node_modules_next_dist_1e8vcs8._.js:776
[  204530ms] [LOG] [Fast Refresh] done in 47ms @ http://localhost:3000/_next/static/chunks/node_modules_next_dist_1e8vcs8._.js:776
[  204578ms] [LOG] [Fast Refresh] done in 47ms @ http://localhost:3000/_next/static/chunks/node_modules_next_dist_1e8vcs8._.js:776
[  204624ms] [LOG] [Fast Refresh] done in 47ms @ http://localhost:3000/_next/static/chunks/node_modules_next_dist_1e8vcs8._.js:776
[  204671ms] [LOG] [Fast Refresh] done in 47ms @ http://localhost:3000/_next/static/chunks/node_modules_next_dist_1e8vcs8._.js:776
[  204719ms] [LOG] [Fast Refresh] done in 47ms @ http://localhost:3000/_next/static/chunks/node_modules_next_dist_1e8vcs8._.js:776
[  204767ms] [LOG] [Fast Refresh] done in 47ms @ http://localhost:3000/_next/static/chunks/node_modules_next_dist_1e8vcs8._.js:776
[  204813ms] [LOG] [Fast Refresh] done in 47ms @ http://localhost:3000/_next/static/chunks/node_modules_next_dist_1e8vcs8._.js:776
[  204861ms] [LOG] [Fast Refresh] done in 47ms @ http://localhost:3000/_next/static/chunks/node_modules_next_dist_1e8vcs8._.js:776
[  204908ms] [LOG] [Fast Refresh] done in 47ms @ http://localhost:3000/_next/static/chunks/node_modules_next_dist_1e8vcs8._.js:776
[  204956ms] [LOG] [Fast Refresh] done in 47ms @ http://localhost:3000/_next/static/chunks/node_modules_next_dist_1e8vcs8._.js:776
[  205002ms] [LOG] [Fast Refresh] done in 47ms @ http://localhost:3000/_next/static/chunks/node_modules_next_dist_1e8vcs8._.js:776
[  205049ms] [LOG] [Fast Refresh] done in 47ms @ http://localhost:3000/_next/static/chunks/node_modules_next_dist_1e8vcs8._.js:776
[  205096ms] [LOG] [Fast Refresh] done in 47ms @ http://localhost:3000/_next/static/chunks/node_modules_next_dist_1e8vcs8._.js:776
[  205143ms] [LOG] [Fast Refresh] done in 47ms @ http://localhost:3000/_next/static/chunks/node_modules_next_dist_1e8vcs8._.js:776
[  205189ms] [LOG] [Fast Refresh] done in 47ms @ http://localhost:3000/_next/static/chunks/node_modules_next_dist_1e8vcs8._.js:776
[  205236ms] [LOG] [Fast Refresh] done in 47ms @ http://localhost:3000/_next/static/chunks/node_modules_next_dist_1e8vcs8._.js:776
[  205283ms] [LOG] [Fast Refresh] done in 47ms @ http://localhost:3000/_next/static/chunks/node_modules_next_dist_1e8vcs8._.js:776
[  205330ms] [LOG] [Fast Refresh] done in 47ms @ http://localhost:3000/_next/static/chunks/node_modules_next_dist_1e8vcs8._.js:776
[  205378ms] [LOG] [Fast Refresh] done in 47ms @ http://localhost:3000/_next/static/chunks/node_modules_next_dist_1e8vcs8._.js:776
[  205425ms] [LOG] [Fast Refresh] done in 47ms @ http://localhost:3000/_next/static/chunks/node_modules_next_dist_1e8vcs8._.js:776
[  205475ms] [LOG] [Fast Refresh] done in 47ms @ http://localhost:3000/_next/static/chunks/node_modules_next_dist_1e8vcs8._.js:776
[  205522ms] [LOG] [Fast Refresh] done in 47ms @ http://localhost:3000/_next/static/chunks/node_modules_next_dist_1e8vcs8._.js:776
[  205571ms] [LOG] [Fast Refresh] done in 47ms @ http://localhost:3000/_next/static/chunks/node_modules_next_dist_1e8vcs8._.js:776
[  205616ms] [LOG] [Fast Refresh] done in 47ms @ http://localhost:3000/_next/static/chunks/node_modules_next_dist_1e8vcs8._.js:776
[  205663ms] [LOG] [Fast Refresh] done in 47ms @ http://localhost:3000/_next/static/chunks/node_modules_next_dist_1e8vcs8._.js:776
[  205709ms] [LOG] [Fast Refresh] done in 47ms @ http://localhost:3000/_next/static/chunks/node_modules_next_dist_1e8vcs8._.js:776
[  205756ms] [LOG] [Fast Refresh] done in 47ms @ http://localhost:3000/_next/static/chunks/node_modules_next_dist_1e8vcs8._.js:776
[  205804ms] [LOG] [Fast Refresh] done in 47ms @ http://localhost:3000/_next/static/chunks/node_modules_next_dist_1e8vcs8._.js:776
[  205852ms] [LOG] [Fast Refresh] done in 47ms @ http://localhost:3000/_next/static/chunks/node_modules_next_dist_1e8vcs8._.js:776
[  205898ms] [LOG] [Fast Refresh] done in 47ms @ http://localhost:3000/_next/static/chunks/node_modules_next_dist_1e8vcs8._.js:776
[  205945ms] [LOG] [Fast Refresh] done in 47ms @ http://localhost:3000/_next/static/chunks/node_modules_next_dist_1e8vcs8._.js:776
[  205993ms] [LOG] [Fast Refresh] done in 47ms @ http://localhost:3000/_next/static/chunks/node_modules_next_dist_1e8vcs8._.js:776
[  206040ms] [LOG] [Fast Refresh] done in 47ms @ http://localhost:3000/_next/static/chunks/node_modules_next_dist_1e8vcs8._.js:776
[  206087ms] [LOG] [Fast Refresh] done in 47ms @ http://localhost:3000/_next/static/chunks/node_modules_next_dist_1e8vcs8._.js:776
[  206133ms] [LOG] [Fast Refresh] done in 47ms @ http://localhost:3000/_next/static/chunks/node_modules_next_dist_1e8vcs8._.js:776
[  206180ms] [LOG] [Fast Refresh] done in 47ms @ http://localhost:3000/_next/static/chunks/node_modules_next_dist_1e8vcs8._.js:776
[  206228ms] [LOG] [Fast Refresh] done in 47ms @ http://localhost:3000/_next/static/chunks/node_modules_next_dist_1e8vcs8._.js:776
[  206275ms] [LOG] [Fast Refresh] done in 47ms @ http://localhost:3000/_next/static/chunks/node_modules_next_dist_1e8vcs8._.js:776
[  206320ms] [LOG] [Fast Refresh] done in 47ms @ http://localhost:3000/_next/static/chunks/node_modules_next_dist_1e8vcs8._.js:776
[  206367ms] [LOG] [Fast Refresh] done in 47ms @ http://localhost:3000/_next/static/chunks/node_modules_next_dist_1e8vcs8._.js:776
[  206415ms] [LOG] [Fast Refresh] done in 47ms @ http://localhost:3000/_next/static/chunks/node_modules_next_dist_1e8vcs8._.js:776
[  206461ms] [LOG] [Fast Refresh] done in 47ms @ http://localhost:3000/_next/static/chunks/node_modules_next_dist_1e8vcs8._.js:776
[  206507ms] [LOG] [Fast Refresh] done in 47ms @ http://localhost:3000/_next/static/chunks/node_modules_next_dist_1e8vcs8._.js:776
[  206555ms] [LOG] [Fast Refresh] done in 47ms @ http://localhost:3000/_next/static/chunks/node_modules_next_dist_1e8vcs8._.js:776
[  206603ms] [LOG] [Fast Refresh] done in 47ms @ http://localhost:3000/_next/static/chunks/node_modules_next_dist_1e8vcs8._.js:776
[  206650ms] [LOG] [Fast Refresh] done in 47ms @ http://localhost:3000/_next/static/chunks/node_modules_next_dist_1e8vcs8._.js:776
[  206697ms] [LOG] [Fast Refresh] done in 47ms @ http://localhost:3000/_next/static/chunks/node_modules_next_dist_1e8vcs8._.js:776
[  206745ms] [LOG] [Fast Refresh] done in 47ms @ http://localhost:3000/_next/static/chunks/node_modules_next_dist_1e8vcs8._.js:776
[  206793ms] [LOG] [Fast Refresh] done in 47ms @ http://localhost:3000/_next/static/chunks/node_modules_next_dist_1e8vcs8._.js:776
[  206839ms] [LOG] [Fast Refresh] done in 47ms @ http://localhost:3000/_next/static/chunks/node_modules_next_dist_1e8vcs8._.js:776
[  206887ms] [LOG] [Fast Refresh] done in 47ms @ http://localhost:3000/_next/static/chunks/node_modules_next_dist_1e8vcs8._.js:776
[  206934ms] [LOG] [Fast Refresh] done in 47ms @ http://localhost:3000/_next/static/chunks/node_modules_next_dist_1e8vcs8._.js:776
[  206981ms] [LOG] [Fast Refresh] done in 47ms @ http://localhost:3000/_next/static/chunks/node_modules_next_dist_1e8vcs8._.js:776
[  207028ms] [LOG] [Fast Refresh] done in 47ms @ http://localhost:3000/_next/static/chunks/node_modules_next_dist_1e8vcs8._.js:776
[  207075ms] [LOG] [Fast Refresh] done in 47ms @ http://localhost:3000/_next/static/chunks/node_modules_next_dist_1e8vcs8._.js:776
[  207122ms] [LOG] [Fast Refresh] done in 47ms @ http://localhost:3000/_next/static/chunks/node_modules_next_dist_1e8vcs8._.js:776
[  207169ms] [LOG] [Fast Refresh] done in 47ms @ http://localhost:3000/_next/static/chunks/node_modules_next_dist_1e8vcs8._.js:776
[  207216ms] [LOG] [Fast Refresh] done in 47ms @ http://localhost:3000/_next/static/chunks/node_modules_next_dist_1e8vcs8._.js:776
[  207262ms] [LOG] [Fast Refresh] done in 47ms @ http://localhost:3000/_next/static/chunks/node_modules_next_dist_1e8vcs8._.js:776
[  207311ms] [LOG] [Fast Refresh] done in 47ms @ http://localhost:3000/_next/static/chunks/node_modules_next_dist_1e8vcs8._.js:776
[  207359ms] [LOG] [Fast Refresh] done in 47ms @ http://localhost:3000/_next/static/chunks/node_modules_next_dist_1e8vcs8._.js:776
[  207406ms] [LOG] [Fast Refresh] done in 47ms @ http://localhost:3000/_next/static/chunks/node_modules_next_dist_1e8vcs8._.js:776
[  207453ms] [LOG] [Fast Refresh] done in 47ms @ http://localhost:3000/_next/static/chunks/node_modules_next_dist_1e8vcs8._.js:776
[  207501ms] [LOG] [Fast Refresh] done in 47ms @ http://localhost:3000/_next/static/chunks/node_modules_next_dist_1e8vcs8._.js:776
[  207548ms] [LOG] [Fast Refresh] done in 47ms @ http://localhost:3000/_next/static/chunks/node_modules_next_dist_1e8vcs8._.js:776
[  207596ms] [LOG] [Fast Refresh] done in 47ms @ http://localhost:3000/_next/static/chunks/node_modules_next_dist_1e8vcs8._.js:776
[  207643ms] [LOG] [Fast Refresh] done in 47ms @ http://localhost:3000/_next/static/chunks/node_modules_next_dist_1e8vcs8._.js:776
[  207690ms] [LOG] [Fast Refresh] done in 47ms @ http://localhost:3000/_next/static/chunks/node_modules_next_dist_1e8vcs8._.js:776
[  207738ms] [LOG] [Fast Refresh] done in 47ms @ http://localhost:3000/_next/static/chunks/node_modules_next_dist_1e8vcs8._.js:776
[  207786ms] [LOG] [Fast Refresh] done in 47ms @ http://localhost:3000/_next/static/chunks/node_modules_next_dist_1e8vcs8._.js:776
[  207833ms] [LOG] [Fast Refresh] done in 47ms @ http://localhost:3000/_next/static/chunks/node_modules_next_dist_1e8vcs8._.js:776
[  207886ms] [LOG] [Fast Refresh] done in 47ms @ http://localhost:3000/_next/static/chunks/node_modules_next_dist_1e8vcs8._.js:776
[  207924ms] [LOG] [Fast Refresh] done in 47ms @ http://localhost:3000/_next/static/chunks/node_modules_next_dist_1e8vcs8._.js:776
[  207971ms] [LOG] [Fast Refresh] done in 47ms @ http://localhost:3000/_next/static/chunks/node_modules_next_dist_1e8vcs8._.js:776
[  208018ms] [LOG] [Fast Refresh] done in 47ms @ http://localhost:3000/_next/static/chunks/node_modules_next_dist_1e8vcs8._.js:776
[  208066ms] [LOG] [Fast Refresh] done in 47ms @ http://localhost:3000/_next/static/chunks/node_modules_next_dist_1e8vcs8._.js:776
[  208112ms] [LOG] [Fast Refresh] done in 47ms @ http://localhost:3000/_next/static/chunks/node_modules_next_dist_1e8vcs8._.js:776
[  208161ms] [LOG] [Fast Refresh] done in 47ms @ http://localhost:3000/_next/static/chunks/node_modules_next_dist_1e8vcs8._.js:776
[  208208ms] [LOG] [Fast Refresh] done in 47ms @ http://localhost:3000/_next/static/chunks/node_modules_next_dist_1e8vcs8._.js:776
[  208255ms] [LOG] [Fast Refresh] done in 47ms @ http://localhost:3000/_next/static/chunks/node_modules_next_dist_1e8vcs8._.js:776
[  208302ms] [LOG] [Fast Refresh] done in 47ms @ http://localhost:3000/_next/static/chunks/node_modules_next_dist_1e8vcs8._.js:776
[  208349ms] [LOG] [Fast Refresh] done in 47ms @ http://localhost:3000/_next/static/chunks/node_modules_next_dist_1e8vcs8._.js:776
[  208396ms] [LOG] [Fast Refresh] done in 47ms @ http://localhost:3000/_next/static/chunks/node_modules_next_dist_1e8vcs8._.js:776
[  208444ms] [LOG] [Fast Refresh] done in 47ms @ http://localhost:3000/_next/static/chunks/node_modules_next_dist_1e8vcs8._.js:776
[  208491ms] [LOG] [Fast Refresh] done in 47ms @ http://localhost:3000/_next/static/chunks/node_modules_next_dist_1e8vcs8._.js:776
[  208539ms] [LOG] [Fast Refresh] done in 47ms @ http://localhost:3000/_next/static/chunks/node_modules_next_dist_1e8vcs8._.js:776
[  208587ms] [LOG] [Fast Refresh] done in 47ms @ http://localhost:3000/_next/static/chunks/node_modules_next_dist_1e8vcs8._.js:776
[  208635ms] [LOG] [Fast Refresh] done in 47ms @ http://localhost:3000/_next/static/chunks/node_modules_next_dist_1e8vcs8._.js:776
[  208681ms] [LOG] [Fast Refresh] done in 47ms @ http://localhost:3000/_next/static/chunks/node_modules_next_dist_1e8vcs8._.js:776
[  208728ms] [LOG] [Fast Refresh] done in 47ms @ http://localhost:3000/_next/static/chunks/node_modules_next_dist_1e8vcs8._.js:776
[  208775ms] [LOG] [Fast Refresh] done in 47ms @ http://localhost:3000/_next/static/chunks/node_modules_next_dist_1e8vcs8._.js:776
[  208823ms] [LOG] [Fast Refresh] done in 47ms @ http://localhost:3000/_next/static/chunks/node_modules_next_dist_1e8vcs8._.js:776
[  208870ms] [LOG] [Fast Refresh] done in 47ms @ http://localhost:3000/_next/static/chunks/node_modules_next_dist_1e8vcs8._.js:776
[  208917ms] [LOG] [Fast Refresh] done in 47ms @ http://localhost:3000/_next/static/chunks/node_modules_next_dist_1e8vcs8._.js:776
[  208963ms] [LOG] [Fast Refresh] done in 47ms @ http://localhost:3000/_next/static/chunks/node_modules_next_dist_1e8vcs8._.js:776
[  209009ms] [LOG] [Fast Refresh] done in 47ms @ http://localhost:3000/_next/static/chunks/node_modules_next_dist_1e8vcs8._.js:776
[  209059ms] [LOG] [Fast Refresh] done in 47ms @ http://localhost:3000/_next/static/chunks/node_modules_next_dist_1e8vcs8._.js:776
[  209105ms] [LOG] [Fast Refresh] done in 47ms @ http://localhost:3000/_next/static/chunks/node_modules_next_dist_1e8vcs8._.js:776
[  209152ms] [LOG] [Fast Refresh] done in 47ms @ http://localhost:3000/_next/static/chunks/node_modules_next_dist_1e8vcs8._.js:776
[  209199ms] [LOG] [Fast Refresh] done in 47ms @ http://localhost:3000/_next/static/chunks/node_modules_next_dist_1e8vcs8._.js:776
[  209246ms] [LOG] [Fast Refresh] done in 47ms @ http://localhost:3000/_next/static/chunks/node_modules_next_dist_1e8vcs8._.js:776
[  209292ms] [LOG] [Fast Refresh] done in 47ms @ http://localhost:3000/_next/static/chunks/node_modules_next_dist_1e8vcs8._.js:776
[  209339ms] [LOG] [Fast Refresh] done in 47ms @ http://localhost:3000/_next/static/chunks/node_modules_next_dist_1e8vcs8._.js:776
[  209386ms] [LOG] [Fast Refresh] done in 47ms @ http://localhost:3000/_next/static/chunks/node_modules_next_dist_1e8vcs8._.js:776
[  209433ms] [LOG] [Fast Refresh] done in 47ms @ http://localhost:3000/_next/static/chunks/node_modules_next_dist_1e8vcs8._.js:776
[  209479ms] [LOG] [Fast Refresh] done in 47ms @ http://localhost:3000/_next/static/chunks/node_modules_next_dist_1e8vcs8._.js:776
[  209526ms] [LOG] [Fast Refresh] done in 47ms @ http://localhost:3000/_next/static/chunks/node_modules_next_dist_1e8vcs8._.js:776
[  209572ms] [LOG] [Fast Refresh] done in 47ms @ http://localhost:3000/_next/static/chunks/node_modules_next_dist_1e8vcs8._.js:776
[  209619ms] [LOG] [Fast Refresh] done in 47ms @ http://localhost:3000/_next/static/chunks/node_modules_next_dist_1e8vcs8._.js:776
[  209666ms] [LOG] [Fast Refresh] done in 47ms @ http://localhost:3000/_next/static/chunks/node_modules_next_dist_1e8vcs8._.js:776
[  209712ms] [LOG] [Fast Refresh] done in 47ms @ http://localhost:3000/_next/static/chunks/node_modules_next_dist_1e8vcs8._.js:776
[  209758ms] [LOG] [Fast Refresh] done in 47ms @ http://localhost:3000/_next/static/chunks/node_modules_next_dist_1e8vcs8._.js:776
[  209805ms] [LOG] [Fast Refresh] done in 47ms @ http://localhost:3000/_next/static/chunks/node_modules_next_dist_1e8vcs8._.js:776
[  209851ms] [LOG] [Fast Refresh] done in 47ms @ http://localhost:3000/_next/static/chunks/node_modules_next_dist_1e8vcs8._.js:776
[  209900ms] [LOG] [Fast Refresh] done in 47ms @ http://localhost:3000/_next/static/chunks/node_modules_next_dist_1e8vcs8._.js:776
[  209946ms] [LOG] [Fast Refresh] done in 47ms @ http://localhost:3000/_next/static/chunks/node_modules_next_dist_1e8vcs8._.js:776
[  209995ms] [LOG] [Fast Refresh] done in 47ms @ http://localhost:3000/_next/static/chunks/node_modules_next_dist_1e8vcs8._.js:776
[  210041ms] [LOG] [Fast Refresh] done in 47ms @ http://localhost:3000/_next/static/chunks/node_modules_next_dist_1e8vcs8._.js:776
[  210087ms] [LOG] [Fast Refresh] done in 47ms @ http://localhost:3000/_next/static/chunks/node_modules_next_dist_1e8vcs8._.js:776
[  210134ms] [LOG] [Fast Refresh] done in 47ms @ http://localhost:3000/_next/static/chunks/node_modules_next_dist_1e8vcs8._.js:776
[  210181ms] [LOG] [Fast Refresh] done in 47ms @ http://localhost:3000/_next/static/chunks/node_modules_next_dist_1e8vcs8._.js:776
[  210228ms] [LOG] [Fast Refresh] done in 47ms @ http://localhost:3000/_next/static/chunks/node_modules_next_dist_1e8vcs8._.js:776
[  210275ms] [LOG] [Fast Refresh] done in 47ms @ http://localhost:3000/_next/static/chunks/node_modules_next_dist_1e8vcs8._.js:776
[  210322ms] [LOG] [Fast Refresh] done in 47ms @ http://localhost:3000/_next/static/chunks/node_modules_next_dist_1e8vcs8._.js:776
[  210369ms] [LOG] [Fast Refresh] done in 47ms @ http://localhost:3000/_next/static/chunks/node_modules_next_dist_1e8vcs8._.js:776
[  210417ms] [LOG] [Fast Refresh] done in 47ms @ http://localhost:3000/_next/static/chunks/node_modules_next_dist_1e8vcs8._.js:776
[  210463ms] [LOG] [Fast Refresh] done in 47ms @ http://localhost:3000/_next/static/chunks/node_modules_next_dist_1e8vcs8._.js:776
[  210511ms] [LOG] [Fast Refresh] done in 47ms @ http://localhost:3000/_next/static/chunks/node_modules_next_dist_1e8vcs8._.js:776
[  210557ms] [LOG] [Fast Refresh] done in 47ms @ http://localhost:3000/_next/static/chunks/node_modules_next_dist_1e8vcs8._.js:776
[  210604ms] [LOG] [Fast Refresh] done in 47ms @ http://localhost:3000/_next/static/chunks/node_modules_next_dist_1e8vcs8._.js:776
[  210652ms] [LOG] [Fast Refresh] done in 47ms @ http://localhost:3000/_next/static/chunks/node_modules_next_dist_1e8vcs8._.js:776
[  210698ms] [LOG] [Fast Refresh] done in 47ms @ http://localhost:3000/_next/static/chunks/node_modules_next_dist_1e8vcs8._.js:776
[  210745ms] [LOG] [Fast Refresh] done in 47ms @ http://localhost:3000/_next/static/chunks/node_modules_next_dist_1e8vcs8._.js:776
[  210795ms] [LOG] [Fast Refresh] done in 47ms @ http://localhost:3000/_next/static/chunks/node_modules_next_dist_1e8vcs8._.js:776
[  210842ms] [LOG] [Fast Refresh] done in 47ms @ http://localhost:3000/_next/static/chunks/node_modules_next_dist_1e8vcs8._.js:776
[  210888ms] [LOG] [Fast Refresh] done in 47ms @ http://localhost:3000/_next/static/chunks/node_modules_next_dist_1e8vcs8._.js:776
[  210935ms] [LOG] [Fast Refresh] done in 47ms @ http://localhost:3000/_next/static/chunks/node_modules_next_dist_1e8vcs8._.js:776
[  210982ms] [LOG] [Fast Refresh] done in 47ms @ http://localhost:3000/_next/static/chunks/node_modules_next_dist_1e8vcs8._.js:776
[  211030ms] [LOG] [Fast Refresh] done in 47ms @ http://localhost:3000/_next/static/chunks/node_modules_next_dist_1e8vcs8._.js:776
[  211078ms] [LOG] [Fast Refresh] done in 47ms @ http://localhost:3000/_next/static/chunks/node_modules_next_dist_1e8vcs8._.js:776
[  211125ms] [LOG] [Fast Refresh] done in 47ms @ http://localhost:3000/_next/static/chunks/node_modules_next_dist_1e8vcs8._.js:776
[  211172ms] [LOG] [Fast Refresh] done in 47ms @ http://localhost:3000/_next/static/chunks/node_modules_next_dist_1e8vcs8._.js:776
[  211219ms] [LOG] [Fast Refresh] done in 47ms @ http://localhost:3000/_next/static/chunks/node_modules_next_dist_1e8vcs8._.js:776
[  211265ms] [LOG] [Fast Refresh] done in 47ms @ http://localhost:3000/_next/static/chunks/node_modules_next_dist_1e8vcs8._.js:776
[  211313ms] [LOG] [Fast Refresh] done in 47ms @ http://localhost:3000/_next/static/chunks/node_modules_next_dist_1e8vcs8._.js:776
[  211359ms] [LOG] [Fast Refresh] done in 47ms @ http://localhost:3000/_next/static/chunks/node_modules_next_dist_1e8vcs8._.js:776
[  211407ms] [LOG] [Fast Refresh] done in 47ms @ http://localhost:3000/_next/static/chunks/node_modules_next_dist_1e8vcs8._.js:776
[  211454ms] [LOG] [Fast Refresh] done in 47ms @ http://localhost:3000/_next/static/chunks/node_modules_next_dist_1e8vcs8._.js:776
[  211500ms] [LOG] [Fast Refresh] done in 47ms @ http://localhost:3000/_next/static/chunks/node_modules_next_dist_1e8vcs8._.js:776
[  211547ms] [LOG] [Fast Refresh] done in 47ms @ http://localhost:3000/_next/static/chunks/node_modules_next_dist_1e8vcs8._.js:776
[  211595ms] [LOG] [Fast Refresh] done in 47ms @ http://localhost:3000/_next/static/chunks/node_modules_next_dist_1e8vcs8._.js:776
[  211643ms] [LOG] [Fast Refresh] done in 47ms @ http://localhost:3000/_next/static/chunks/node_modules_next_dist_1e8vcs8._.js:776
[  211690ms] [LOG] [Fast Refresh] done in 47ms @ http://localhost:3000/_next/static/chunks/node_modules_next_dist_1e8vcs8._.js:776
[  211737ms] [LOG] [Fast Refresh] done in 47ms @ http://localhost:3000/_next/static/chunks/node_modules_next_dist_1e8vcs8._.js:776
[  211783ms] [LOG] [Fast Refresh] done in 47ms @ http://localhost:3000/_next/static/chunks/node_modules_next_dist_1e8vcs8._.js:776
[  211829ms] [LOG] [Fast Refresh] done in 47ms @ http://localhost:3000/_next/static/chunks/node_modules_next_dist_1e8vcs8._.js:776
[  211876ms] [LOG] [Fast Refresh] done in 47ms @ http://localhost:3000/_next/static/chunks/node_modules_next_dist_1e8vcs8._.js:776
[  211923ms] [LOG] [Fast Refresh] done in 47ms @ http://localhost:3000/_next/static/chunks/node_modules_next_dist_1e8vcs8._.js:776
[  211970ms] [LOG] [Fast Refresh] done in 47ms @ http://localhost:3000/_next/static/chunks/node_modules_next_dist_1e8vcs8._.js:776
[  212017ms] [LOG] [Fast Refresh] done in 47ms @ http://localhost:3000/_next/static/chunks/node_modules_next_dist_1e8vcs8._.js:776
[  212064ms] [LOG] [Fast Refresh] done in 47ms @ http://localhost:3000/_next/static/chunks/node_modules_next_dist_1e8vcs8._.js:776
[  212109ms] [LOG] [Fast Refresh] done in 47ms @ http://localhost:3000/_next/static/chunks/node_modules_next_dist_1e8vcs8._.js:776
[  212156ms] [LOG] [Fast Refresh] done in 47ms @ http://localhost:3000/_next/static/chunks/node_modules_next_dist_1e8vcs8._.js:776
[  212204ms] [LOG] [Fast Refresh] done in 47ms @ http://localhost:3000/_next/static/chunks/node_modules_next_dist_1e8vcs8._.js:776
[  212252ms] [LOG] [Fast Refresh] done in 47ms @ http://localhost:3000/_next/static/chunks/node_modules_next_dist_1e8vcs8._.js:776
[  212299ms] [LOG] [Fast Refresh] done in 47ms @ http://localhost:3000/_next/static/chunks/node_modules_next_dist_1e8vcs8._.js:776
[  212345ms] [LOG] [Fast Refresh] done in 47ms @ http://localhost:3000/_next/static/chunks/node_modules_next_dist_1e8vcs8._.js:776
[  212392ms] [LOG] [Fast Refresh] done in 47ms @ http://localhost:3000/_next/static/chunks/node_modules_next_dist_1e8vcs8._.js:776
[  212439ms] [LOG] [Fast Refresh] done in 47ms @ http://localhost:3000/_next/static/chunks/node_modules_next_dist_1e8vcs8._.js:776
[  212486ms] [LOG] [Fast Refresh] done in 47ms @ http://localhost:3000/_next/static/chunks/node_modules_next_dist_1e8vcs8._.js:776
[  212535ms] [LOG] [Fast Refresh] done in 47ms @ http://localhost:3000/_next/static/chunks/node_modules_next_dist_1e8vcs8._.js:776
[  212582ms] [LOG] [Fast Refresh] done in 47ms @ http://localhost:3000/_next/static/chunks/node_modules_next_dist_1e8vcs8._.js:776
[  212629ms] [LOG] [Fast Refresh] done in 47ms @ http://localhost:3000/_next/static/chunks/node_modules_next_dist_1e8vcs8._.js:776
[  212676ms] [LOG] [Fast Refresh] done in 47ms @ http://localhost:3000/_next/static/chunks/node_modules_next_dist_1e8vcs8._.js:776
[  212722ms] [LOG] [Fast Refresh] done in 47ms @ http://localhost:3000/_next/static/chunks/node_modules_next_dist_1e8vcs8._.js:776
[  212769ms] [LOG] [Fast Refresh] done in 47ms @ http://localhost:3000/_next/static/chunks/node_modules_next_dist_1e8vcs8._.js:776
[  212816ms] [LOG] [Fast Refresh] done in 47ms @ http://localhost:3000/_next/static/chunks/node_modules_next_dist_1e8vcs8._.js:776
[  212864ms] [LOG] [Fast Refresh] done in 47ms @ http://localhost:3000/_next/static/chunks/node_modules_next_dist_1e8vcs8._.js:776
[  212911ms] [LOG] [Fast Refresh] done in 47ms @ http://localhost:3000/_next/static/chunks/node_modules_next_dist_1e8vcs8._.js:776
[  212958ms] [LOG] [Fast Refresh] done in 47ms @ http://localhost:3000/_next/static/chunks/node_modules_next_dist_1e8vcs8._.js:776
[  213006ms] [LOG] [Fast Refresh] done in 47ms @ http://localhost:3000/_next/static/chunks/node_modules_next_dist_1e8vcs8._.js:776
[  213053ms] [LOG] [Fast Refresh] done in 47ms @ http://localhost:3000/_next/static/chunks/node_modules_next_dist_1e8vcs8._.js:776
[  213100ms] [LOG] [Fast Refresh] done in 47ms @ http://localhost:3000/_next/static/chunks/node_modules_next_dist_1e8vcs8._.js:776
[  213147ms] [LOG] [Fast Refresh] done in 47ms @ http://localhost:3000/_next/static/chunks/node_modules_next_dist_1e8vcs8._.js:776
[  213195ms] [LOG] [Fast Refresh] done in 47ms @ http://localhost:3000/_next/static/chunks/node_modules_next_dist_1e8vcs8._.js:776
[  213242ms] [LOG] [Fast Refresh] done in 47ms @ http://localhost:3000/_next/static/chunks/node_modules_next_dist_1e8vcs8._.js:776
[  213289ms] [LOG] [Fast Refresh] done in 47ms @ http://localhost:3000/_next/static/chunks/node_modules_next_dist_1e8vcs8._.js:776
[  213336ms] [LOG] [Fast Refresh] done in 47ms @ http://localhost:3000/_next/static/chunks/node_modules_next_dist_1e8vcs8._.js:776
[  213384ms] [LOG] [Fast Refresh] done in 47ms @ http://localhost:3000/_next/static/chunks/node_modules_next_dist_1e8vcs8._.js:776
[  213431ms] [LOG] [Fast Refresh] done in 47ms @ http://localhost:3000/_next/static/chunks/node_modules_next_dist_1e8vcs8._.js:776
[  213478ms] [LOG] [Fast Refresh] done in 47ms @ http://localhost:3000/_next/static/chunks/node_modules_next_dist_1e8vcs8._.js:776
[  213525ms] [LOG] [Fast Refresh] done in 47ms @ http://localhost:3000/_next/static/chunks/node_modules_next_dist_1e8vcs8._.js:776
[  213572ms] [LOG] [Fast Refresh] done in 47ms @ http://localhost:3000/_next/static/chunks/node_modules_next_dist_1e8vcs8._.js:776
[  213618ms] [LOG] [Fast Refresh] done in 47ms @ http://localhost:3000/_next/static/chunks/node_modules_next_dist_1e8vcs8._.js:776
[  213665ms] [LOG] [Fast Refresh] done in 47ms @ http://localhost:3000/_next/static/chunks/node_modules_next_dist_1e8vcs8._.js:776
[  213712ms] [LOG] [Fast Refresh] done in 47ms @ http://localhost:3000/_next/static/chunks/node_modules_next_dist_1e8vcs8._.js:776
[  213758ms] [LOG] [Fast Refresh] done in 47ms @ http://localhost:3000/_next/static/chunks/node_modules_next_dist_1e8vcs8._.js:776
[  213804ms] [LOG] [Fast Refresh] done in 47ms @ http://localhost:3000/_next/static/chunks/node_modules_next_dist_1e8vcs8._.js:776
[  213851ms] [LOG] [Fast Refresh] done in 47ms @ http://localhost:3000/_next/static/chunks/node_modules_next_dist_1e8vcs8._.js:776
[  213898ms] [LOG] [Fast Refresh] done in 47ms @ http://localhost:3000/_next/static/chunks/node_modules_next_dist_1e8vcs8._.js:776
[  213945ms] [LOG] [Fast Refresh] done in 47ms @ http://localhost:3000/_next/static/chunks/node_modules_next_dist_1e8vcs8._.js:776
[  213993ms] [LOG] [Fast Refresh] done in 47ms @ http://localhost:3000/_next/static/chunks/node_modules_next_dist_1e8vcs8._.js:776
[  214039ms] [LOG] [Fast Refresh] done in 47ms @ http://localhost:3000/_next/static/chunks/node_modules_next_dist_1e8vcs8._.js:776
[  214086ms] [LOG] [Fast Refresh] done in 47ms @ http://localhost:3000/_next/static/chunks/node_modules_next_dist_1e8vcs8._.js:776
[  214132ms] [LOG] [Fast Refresh] done in 47ms @ http://localhost:3000/_next/static/chunks/node_modules_next_dist_1e8vcs8._.js:776
[  214180ms] [LOG] [Fast Refresh] done in 47ms @ http://localhost:3000/_next/static/chunks/node_modules_next_dist_1e8vcs8._.js:776
[  214229ms] [LOG] [Fast Refresh] done in 47ms @ http://localhost:3000/_next/static/chunks/node_modules_next_dist_1e8vcs8._.js:776
[  214278ms] [LOG] [Fast Refresh] done in 47ms @ http://localhost:3000/_next/static/chunks/node_modules_next_dist_1e8vcs8._.js:776
[  214325ms] [LOG] [Fast Refresh] done in 47ms @ http://localhost:3000/_next/static/chunks/node_modules_next_dist_1e8vcs8._.js:776
[  214372ms] [LOG] [Fast Refresh] done in 47ms @ http://localhost:3000/_next/static/chunks/node_modules_next_dist_1e8vcs8._.js:776
[  214419ms] [LOG] [Fast Refresh] done in 47ms @ http://localhost:3000/_next/static/chunks/node_modules_next_dist_1e8vcs8._.js:776
[  214467ms] [LOG] [Fast Refresh] done in 47ms @ http://localhost:3000/_next/static/chunks/node_modules_next_dist_1e8vcs8._.js:776
[  214513ms] [LOG] [Fast Refresh] done in 47ms @ http://localhost:3000/_next/static/chunks/node_modules_next_dist_1e8vcs8._.js:776
[  214560ms] [LOG] [Fast Refresh] done in 47ms @ http://localhost:3000/_next/static/chunks/node_modules_next_dist_1e8vcs8._.js:776
[  214608ms] [LOG] [Fast Refresh] done in 47ms @ http://localhost:3000/_next/static/chunks/node_modules_next_dist_1e8vcs8._.js:776
[  214654ms] [LOG] [Fast Refresh] done in 47ms @ http://localhost:3000/_next/static/chunks/node_modules_next_dist_1e8vcs8._.js:776
[  214702ms] [LOG] [Fast Refresh] done in 47ms @ http://localhost:3000/_next/static/chunks/node_modules_next_dist_1e8vcs8._.js:776
[  214749ms] [LOG] [Fast Refresh] done in 47ms @ http://localhost:3000/_next/static/chunks/node_modules_next_dist_1e8vcs8._.js:776
[  214798ms] [LOG] [Fast Refresh] done in 47ms @ http://localhost:3000/_next/static/chunks/node_modules_next_dist_1e8vcs8._.js:776
[  214845ms] [LOG] [Fast Refresh] done in 47ms @ http://localhost:3000/_next/static/chunks/node_modules_next_dist_1e8vcs8._.js:776
[  214893ms] [LOG] [Fast Refresh] done in 47ms @ http://localhost:3000/_next/static/chunks/node_modules_next_dist_1e8vcs8._.js:776
[  214941ms] [LOG] [Fast Refresh] done in 47ms @ http://localhost:3000/_next/static/chunks/node_modules_next_dist_1e8vcs8._.js:776
[  214988ms] [LOG] [Fast Refresh] done in 47ms @ http://localhost:3000/_next/static/chunks/node_modules_next_dist_1e8vcs8._.js:776
[  215036ms] [LOG] [Fast Refresh] done in 47ms @ http://localhost:3000/_next/static/chunks/node_modules_next_dist_1e8vcs8._.js:776
[  215083ms] [LOG] [Fast Refresh] done in 47ms @ http://localhost:3000/_next/static/chunks/node_modules_next_dist_1e8vcs8._.js:776
[  215130ms] [LOG] [Fast Refresh] done in 47ms @ http://localhost:3000/_next/static/chunks/node_modules_next_dist_1e8vcs8._.js:776
[  215179ms] [LOG] [Fast Refresh] done in 47ms @ http://localhost:3000/_next/static/chunks/node_modules_next_dist_1e8vcs8._.js:776
[  215226ms] [LOG] [Fast Refresh] done in 47ms @ http://localhost:3000/_next/static/chunks/node_modules_next_dist_1e8vcs8._.js:776
[  215273ms] [LOG] [Fast Refresh] done in 47ms @ http://localhost:3000/_next/static/chunks/node_modules_next_dist_1e8vcs8._.js:776
[  215321ms] [LOG] [Fast Refresh] done in 47ms @ http://localhost:3000/_next/static/chunks/node_modules_next_dist_1e8vcs8._.js:776
[  215367ms] [LOG] [Fast Refresh] done in 47ms @ http://localhost:3000/_next/static/chunks/node_modules_next_dist_1e8vcs8._.js:776
[  215414ms] [LOG] [Fast Refresh] done in 47ms @ http://localhost:3000/_next/static/chunks/node_modules_next_dist_1e8vcs8._.js:776
[  215462ms] [LOG] [Fast Refresh] done in 47ms @ http://localhost:3000/_next/static/chunks/node_modules_next_dist_1e8vcs8._.js:776
[  215509ms] [LOG] [Fast Refresh] done in 47ms @ http://localhost:3000/_next/static/chunks/node_modules_next_dist_1e8vcs8._.js:776
[  215557ms] [LOG] [Fast Refresh] done in 47ms @ http://localhost:3000/_next/static/chunks/node_modules_next_dist_1e8vcs8._.js:776
[  215604ms] [LOG] [Fast Refresh] done in 47ms @ http://localhost:3000/_next/static/chunks/node_modules_next_dist_1e8vcs8._.js:776
[  215651ms] [LOG] [Fast Refresh] done in 47ms @ http://localhost:3000/_next/static/chunks/node_modules_next_dist_1e8vcs8._.js:776
[  215697ms] [LOG] [Fast Refresh] done in 47ms @ http://localhost:3000/_next/static/chunks/node_modules_next_dist_1e8vcs8._.js:776
[  215744ms] [LOG] [Fast Refresh] done in 47ms @ http://localhost:3000/_next/static/chunks/node_modules_next_dist_1e8vcs8._.js:776
[  215792ms] [LOG] [Fast Refresh] done in 47ms @ http://localhost:3000/_next/static/chunks/node_modules_next_dist_1e8vcs8._.js:776
[  215839ms] [LOG] [Fast Refresh] done in 47ms @ http://localhost:3000/_next/static/chunks/node_modules_next_dist_1e8vcs8._.js:776
[  215886ms] [LOG] [Fast Refresh] done in 47ms @ http://localhost:3000/_next/static/chunks/node_modules_next_dist_1e8vcs8._.js:776
[  215930ms] [LOG] [Fast Refresh] done in 47ms @ http://localhost:3000/_next/static/chunks/node_modules_next_dist_1e8vcs8._.js:776
[  215978ms] [LOG] [Fast Refresh] done in 47ms @ http://localhost:3000/_next/static/chunks/node_modules_next_dist_1e8vcs8._.js:776
[  216025ms] [LOG] [Fast Refresh] done in 47ms @ http://localhost:3000/_next/static/chunks/node_modules_next_dist_1e8vcs8._.js:776
[  216073ms] [LOG] [Fast Refresh] done in 47ms @ http://localhost:3000/_next/static/chunks/node_modules_next_dist_1e8vcs8._.js:776
[  216120ms] [LOG] [Fast Refresh] done in 47ms @ http://localhost:3000/_next/static/chunks/node_modules_next_dist_1e8vcs8._.js:776
[  216168ms] [LOG] [Fast Refresh] done in 47ms @ http://localhost:3000/_next/static/chunks/node_modules_next_dist_1e8vcs8._.js:776
[  216215ms] [LOG] [Fast Refresh] done in 47ms @ http://localhost:3000/_next/static/chunks/node_modules_next_dist_1e8vcs8._.js:776
[  216263ms] [LOG] [Fast Refresh] done in 47ms @ http://localhost:3000/_next/static/chunks/node_modules_next_dist_1e8vcs8._.js:776
[  216311ms] [LOG] [Fast Refresh] done in 47ms @ http://localhost:3000/_next/static/chunks/node_modules_next_dist_1e8vcs8._.js:776
[  216358ms] [LOG] [Fast Refresh] done in 47ms @ http://localhost:3000/_next/static/chunks/node_modules_next_dist_1e8vcs8._.js:776
[  216405ms] [LOG] [Fast Refresh] done in 47ms @ http://localhost:3000/_next/static/chunks/node_modules_next_dist_1e8vcs8._.js:776
[  216453ms] [LOG] [Fast Refresh] done in 47ms @ http://localhost:3000/_next/static/chunks/node_modules_next_dist_1e8vcs8._.js:776
[  216500ms] [LOG] [Fast Refresh] done in 47ms @ http://localhost:3000/_next/static/chunks/node_modules_next_dist_1e8vcs8._.js:776
[  216547ms] [LOG] [Fast Refresh] done in 47ms @ http://localhost:3000/_next/static/chunks/node_modules_next_dist_1e8vcs8._.js:776
[  216594ms] [LOG] [Fast Refresh] done in 47ms @ http://localhost:3000/_next/static/chunks/node_modules_next_dist_1e8vcs8._.js:776
[  216641ms] [LOG] [Fast Refresh] done in 47ms @ http://localhost:3000/_next/static/chunks/node_modules_next_dist_1e8vcs8._.js:776
[  216688ms] [LOG] [Fast Refresh] done in 47ms @ http://localhost:3000/_next/static/chunks/node_modules_next_dist_1e8vcs8._.js:776
[  216736ms] [LOG] [Fast Refresh] done in 47ms @ http://localhost:3000/_next/static/chunks/node_modules_next_dist_1e8vcs8._.js:776
[  216783ms] [LOG] [Fast Refresh] done in 47ms @ http://localhost:3000/_next/static/chunks/node_modules_next_dist_1e8vcs8._.js:776
[  216829ms] [LOG] [Fast Refresh] done in 47ms @ http://localhost:3000/_next/static/chunks/node_modules_next_dist_1e8vcs8._.js:776
[  216877ms] [LOG] [Fast Refresh] done in 47ms @ http://localhost:3000/_next/static/chunks/node_modules_next_dist_1e8vcs8._.js:776
[  216923ms] [LOG] [Fast Refresh] done in 47ms @ http://localhost:3000/_next/static/chunks/node_modules_next_dist_1e8vcs8._.js:776
[  216970ms] [LOG] [Fast Refresh] done in 47ms @ http://localhost:3000/_next/static/chunks/node_modules_next_dist_1e8vcs8._.js:776
[  217018ms] [LOG] [Fast Refresh] done in 47ms @ http://localhost:3000/_next/static/chunks/node_modules_next_dist_1e8vcs8._.js:776
[  217065ms] [LOG] [Fast Refresh] done in 47ms @ http://localhost:3000/_next/static/chunks/node_modules_next_dist_1e8vcs8._.js:776
[  217112ms] [LOG] [Fast Refresh] done in 47ms @ http://localhost:3000/_next/static/chunks/node_modules_next_dist_1e8vcs8._.js:776
[  217161ms] [LOG] [Fast Refresh] done in 47ms @ http://localhost:3000/_next/static/chunks/node_modules_next_dist_1e8vcs8._.js:776
[  217208ms] [LOG] [Fast Refresh] done in 47ms @ http://localhost:3000/_next/static/chunks/node_modules_next_dist_1e8vcs8._.js:776
[  217254ms] [LOG] [Fast Refresh] done in 47ms @ http://localhost:3000/_next/static/chunks/node_modules_next_dist_1e8vcs8._.js:776
[  217302ms] [LOG] [Fast Refresh] done in 47ms @ http://localhost:3000/_next/static/chunks/node_modules_next_dist_1e8vcs8._.js:776
[  217350ms] [LOG] [Fast Refresh] done in 47ms @ http://localhost:3000/_next/static/chunks/node_modules_next_dist_1e8vcs8._.js:776
[  217396ms] [LOG] [Fast Refresh] done in 47ms @ http://localhost:3000/_next/static/chunks/node_modules_next_dist_1e8vcs8._.js:776
[  217444ms] [LOG] [Fast Refresh] done in 47ms @ http://localhost:3000/_next/static/chunks/node_modules_next_dist_1e8vcs8._.js:776
[  217491ms] [LOG] [Fast Refresh] done in 47ms @ http://localhost:3000/_next/static/chunks/node_modules_next_dist_1e8vcs8._.js:776
[  217538ms] [LOG] [Fast Refresh] done in 47ms @ http://localhost:3000/_next/static/chunks/node_modules_next_dist_1e8vcs8._.js:776
[  217585ms] [LOG] [Fast Refresh] done in 47ms @ http://localhost:3000/_next/static/chunks/node_modules_next_dist_1e8vcs8._.js:776
[  217632ms] [LOG] [Fast Refresh] done in 47ms @ http://localhost:3000/_next/static/chunks/node_modules_next_dist_1e8vcs8._.js:776
[  217679ms] [LOG] [Fast Refresh] done in 47ms @ http://localhost:3000/_next/static/chunks/node_modules_next_dist_1e8vcs8._.js:776
[  217725ms] [LOG] [Fast Refresh] done in 47ms @ http://localhost:3000/_next/static/chunks/node_modules_next_dist_1e8vcs8._.js:776
[  217772ms] [LOG] [Fast Refresh] done in 47ms @ http://localhost:3000/_next/static/chunks/node_modules_next_dist_1e8vcs8._.js:776
[  217819ms] [LOG] [Fast Refresh] done in 47ms @ http://localhost:3000/_next/static/chunks/node_modules_next_dist_1e8vcs8._.js:776
[  217865ms] [LOG] [Fast Refresh] done in 47ms @ http://localhost:3000/_next/static/chunks/node_modules_next_dist_1e8vcs8._.js:776
[  217912ms] [LOG] [Fast Refresh] done in 47ms @ http://localhost:3000/_next/static/chunks/node_modules_next_dist_1e8vcs8._.js:776
[  217958ms] [LOG] [Fast Refresh] done in 47ms @ http://localhost:3000/_next/static/chunks/node_modules_next_dist_1e8vcs8._.js:776
[  218006ms] [LOG] [Fast Refresh] done in 47ms @ http://localhost:3000/_next/static/chunks/node_modules_next_dist_1e8vcs8._.js:776
[  218053ms] [LOG] [Fast Refresh] done in 47ms @ http://localhost:3000/_next/static/chunks/node_modules_next_dist_1e8vcs8._.js:776
[  218099ms] [LOG] [Fast Refresh] done in 47ms @ http://localhost:3000/_next/static/chunks/node_modules_next_dist_1e8vcs8._.js:776
[  218147ms] [LOG] [Fast Refresh] done in 47ms @ http://localhost:3000/_next/static/chunks/node_modules_next_dist_1e8vcs8._.js:776
[  218194ms] [LOG] [Fast Refresh] done in 47ms @ http://localhost:3000/_next/static/chunks/node_modules_next_dist_1e8vcs8._.js:776
[  218242ms] [LOG] [Fast Refresh] done in 47ms @ http://localhost:3000/_next/static/chunks/node_modules_next_dist_1e8vcs8._.js:776
[  218288ms] [LOG] [Fast Refresh] done in 47ms @ http://localhost:3000/_next/static/chunks/node_modules_next_dist_1e8vcs8._.js:776
[  218335ms] [LOG] [Fast Refresh] done in 47ms @ http://localhost:3000/_next/static/chunks/node_modules_next_dist_1e8vcs8._.js:776
[  218382ms] [LOG] [Fast Refresh] done in 47ms @ http://localhost:3000/_next/static/chunks/node_modules_next_dist_1e8vcs8._.js:776
[  218430ms] [LOG] [Fast Refresh] done in 47ms @ http://localhost:3000/_next/static/chunks/node_modules_next_dist_1e8vcs8._.js:776
[  218479ms] [LOG] [Fast Refresh] done in 47ms @ http://localhost:3000/_next/static/chunks/node_modules_next_dist_1e8vcs8._.js:776
[  218526ms] [LOG] [Fast Refresh] done in 47ms @ http://localhost:3000/_next/static/chunks/node_modules_next_dist_1e8vcs8._.js:776
[  218574ms] [LOG] [Fast Refresh] done in 47ms @ http://localhost:3000/_next/static/chunks/node_modules_next_dist_1e8vcs8._.js:776
[  218621ms] [LOG] [Fast Refresh] done in 47ms @ http://localhost:3000/_next/static/chunks/node_modules_next_dist_1e8vcs8._.js:776
[  218668ms] [LOG] [Fast Refresh] done in 47ms @ http://localhost:3000/_next/static/chunks/node_modules_next_dist_1e8vcs8._.js:776
[  218715ms] [LOG] [Fast Refresh] done in 47ms @ http://localhost:3000/_next/static/chunks/node_modules_next_dist_1e8vcs8._.js:776
[  218762ms] [LOG] [Fast Refresh] done in 47ms @ http://localhost:3000/_next/static/chunks/node_modules_next_dist_1e8vcs8._.js:776
[  218808ms] [LOG] [Fast Refresh] done in 47ms @ http://localhost:3000/_next/static/chunks/node_modules_next_dist_1e8vcs8._.js:776
[  218856ms] [LOG] [Fast Refresh] done in 47ms @ http://localhost:3000/_next/static/chunks/node_modules_next_dist_1e8vcs8._.js:776
[  218903ms] [LOG] [Fast Refresh] done in 47ms @ http://localhost:3000/_next/static/chunks/node_modules_next_dist_1e8vcs8._.js:776
[  218951ms] [LOG] [Fast Refresh] done in 47ms @ http://localhost:3000/_next/static/chunks/node_modules_next_dist_1e8vcs8._.js:776
[  218995ms] [LOG] [Fast Refresh] done in 47ms @ http://localhost:3000/_next/static/chunks/node_modules_next_dist_1e8vcs8._.js:776
[  219042ms] [LOG] [Fast Refresh] done in 47ms @ http://localhost:3000/_next/static/chunks/node_modules_next_dist_1e8vcs8._.js:776
[  219089ms] [LOG] [Fast Refresh] done in 47ms @ http://localhost:3000/_next/static/chunks/node_modules_next_dist_1e8vcs8._.js:776
[  219137ms] [LOG] [Fast Refresh] done in 47ms @ http://localhost:3000/_next/static/chunks/node_modules_next_dist_1e8vcs8._.js:776
[  219184ms] [LOG] [Fast Refresh] done in 47ms @ http://localhost:3000/_next/static/chunks/node_modules_next_dist_1e8vcs8._.js:776
[  219230ms] [LOG] [Fast Refresh] done in 47ms @ http://localhost:3000/_next/static/chunks/node_modules_next_dist_1e8vcs8._.js:776
[  219278ms] [LOG] [Fast Refresh] done in 47ms @ http://localhost:3000/_next/static/chunks/node_modules_next_dist_1e8vcs8._.js:776
[  219325ms] [LOG] [Fast Refresh] done in 47ms @ http://localhost:3000/_next/static/chunks/node_modules_next_dist_1e8vcs8._.js:776
[  219371ms] [LOG] [Fast Refresh] done in 47ms @ http://localhost:3000/_next/static/chunks/node_modules_next_dist_1e8vcs8._.js:776
[  219418ms] [LOG] [Fast Refresh] done in 47ms @ http://localhost:3000/_next/static/chunks/node_modules_next_dist_1e8vcs8._.js:776
[  219468ms] [LOG] [Fast Refresh] done in 47ms @ http://localhost:3000/_next/static/chunks/node_modules_next_dist_1e8vcs8._.js:776
[  219515ms] [LOG] [Fast Refresh] done in 47ms @ http://localhost:3000/_next/static/chunks/node_modules_next_dist_1e8vcs8._.js:776
[  219562ms] [LOG] [Fast Refresh] done in 47ms @ http://localhost:3000/_next/static/chunks/node_modules_next_dist_1e8vcs8._.js:776
[  219610ms] [LOG] [Fast Refresh] done in 47ms @ http://localhost:3000/_next/static/chunks/node_modules_next_dist_1e8vcs8._.js:776
[  219657ms] [LOG] [Fast Refresh] done in 47ms @ http://localhost:3000/_next/static/chunks/node_modules_next_dist_1e8vcs8._.js:776
[  219705ms] [LOG] [Fast Refresh] done in 47ms @ http://localhost:3000/_next/static/chunks/node_modules_next_dist_1e8vcs8._.js:776
[  219752ms] [LOG] [Fast Refresh] done in 47ms @ http://localhost:3000/_next/static/chunks/node_modules_next_dist_1e8vcs8._.js:776
[  219800ms] [LOG] [Fast Refresh] done in 47ms @ http://localhost:3000/_next/static/chunks/node_modules_next_dist_1e8vcs8._.js:776
[  219847ms] [LOG] [Fast Refresh] done in 47ms @ http://localhost:3000/_next/static/chunks/node_modules_next_dist_1e8vcs8._.js:776
[  219894ms] [LOG] [Fast Refresh] done in 47ms @ http://localhost:3000/_next/static/chunks/node_modules_next_dist_1e8vcs8._.js:776
[  219942ms] [LOG] [Fast Refresh] done in 47ms @ http://localhost:3000/_next/static/chunks/node_modules_next_dist_1e8vcs8._.js:776
[  219989ms] [LOG] [Fast Refresh] done in 47ms @ http://localhost:3000/_next/static/chunks/node_modules_next_dist_1e8vcs8._.js:776
[  220036ms] [LOG] [Fast Refresh] done in 47ms @ http://localhost:3000/_next/static/chunks/node_modules_next_dist_1e8vcs8._.js:776
[  220083ms] [LOG] [Fast Refresh] done in 47ms @ http://localhost:3000/_next/static/chunks/node_modules_next_dist_1e8vcs8._.js:776
[  220130ms] [LOG] [Fast Refresh] done in 47ms @ http://localhost:3000/_next/static/chunks/node_modules_next_dist_1e8vcs8._.js:776
[  220177ms] [LOG] [Fast Refresh] done in 47ms @ http://localhost:3000/_next/static/chunks/node_modules_next_dist_1e8vcs8._.js:776
[  220225ms] [LOG] [Fast Refresh] done in 47ms @ http://localhost:3000/_next/static/chunks/node_modules_next_dist_1e8vcs8._.js:776
[  220272ms] [LOG] [Fast Refresh] done in 47ms @ http://localhost:3000/_next/static/chunks/node_modules_next_dist_1e8vcs8._.js:776
[  220319ms] [LOG] [Fast Refresh] done in 47ms @ http://localhost:3000/_next/static/chunks/node_modules_next_dist_1e8vcs8._.js:776
[  220366ms] [LOG] [Fast Refresh] done in 47ms @ http://localhost:3000/_next/static/chunks/node_modules_next_dist_1e8vcs8._.js:776
[  220413ms] [LOG] [Fast Refresh] done in 47ms @ http://localhost:3000/_next/static/chunks/node_modules_next_dist_1e8vcs8._.js:776
[  220461ms] [LOG] [Fast Refresh] done in 47ms @ http://localhost:3000/_next/static/chunks/node_modules_next_dist_1e8vcs8._.js:776
[  220509ms] [LOG] [Fast Refresh] done in 47ms @ http://localhost:3000/_next/static/chunks/node_modules_next_dist_1e8vcs8._.js:776
[  220559ms] [LOG] [Fast Refresh] done in 47ms @ http://localhost:3000/_next/static/chunks/node_modules_next_dist_1e8vcs8._.js:776
[  220605ms] [LOG] [Fast Refresh] done in 47ms @ http://localhost:3000/_next/static/chunks/node_modules_next_dist_1e8vcs8._.js:776
[  220652ms] [LOG] [Fast Refresh] done in 47ms @ http://localhost:3000/_next/static/chunks/node_modules_next_dist_1e8vcs8._.js:776
[  220699ms] [LOG] [Fast Refresh] done in 47ms @ http://localhost:3000/_next/static/chunks/node_modules_next_dist_1e8vcs8._.js:776
[  220746ms] [LOG] [Fast Refresh] done in 47ms @ http://localhost:3000/_next/static/chunks/node_modules_next_dist_1e8vcs8._.js:776
[  220793ms] [LOG] [Fast Refresh] done in 47ms @ http://localhost:3000/_next/static/chunks/node_modules_next_dist_1e8vcs8._.js:776
[  220840ms] [LOG] [Fast Refresh] done in 47ms @ http://localhost:3000/_next/static/chunks/node_modules_next_dist_1e8vcs8._.js:776
[  220887ms] [LOG] [Fast Refresh] done in 47ms @ http://localhost:3000/_next/static/chunks/node_modules_next_dist_1e8vcs8._.js:776
[  220933ms] [LOG] [Fast Refresh] done in 47ms @ http://localhost:3000/_next/static/chunks/node_modules_next_dist_1e8vcs8._.js:776
[  220980ms] [LOG] [Fast Refresh] done in 47ms @ http://localhost:3000/_next/static/chunks/node_modules_next_dist_1e8vcs8._.js:776
[  221029ms] [LOG] [Fast Refresh] done in 47ms @ http://localhost:3000/_next/static/chunks/node_modules_next_dist_1e8vcs8._.js:776
[  221076ms] [LOG] [Fast Refresh] done in 47ms @ http://localhost:3000/_next/static/chunks/node_modules_next_dist_1e8vcs8._.js:776
[  221124ms] [LOG] [Fast Refresh] done in 47ms @ http://localhost:3000/_next/static/chunks/node_modules_next_dist_1e8vcs8._.js:776
[  221172ms] [LOG] [Fast Refresh] done in 47ms @ http://localhost:3000/_next/static/chunks/node_modules_next_dist_1e8vcs8._.js:776
[  221219ms] [LOG] [Fast Refresh] done in 47ms @ http://localhost:3000/_next/static/chunks/node_modules_next_dist_1e8vcs8._.js:776
[  221267ms] [LOG] [Fast Refresh] done in 47ms @ http://localhost:3000/_next/static/chunks/node_modules_next_dist_1e8vcs8._.js:776
[  221314ms] [LOG] [Fast Refresh] done in 47ms @ http://localhost:3000/_next/static/chunks/node_modules_next_dist_1e8vcs8._.js:776
[  221360ms] [LOG] [Fast Refresh] done in 47ms @ http://localhost:3000/_next/static/chunks/node_modules_next_dist_1e8vcs8._.js:776
[  221408ms] [LOG] [Fast Refresh] done in 47ms @ http://localhost:3000/_next/static/chunks/node_modules_next_dist_1e8vcs8._.js:776
[  221455ms] [LOG] [Fast Refresh] done in 47ms @ http://localhost:3000/_next/static/chunks/node_modules_next_dist_1e8vcs8._.js:776
[  221502ms] [LOG] [Fast Refresh] done in 47ms @ http://localhost:3000/_next/static/chunks/node_modules_next_dist_1e8vcs8._.js:776
[  221550ms] [LOG] [Fast Refresh] done in 47ms @ http://localhost:3000/_next/static/chunks/node_modules_next_dist_1e8vcs8._.js:776
[  221597ms] [LOG] [Fast Refresh] done in 47ms @ http://localhost:3000/_next/static/chunks/node_modules_next_dist_1e8vcs8._.js:776
[  221645ms] [LOG] [Fast Refresh] done in 47ms @ http://localhost:3000/_next/static/chunks/node_modules_next_dist_1e8vcs8._.js:776
[  221691ms] [LOG] [Fast Refresh] done in 47ms @ http://localhost:3000/_next/static/chunks/node_modules_next_dist_1e8vcs8._.js:776
[  221739ms] [LOG] [Fast Refresh] done in 47ms @ http://localhost:3000/_next/static/chunks/node_modules_next_dist_1e8vcs8._.js:776
[  221786ms] [LOG] [Fast Refresh] done in 47ms @ http://localhost:3000/_next/static/chunks/node_modules_next_dist_1e8vcs8._.js:776
[  221833ms] [LOG] [Fast Refresh] done in 47ms @ http://localhost:3000/_next/static/chunks/node_modules_next_dist_1e8vcs8._.js:776
[  221879ms] [LOG] [Fast Refresh] done in 47ms @ http://localhost:3000/_next/static/chunks/node_modules_next_dist_1e8vcs8._.js:776
[  221926ms] [LOG] [Fast Refresh] done in 47ms @ http://localhost:3000/_next/static/chunks/node_modules_next_dist_1e8vcs8._.js:776
[  221972ms] [LOG] [Fast Refresh] done in 47ms @ http://localhost:3000/_next/static/chunks/node_modules_next_dist_1e8vcs8._.js:776
[  222019ms] [LOG] [Fast Refresh] done in 47ms @ http://localhost:3000/_next/static/chunks/node_modules_next_dist_1e8vcs8._.js:776
[  222066ms] [LOG] [Fast Refresh] done in 47ms @ http://localhost:3000/_next/static/chunks/node_modules_next_dist_1e8vcs8._.js:776
[  222113ms] [LOG] [Fast Refresh] done in 47ms @ http://localhost:3000/_next/static/chunks/node_modules_next_dist_1e8vcs8._.js:776
[  222162ms] [LOG] [Fast Refresh] done in 47ms @ http://localhost:3000/_next/static/chunks/node_modules_next_dist_1e8vcs8._.js:776
[  222208ms] [LOG] [Fast Refresh] done in 47ms @ http://localhost:3000/_next/static/chunks/node_modules_next_dist_1e8vcs8._.js:776
[  222255ms] [LOG] [Fast Refresh] done in 47ms @ http://localhost:3000/_next/static/chunks/node_modules_next_dist_1e8vcs8._.js:776
[  222302ms] [LOG] [Fast Refresh] done in 47ms @ http://localhost:3000/_next/static/chunks/node_modules_next_dist_1e8vcs8._.js:776
[  222350ms] [LOG] [Fast Refresh] done in 47ms @ http://localhost:3000/_next/static/chunks/node_modules_next_dist_1e8vcs8._.js:776
[  222398ms] [LOG] [Fast Refresh] done in 47ms @ http://localhost:3000/_next/static/chunks/node_modules_next_dist_1e8vcs8._.js:776
[  222444ms] [LOG] [Fast Refresh] done in 47ms @ http://localhost:3000/_next/static/chunks/node_modules_next_dist_1e8vcs8._.js:776
[  222492ms] [LOG] [Fast Refresh] done in 47ms @ http://localhost:3000/_next/static/chunks/node_modules_next_dist_1e8vcs8._.js:776
[  222539ms] [LOG] [Fast Refresh] done in 47ms @ http://localhost:3000/_next/static/chunks/node_modules_next_dist_1e8vcs8._.js:776
[  222586ms] [LOG] [Fast Refresh] done in 47ms @ http://localhost:3000/_next/static/chunks/node_modules_next_dist_1e8vcs8._.js:776
[  222637ms] [LOG] [Fast Refresh] done in 47ms @ http://localhost:3000/_next/static/chunks/node_modules_next_dist_1e8vcs8._.js:776
[  222685ms] [LOG] [Fast Refresh] done in 47ms @ http://localhost:3000/_next/static/chunks/node_modules_next_dist_1e8vcs8._.js:776
[  222733ms] [LOG] [Fast Refresh] done in 47ms @ http://localhost:3000/_next/static/chunks/node_modules_next_dist_1e8vcs8._.js:776
[  222781ms] [LOG] [Fast Refresh] done in 47ms @ http://localhost:3000/_next/static/chunks/node_modules_next_dist_1e8vcs8._.js:776
[  222828ms] [LOG] [Fast Refresh] done in 47ms @ http://localhost:3000/_next/static/chunks/node_modules_next_dist_1e8vcs8._.js:776
[  222877ms] [LOG] [Fast Refresh] done in 47ms @ http://localhost:3000/_next/static/chunks/node_modules_next_dist_1e8vcs8._.js:776
[  222930ms] [LOG] [Fast Refresh] done in 47ms @ http://localhost:3000/_next/static/chunks/node_modules_next_dist_1e8vcs8._.js:776
[  222977ms] [LOG] [Fast Refresh] done in 47ms @ http://localhost:3000/_next/static/chunks/node_modules_next_dist_1e8vcs8._.js:776
[  223030ms] [LOG] [Fast Refresh] done in 47ms @ http://localhost:3000/_next/static/chunks/node_modules_next_dist_1e8vcs8._.js:776
[  223082ms] [LOG] [Fast Refresh] done in 47ms @ http://localhost:3000/_next/static/chunks/node_modules_next_dist_1e8vcs8._.js:776
[  223130ms] [LOG] [Fast Refresh] done in 47ms @ http://localhost:3000/_next/static/chunks/node_modules_next_dist_1e8vcs8._.js:776
[  223178ms] [LOG] [Fast Refresh] done in 47ms @ http://localhost:3000/_next/static/chunks/node_modules_next_dist_1e8vcs8._.js:776
[  223226ms] [LOG] [Fast Refresh] done in 47ms @ http://localhost:3000/_next/static/chunks/node_modules_next_dist_1e8vcs8._.js:776
[  223273ms] [LOG] [Fast Refresh] done in 47ms @ http://localhost:3000/_next/static/chunks/node_modules_next_dist_1e8vcs8._.js:776
[  223320ms] [LOG] [Fast Refresh] done in 47ms @ http://localhost:3000/_next/static/chunks/node_modules_next_dist_1e8vcs8._.js:776
[  223368ms] [LOG] [Fast Refresh] done in 47ms @ http://localhost:3000/_next/static/chunks/node_modules_next_dist_1e8vcs8._.js:776
[  223415ms] [LOG] [Fast Refresh] done in 47ms @ http://localhost:3000/_next/static/chunks/node_modules_next_dist_1e8vcs8._.js:776
[  223463ms] [LOG] [Fast Refresh] done in 47ms @ http://localhost:3000/_next/static/chunks/node_modules_next_dist_1e8vcs8._.js:776
[  223513ms] [LOG] [Fast Refresh] done in 47ms @ http://localhost:3000/_next/static/chunks/node_modules_next_dist_1e8vcs8._.js:776
[  223562ms] [LOG] [Fast Refresh] done in 47ms @ http://localhost:3000/_next/static/chunks/node_modules_next_dist_1e8vcs8._.js:776
[  223724ms] [LOG] [Fast Refresh] done in 47ms @ http://localhost:3000/_next/static/chunks/node_modules_next_dist_1e8vcs8._.js:776
[  223831ms] [LOG] [Fast Refresh] done in 47ms @ http://localhost:3000/_next/static/chunks/node_modules_next_dist_1e8vcs8._.js:776
[  223887ms] [LOG] [Fast Refresh] done in 47ms @ http://localhost:3000/_next/static/chunks/node_modules_next_dist_1e8vcs8._.js:776
[  223938ms] [LOG] [Fast Refresh] done in 47ms @ http://localhost:3000/_next/static/chunks/node_modules_next_dist_1e8vcs8._.js:776
[  223989ms] [LOG] [Fast Refresh] done in 47ms @ http://localhost:3000/_next/static/chunks/node_modules_next_dist_1e8vcs8._.js:776
[  224037ms] [LOG] [Fast Refresh] done in 47ms @ http://localhost:3000/_next/static/chunks/node_modules_next_dist_1e8vcs8._.js:776
[  224088ms] [LOG] [Fast Refresh] done in 47ms @ http://localhost:3000/_next/static/chunks/node_modules_next_dist_1e8vcs8._.js:776
[  224139ms] [LOG] [Fast Refresh] done in 47ms @ http://localhost:3000/_next/static/chunks/node_modules_next_dist_1e8vcs8._.js:776
[  224188ms] [LOG] [Fast Refresh] done in 47ms @ http://localhost:3000/_next/static/chunks/node_modules_next_dist_1e8vcs8._.js:776
[  224238ms] [LOG] [Fast Refresh] done in 47ms @ http://localhost:3000/_next/static/chunks/node_modules_next_dist_1e8vcs8._.js:776
[  224287ms] [LOG] [Fast Refresh] done in 47ms @ http://localhost:3000/_next/static/chunks/node_modules_next_dist_1e8vcs8._.js:776
[  224335ms] [LOG] [Fast Refresh] done in 47ms @ http://localhost:3000/_next/static/chunks/node_modules_next_dist_1e8vcs8._.js:776
[  224383ms] [LOG] [Fast Refresh] done in 47ms @ http://localhost:3000/_next/static/chunks/node_modules_next_dist_1e8vcs8._.js:776
[  224431ms] [LOG] [Fast Refresh] done in 47ms @ http://localhost:3000/_next/static/chunks/node_modules_next_dist_1e8vcs8._.js:776
[  224479ms] [LOG] [Fast Refresh] done in 47ms @ http://localhost:3000/_next/static/chunks/node_modules_next_dist_1e8vcs8._.js:776
[  224526ms] [LOG] [Fast Refresh] done in 47ms @ http://localhost:3000/_next/static/chunks/node_modules_next_dist_1e8vcs8._.js:776
[  224574ms] [LOG] [Fast Refresh] done in 47ms @ http://localhost:3000/_next/static/chunks/node_modules_next_dist_1e8vcs8._.js:776
[  224622ms] [LOG] [Fast Refresh] done in 47ms @ http://localhost:3000/_next/static/chunks/node_modules_next_dist_1e8vcs8._.js:776
[  224670ms] [LOG] [Fast Refresh] done in 47ms @ http://localhost:3000/_next/static/chunks/node_modules_next_dist_1e8vcs8._.js:776
[  224717ms] [LOG] [Fast Refresh] done in 47ms @ http://localhost:3000/_next/static/chunks/node_modules_next_dist_1e8vcs8._.js:776
[  224765ms] [LOG] [Fast Refresh] done in 47ms @ http://localhost:3000/_next/static/chunks/node_modules_next_dist_1e8vcs8._.js:776
[  224813ms] [LOG] [Fast Refresh] done in 47ms @ http://localhost:3000/_next/static/chunks/node_modules_next_dist_1e8vcs8._.js:776
[  224861ms] [LOG] [Fast Refresh] done in 47ms @ http://localhost:3000/_next/static/chunks/node_modules_next_dist_1e8vcs8._.js:776
[  224909ms] [LOG] [Fast Refresh] done in 47ms @ http://localhost:3000/_next/static/chunks/node_modules_next_dist_1e8vcs8._.js:776
[  224959ms] [LOG] [Fast Refresh] done in 47ms @ http://localhost:3000/_next/static/chunks/node_modules_next_dist_1e8vcs8._.js:776
[  225008ms] [LOG] [Fast Refresh] done in 47ms @ http://localhost:3000/_next/static/chunks/node_modules_next_dist_1e8vcs8._.js:776
[  225055ms] [LOG] [Fast Refresh] done in 47ms @ http://localhost:3000/_next/static/chunks/node_modules_next_dist_1e8vcs8._.js:776
[  225102ms] [LOG] [Fast Refresh] done in 47ms @ http://localhost:3000/_next/static/chunks/node_modules_next_dist_1e8vcs8._.js:776
[  225150ms] [LOG] [Fast Refresh] done in 47ms @ http://localhost:3000/_next/static/chunks/node_modules_next_dist_1e8vcs8._.js:776
[  225195ms] [LOG] [Fast Refresh] done in 47ms @ http://localhost:3000/_next/static/chunks/node_modules_next_dist_1e8vcs8._.js:776
[  225241ms] [LOG] [Fast Refresh] done in 47ms @ http://localhost:3000/_next/static/chunks/node_modules_next_dist_1e8vcs8._.js:776
[  225289ms] [LOG] [Fast Refresh] done in 47ms @ http://localhost:3000/_next/static/chunks/node_modules_next_dist_1e8vcs8._.js:776
[  225337ms] [LOG] [Fast Refresh] done in 47ms @ http://localhost:3000/_next/static/chunks/node_modules_next_dist_1e8vcs8._.js:776
[  225385ms] [LOG] [Fast Refresh] done in 47ms @ http://localhost:3000/_next/static/chunks/node_modules_next_dist_1e8vcs8._.js:776
[  225432ms] [LOG] [Fast Refresh] done in 47ms @ http://localhost:3000/_next/static/chunks/node_modules_next_dist_1e8vcs8._.js:776
[  225481ms] [LOG] [Fast Refresh] done in 47ms @ http://localhost:3000/_next/static/chunks/node_modules_next_dist_1e8vcs8._.js:776
[  225529ms] [LOG] [Fast Refresh] done in 47ms @ http://localhost:3000/_next/static/chunks/node_modules_next_dist_1e8vcs8._.js:776
[  225578ms] [LOG] [Fast Refresh] done in 47ms @ http://localhost:3000/_next/static/chunks/node_modules_next_dist_1e8vcs8._.js:776
[  225625ms] [LOG] [Fast Refresh] done in 47ms @ http://localhost:3000/_next/static/chunks/node_modules_next_dist_1e8vcs8._.js:776
[  225672ms] [LOG] [Fast Refresh] done in 47ms @ http://localhost:3000/_next/static/chunks/node_modules_next_dist_1e8vcs8._.js:776
[  225719ms] [LOG] [Fast Refresh] done in 47ms @ http://localhost:3000/_next/static/chunks/node_modules_next_dist_1e8vcs8._.js:776
[  225767ms] [LOG] [Fast Refresh] done in 47ms @ http://localhost:3000/_next/static/chunks/node_modules_next_dist_1e8vcs8._.js:776
[  225814ms] [LOG] [Fast Refresh] done in 47ms @ http://localhost:3000/_next/static/chunks/node_modules_next_dist_1e8vcs8._.js:776
[  225861ms] [LOG] [Fast Refresh] done in 47ms @ http://localhost:3000/_next/static/chunks/node_modules_next_dist_1e8vcs8._.js:776
[  225911ms] [LOG] [Fast Refresh] done in 47ms @ http://localhost:3000/_next/static/chunks/node_modules_next_dist_1e8vcs8._.js:776
[  225958ms] [LOG] [Fast Refresh] done in 47ms @ http://localhost:3000/_next/static/chunks/node_modules_next_dist_1e8vcs8._.js:776
[  226004ms] [LOG] [Fast Refresh] done in 47ms @ http://localhost:3000/_next/static/chunks/node_modules_next_dist_1e8vcs8._.js:776
[  226052ms] [LOG] [Fast Refresh] done in 47ms @ http://localhost:3000/_next/static/chunks/node_modules_next_dist_1e8vcs8._.js:776
[  226100ms] [LOG] [Fast Refresh] done in 47ms @ http://localhost:3000/_next/static/chunks/node_modules_next_dist_1e8vcs8._.js:776
[  226148ms] [LOG] [Fast Refresh] done in 47ms @ http://localhost:3000/_next/static/chunks/node_modules_next_dist_1e8vcs8._.js:776
[  226195ms] [LOG] [Fast Refresh] done in 47ms @ http://localhost:3000/_next/static/chunks/node_modules_next_dist_1e8vcs8._.js:776
[  226251ms] [LOG] [Fast Refresh] done in 47ms @ http://localhost:3000/_next/static/chunks/node_modules_next_dist_1e8vcs8._.js:776
[  226313ms] [LOG] [Fast Refresh] done in 47ms @ http://localhost:3000/_next/static/chunks/node_modules_next_dist_1e8vcs8._.js:776
[  226364ms] [LOG] [Fast Refresh] done in 47ms @ http://localhost:3000/_next/static/chunks/node_modules_next_dist_1e8vcs8._.js:776
[  226422ms] [LOG] [Fast Refresh] done in 47ms @ http://localhost:3000/_next/static/chunks/node_modules_next_dist_1e8vcs8._.js:776
[  226470ms] [LOG] [Fast Refresh] done in 47ms @ http://localhost:3000/_next/static/chunks/node_modules_next_dist_1e8vcs8._.js:776
[  226520ms] [LOG] [Fast Refresh] done in 47ms @ http://localhost:3000/_next/static/chunks/node_modules_next_dist_1e8vcs8._.js:776
[  226568ms] [LOG] [Fast Refresh] done in 47ms @ http://localhost:3000/_next/static/chunks/node_modules_next_dist_1e8vcs8._.js:776
[  226617ms] [LOG] [Fast Refresh] done in 47ms @ http://localhost:3000/_next/static/chunks/node_modules_next_dist_1e8vcs8._.js:776
[  226667ms] [LOG] [Fast Refresh] done in 47ms @ http://localhost:3000/_next/static/chunks/node_modules_next_dist_1e8vcs8._.js:776
[  226714ms] [LOG] [Fast Refresh] done in 47ms @ http://localhost:3000/_next/static/chunks/node_modules_next_dist_1e8vcs8._.js:776
[  226762ms] [LOG] [Fast Refresh] done in 47ms @ http://localhost:3000/_next/static/chunks/node_modules_next_dist_1e8vcs8._.js:776
[  226810ms] [LOG] [Fast Refresh] done in 47ms @ http://localhost:3000/_next/static/chunks/node_modules_next_dist_1e8vcs8._.js:776
[  226862ms] [LOG] [Fast Refresh] done in 47ms @ http://localhost:3000/_next/static/chunks/node_modules_next_dist_1e8vcs8._.js:776
[  226918ms] [LOG] [Fast Refresh] done in 47ms @ http://localhost:3000/_next/static/chunks/node_modules_next_dist_1e8vcs8._.js:776
[  226968ms] [LOG] [Fast Refresh] done in 47ms @ http://localhost:3000/_next/static/chunks/node_modules_next_dist_1e8vcs8._.js:776
[  227016ms] [LOG] [Fast Refresh] done in 47ms @ http://localhost:3000/_next/static/chunks/node_modules_next_dist_1e8vcs8._.js:776
[  227063ms] [LOG] [Fast Refresh] done in 47ms @ http://localhost:3000/_next/static/chunks/node_modules_next_dist_1e8vcs8._.js:776
[  227114ms] [LOG] [Fast Refresh] done in 47ms @ http://localhost:3000/_next/static/chunks/node_modules_next_dist_1e8vcs8._.js:776
[  227161ms] [LOG] [Fast Refresh] done in 47ms @ http://localhost:3000/_next/static/chunks/node_modules_next_dist_1e8vcs8._.js:776
[  227209ms] [LOG] [Fast Refresh] done in 47ms @ http://localhost:3000/_next/static/chunks/node_modules_next_dist_1e8vcs8._.js:776
[  227259ms] [LOG] [Fast Refresh] done in 47ms @ http://localhost:3000/_next/static/chunks/node_modules_next_dist_1e8vcs8._.js:776
[  227307ms] [LOG] [Fast Refresh] done in 47ms @ http://localhost:3000/_next/static/chunks/node_modules_next_dist_1e8vcs8._.js:776
[  227354ms] [LOG] [Fast Refresh] done in 47ms @ http://localhost:3000/_next/static/chunks/node_modules_next_dist_1e8vcs8._.js:776
[  227402ms] [LOG] [Fast Refresh] done in 47ms @ http://localhost:3000/_next/static/chunks/node_modules_next_dist_1e8vcs8._.js:776
[  227450ms] [LOG] [Fast Refresh] done in 47ms @ http://localhost:3000/_next/static/chunks/node_modules_next_dist_1e8vcs8._.js:776
[  227497ms] [LOG] [Fast Refresh] done in 47ms @ http://localhost:3000/_next/static/chunks/node_modules_next_dist_1e8vcs8._.js:776
[  227539ms] [LOG] [Fast Refresh] done in 47ms @ http://localhost:3000/_next/static/chunks/node_modules_next_dist_1e8vcs8._.js:776
[  227581ms] [LOG] [Fast Refresh] done in 47ms @ http://localhost:3000/_next/static/chunks/node_modules_next_dist_1e8vcs8._.js:776
[  227621ms] [LOG] [Fast Refresh] done in 47ms @ http://localhost:3000/_next/static/chunks/node_modules_next_dist_1e8vcs8._.js:776
[  227664ms] [LOG] [Fast Refresh] done in 47ms @ http://localhost:3000/_next/static/chunks/node_modules_next_dist_1e8vcs8._.js:776
[  227714ms] [LOG] [Fast Refresh] done in 47ms @ http://localhost:3000/_next/static/chunks/node_modules_next_dist_1e8vcs8._.js:776
[  227760ms] [LOG] [Fast Refresh] done in 47ms @ http://localhost:3000/_next/static/chunks/node_modules_next_dist_1e8vcs8._.js:776
[  227807ms] [LOG] [Fast Refresh] done in 47ms @ http://localhost:3000/_next/static/chunks/node_modules_next_dist_1e8vcs8._.js:776
[  227860ms] [LOG] [Fast Refresh] done in 47ms @ http://localhost:3000/_next/static/chunks/node_modules_next_dist_1e8vcs8._.js:776
[  227908ms] [LOG] [Fast Refresh] done in 47ms @ http://localhost:3000/_next/static/chunks/node_modules_next_dist_1e8vcs8._.js:776
[  227957ms] [LOG] [Fast Refresh] done in 47ms @ http://localhost:3000/_next/static/chunks/node_modules_next_dist_1e8vcs8._.js:776
[  228004ms] [LOG] [Fast Refresh] done in 47ms @ http://localhost:3000/_next/static/chunks/node_modules_next_dist_1e8vcs8._.js:776
[  228051ms] [LOG] [Fast Refresh] done in 47ms @ http://localhost:3000/_next/static/chunks/node_modules_next_dist_1e8vcs8._.js:776
[  228098ms] [LOG] [Fast Refresh] done in 47ms @ http://localhost:3000/_next/static/chunks/node_modules_next_dist_1e8vcs8._.js:776
[  228144ms] [LOG] [Fast Refresh] done in 47ms @ http://localhost:3000/_next/static/chunks/node_modules_next_dist_1e8vcs8._.js:776
[  228192ms] [LOG] [Fast Refresh] done in 47ms @ http://localhost:3000/_next/static/chunks/node_modules_next_dist_1e8vcs8._.js:776
[  228239ms] [LOG] [Fast Refresh] done in 47ms @ http://localhost:3000/_next/static/chunks/node_modules_next_dist_1e8vcs8._.js:776
[  228286ms] [LOG] [Fast Refresh] done in 47ms @ http://localhost:3000/_next/static/chunks/node_modules_next_dist_1e8vcs8._.js:776
[  228386ms] [LOG] [Fast Refresh] done in 47ms @ http://localhost:3000/_next/static/chunks/node_modules_next_dist_1e8vcs8._.js:776
[  228432ms] [LOG] [Fast Refresh] done in 47ms @ http://localhost:3000/_next/static/chunks/node_modules_next_dist_1e8vcs8._.js:776
[  228485ms] [LOG] [Fast Refresh] done in 47ms @ http://localhost:3000/_next/static/chunks/node_modules_next_dist_1e8vcs8._.js:776
[  228545ms] [LOG] [Fast Refresh] done in 47ms @ http://localhost:3000/_next/static/chunks/node_modules_next_dist_1e8vcs8._.js:776
[  228596ms] [LOG] [Fast Refresh] done in 47ms @ http://localhost:3000/_next/static/chunks/node_modules_next_dist_1e8vcs8._.js:776
[  228651ms] [LOG] [Fast Refresh] done in 47ms @ http://localhost:3000/_next/static/chunks/node_modules_next_dist_1e8vcs8._.js:776
[  228703ms] [LOG] [Fast Refresh] done in 47ms @ http://localhost:3000/_next/static/chunks/node_modules_next_dist_1e8vcs8._.js:776
[  228752ms] [LOG] [Fast Refresh] done in 47ms @ http://localhost:3000/_next/static/chunks/node_modules_next_dist_1e8vcs8._.js:776
[  228803ms] [LOG] [Fast Refresh] done in 47ms @ http://localhost:3000/_next/static/chunks/node_modules_next_dist_1e8vcs8._.js:776
[  228851ms] [LOG] [Fast Refresh] done in 47ms @ http://localhost:3000/_next/static/chunks/node_modules_next_dist_1e8vcs8._.js:776
[  228898ms] [LOG] [Fast Refresh] done in 47ms @ http://localhost:3000/_next/static/chunks/node_modules_next_dist_1e8vcs8._.js:776
[  228947ms] [LOG] [Fast Refresh] done in 47ms @ http://localhost:3000/_next/static/chunks/node_modules_next_dist_1e8vcs8._.js:776
[  229015ms] [LOG] [Fast Refresh] done in 47ms @ http://localhost:3000/_next/static/chunks/node_modules_next_dist_1e8vcs8._.js:776
[  229063ms] [LOG] [Fast Refresh] done in 47ms @ http://localhost:3000/_next/static/chunks/node_modules_next_dist_1e8vcs8._.js:776
[  229111ms] [LOG] [Fast Refresh] done in 47ms @ http://localhost:3000/_next/static/chunks/node_modules_next_dist_1e8vcs8._.js:776
[  229159ms] [LOG] [Fast Refresh] done in 47ms @ http://localhost:3000/_next/static/chunks/node_modules_next_dist_1e8vcs8._.js:776
[  229206ms] [LOG] [Fast Refresh] done in 47ms @ http://localhost:3000/_next/static/chunks/node_modules_next_dist_1e8vcs8._.js:776
[  229256ms] [LOG] [Fast Refresh] done in 47ms @ http://localhost:3000/_next/static/chunks/node_modules_next_dist_1e8vcs8._.js:776
[  229306ms] [LOG] [Fast Refresh] done in 47ms @ http://localhost:3000/_next/static/chunks/node_modules_next_dist_1e8vcs8._.js:776
[  229354ms] [LOG] [Fast Refresh] done in 47ms @ http://localhost:3000/_next/static/chunks/node_modules_next_dist_1e8vcs8._.js:776
[  229402ms] [LOG] [Fast Refresh] done in 47ms @ http://localhost:3000/_next/static/chunks/node_modules_next_dist_1e8vcs8._.js:776
[  229451ms] [LOG] [Fast Refresh] done in 47ms @ http://localhost:3000/_next/static/chunks/node_modules_next_dist_1e8vcs8._.js:776
[  229501ms] [LOG] [Fast Refresh] done in 47ms @ http://localhost:3000/_next/static/chunks/node_modules_next_dist_1e8vcs8._.js:776
[  229550ms] [LOG] [Fast Refresh] done in 47ms @ http://localhost:3000/_next/static/chunks/node_modules_next_dist_1e8vcs8._.js:776
[  229598ms] [LOG] [Fast Refresh] done in 47ms @ http://localhost:3000/_next/static/chunks/node_modules_next_dist_1e8vcs8._.js:776
[  229646ms] [LOG] [Fast Refresh] done in 47ms @ http://localhost:3000/_next/static/chunks/node_modules_next_dist_1e8vcs8._.js:776
[  229694ms] [LOG] [Fast Refresh] done in 47ms @ http://localhost:3000/_next/static/chunks/node_modules_next_dist_1e8vcs8._.js:776
[  229741ms] [LOG] [Fast Refresh] done in 47ms @ http://localhost:3000/_next/static/chunks/node_modules_next_dist_1e8vcs8._.js:776
[  229796ms] [LOG] [Fast Refresh] done in 47ms @ http://localhost:3000/_next/static/chunks/node_modules_next_dist_1e8vcs8._.js:776
[  229844ms] [LOG] [Fast Refresh] done in 47ms @ http://localhost:3000/_next/static/chunks/node_modules_next_dist_1e8vcs8._.js:776
[  229892ms] [LOG] [Fast Refresh] done in 47ms @ http://localhost:3000/_next/static/chunks/node_modules_next_dist_1e8vcs8._.js:776
[  229941ms] [LOG] [Fast Refresh] done in 47ms @ http://localhost:3000/_next/static/chunks/node_modules_next_dist_1e8vcs8._.js:776
[  229990ms] [LOG] [Fast Refresh] done in 47ms @ http://localhost:3000/_next/static/chunks/node_modules_next_dist_1e8vcs8._.js:776
[  230037ms] [LOG] [Fast Refresh] done in 47ms @ http://localhost:3000/_next/static/chunks/node_modules_next_dist_1e8vcs8._.js:776
[  230084ms] [LOG] [Fast Refresh] done in 47ms @ http://localhost:3000/_next/static/chunks/node_modules_next_dist_1e8vcs8._.js:776
[  230129ms] [LOG] [Fast Refresh] done in 47ms @ http://localhost:3000/_next/static/chunks/node_modules_next_dist_1e8vcs8._.js:776
[  230177ms] [LOG] [Fast Refresh] done in 47ms @ http://localhost:3000/_next/static/chunks/node_modules_next_dist_1e8vcs8._.js:776
[  230225ms] [LOG] [Fast Refresh] done in 47ms @ http://localhost:3000/_next/static/chunks/node_modules_next_dist_1e8vcs8._.js:776
[  230272ms] [LOG] [Fast Refresh] done in 47ms @ http://localhost:3000/_next/static/chunks/node_modules_next_dist_1e8vcs8._.js:776
[  230319ms] [LOG] [Fast Refresh] done in 47ms @ http://localhost:3000/_next/static/chunks/node_modules_next_dist_1e8vcs8._.js:776
[  230367ms] [LOG] [Fast Refresh] done in 47ms @ http://localhost:3000/_next/static/chunks/node_modules_next_dist_1e8vcs8._.js:776
[  230413ms] [LOG] [Fast Refresh] done in 47ms @ http://localhost:3000/_next/static/chunks/node_modules_next_dist_1e8vcs8._.js:776
[  230460ms] [LOG] [Fast Refresh] done in 47ms @ http://localhost:3000/_next/static/chunks/node_modules_next_dist_1e8vcs8._.js:776
[  230509ms] [LOG] [Fast Refresh] done in 47ms @ http://localhost:3000/_next/static/chunks/node_modules_next_dist_1e8vcs8._.js:776
[  230557ms] [LOG] [Fast Refresh] done in 47ms @ http://localhost:3000/_next/static/chunks/node_modules_next_dist_1e8vcs8._.js:776
[  230604ms] [LOG] [Fast Refresh] done in 47ms @ http://localhost:3000/_next/static/chunks/node_modules_next_dist_1e8vcs8._.js:776
[  230651ms] [LOG] [Fast Refresh] done in 47ms @ http://localhost:3000/_next/static/chunks/node_modules_next_dist_1e8vcs8._.js:776
[  230699ms] [LOG] [Fast Refresh] done in 47ms @ http://localhost:3000/_next/static/chunks/node_modules_next_dist_1e8vcs8._.js:776
[  230745ms] [LOG] [Fast Refresh] done in 47ms @ http://localhost:3000/_next/static/chunks/node_modules_next_dist_1e8vcs8._.js:776
[  230794ms] [LOG] [Fast Refresh] done in 47ms @ http://localhost:3000/_next/static/chunks/node_modules_next_dist_1e8vcs8._.js:776
[  230842ms] [LOG] [Fast Refresh] done in 47ms @ http://localhost:3000/_next/static/chunks/node_modules_next_dist_1e8vcs8._.js:776
[  230889ms] [LOG] [Fast Refresh] done in 47ms @ http://localhost:3000/_next/static/chunks/node_modules_next_dist_1e8vcs8._.js:776
[  230936ms] [LOG] [Fast Refresh] done in 47ms @ http://localhost:3000/_next/static/chunks/node_modules_next_dist_1e8vcs8._.js:776
[  230983ms] [LOG] [Fast Refresh] done in 47ms @ http://localhost:3000/_next/static/chunks/node_modules_next_dist_1e8vcs8._.js:776
[  231030ms] [LOG] [Fast Refresh] done in 47ms @ http://localhost:3000/_next/static/chunks/node_modules_next_dist_1e8vcs8._.js:776
[  231077ms] [LOG] [Fast Refresh] done in 47ms @ http://localhost:3000/_next/static/chunks/node_modules_next_dist_1e8vcs8._.js:776
[  231125ms] [LOG] [Fast Refresh] done in 47ms @ http://localhost:3000/_next/static/chunks/node_modules_next_dist_1e8vcs8._.js:776
[  231172ms] [LOG] [Fast Refresh] done in 47ms @ http://localhost:3000/_next/static/chunks/node_modules_next_dist_1e8vcs8._.js:776
[  231219ms] [LOG] [Fast Refresh] done in 47ms @ http://localhost:3000/_next/static/chunks/node_modules_next_dist_1e8vcs8._.js:776
[  231265ms] [LOG] [Fast Refresh] done in 47ms @ http://localhost:3000/_next/static/chunks/node_modules_next_dist_1e8vcs8._.js:776
[  231312ms] [LOG] [Fast Refresh] done in 47ms @ http://localhost:3000/_next/static/chunks/node_modules_next_dist_1e8vcs8._.js:776
[  231359ms] [LOG] [Fast Refresh] done in 47ms @ http://localhost:3000/_next/static/chunks/node_modules_next_dist_1e8vcs8._.js:776
[  231407ms] [LOG] [Fast Refresh] done in 47ms @ http://localhost:3000/_next/static/chunks/node_modules_next_dist_1e8vcs8._.js:776
[  231453ms] [LOG] [Fast Refresh] done in 47ms @ http://localhost:3000/_next/static/chunks/node_modules_next_dist_1e8vcs8._.js:776
[  231501ms] [LOG] [Fast Refresh] done in 47ms @ http://localhost:3000/_next/static/chunks/node_modules_next_dist_1e8vcs8._.js:776
[  231551ms] [LOG] [Fast Refresh] done in 47ms @ http://localhost:3000/_next/static/chunks/node_modules_next_dist_1e8vcs8._.js:776
[  231600ms] [LOG] [Fast Refresh] done in 47ms @ http://localhost:3000/_next/static/chunks/node_modules_next_dist_1e8vcs8._.js:776
[  231647ms] [LOG] [Fast Refresh] done in 47ms @ http://localhost:3000/_next/static/chunks/node_modules_next_dist_1e8vcs8._.js:776
[  231694ms] [LOG] [Fast Refresh] done in 47ms @ http://localhost:3000/_next/static/chunks/node_modules_next_dist_1e8vcs8._.js:776
[  231742ms] [LOG] [Fast Refresh] done in 47ms @ http://localhost:3000/_next/static/chunks/node_modules_next_dist_1e8vcs8._.js:776
[  231788ms] [LOG] [Fast Refresh] done in 47ms @ http://localhost:3000/_next/static/chunks/node_modules_next_dist_1e8vcs8._.js:776
[  231835ms] [LOG] [Fast Refresh] done in 47ms @ http://localhost:3000/_next/static/chunks/node_modules_next_dist_1e8vcs8._.js:776
[  231881ms] [LOG] [Fast Refresh] done in 47ms @ http://localhost:3000/_next/static/chunks/node_modules_next_dist_1e8vcs8._.js:776
[  231928ms] [LOG] [Fast Refresh] done in 47ms @ http://localhost:3000/_next/static/chunks/node_modules_next_dist_1e8vcs8._.js:776
[  231976ms] [LOG] [Fast Refresh] done in 47ms @ http://localhost:3000/_next/static/chunks/node_modules_next_dist_1e8vcs8._.js:776
[  232069ms] [LOG] [Fast Refresh] done in 47ms @ http://localhost:3000/_next/static/chunks/node_modules_next_dist_1e8vcs8._.js:776
[  232158ms] [LOG] [Fast Refresh] done in 47ms @ http://localhost:3000/_next/static/chunks/node_modules_next_dist_1e8vcs8._.js:776
[  232208ms] [LOG] [Fast Refresh] done in 47ms @ http://localhost:3000/_next/static/chunks/node_modules_next_dist_1e8vcs8._.js:776
[  232255ms] [LOG] [Fast Refresh] done in 47ms @ http://localhost:3000/_next/static/chunks/node_modules_next_dist_1e8vcs8._.js:776
[  232304ms] [LOG] [Fast Refresh] done in 47ms @ http://localhost:3000/_next/static/chunks/node_modules_next_dist_1e8vcs8._.js:776
[  232365ms] [LOG] [Fast Refresh] done in 47ms @ http://localhost:3000/_next/static/chunks/node_modules_next_dist_1e8vcs8._.js:776
[  232414ms] [LOG] [Fast Refresh] done in 47ms @ http://localhost:3000/_next/static/chunks/node_modules_next_dist_1e8vcs8._.js:776
[  232460ms] [LOG] [Fast Refresh] done in 47ms @ http://localhost:3000/_next/static/chunks/node_modules_next_dist_1e8vcs8._.js:776
[  232509ms] [LOG] [Fast Refresh] done in 47ms @ http://localhost:3000/_next/static/chunks/node_modules_next_dist_1e8vcs8._.js:776
[  232557ms] [LOG] [Fast Refresh] done in 47ms @ http://localhost:3000/_next/static/chunks/node_modules_next_dist_1e8vcs8._.js:776
[  232603ms] [LOG] [Fast Refresh] done in 47ms @ http://localhost:3000/_next/static/chunks/node_modules_next_dist_1e8vcs8._.js:776
[  232655ms] [LOG] [Fast Refresh] done in 47ms @ http://localhost:3000/_next/static/chunks/node_modules_next_dist_1e8vcs8._.js:776
[  232719ms] [LOG] [Fast Refresh] done in 47ms @ http://localhost:3000/_next/static/chunks/node_modules_next_dist_1e8vcs8._.js:776
[  232767ms] [LOG] [Fast Refresh] done in 47ms @ http://localhost:3000/_next/static/chunks/node_modules_next_dist_1e8vcs8._.js:776
[  232815ms] [LOG] [Fast Refresh] done in 47ms @ http://localhost:3000/_next/static/chunks/node_modules_next_dist_1e8vcs8._.js:776
[  232862ms] [LOG] [Fast Refresh] done in 47ms @ http://localhost:3000/_next/static/chunks/node_modules_next_dist_1e8vcs8._.js:776
[  232910ms] [LOG] [Fast Refresh] done in 47ms @ http://localhost:3000/_next/static/chunks/node_modules_next_dist_1e8vcs8._.js:776
[  232958ms] [LOG] [Fast Refresh] done in 47ms @ http://localhost:3000/_next/static/chunks/node_modules_next_dist_1e8vcs8._.js:776
[  233004ms] [LOG] [Fast Refresh] done in 47ms @ http://localhost:3000/_next/static/chunks/node_modules_next_dist_1e8vcs8._.js:776
[  233052ms] [LOG] [Fast Refresh] done in 47ms @ http://localhost:3000/_next/static/chunks/node_modules_next_dist_1e8vcs8._.js:776
[  233100ms] [LOG] [Fast Refresh] done in 47ms @ http://localhost:3000/_next/static/chunks/node_modules_next_dist_1e8vcs8._.js:776
[  233147ms] [LOG] [Fast Refresh] done in 47ms @ http://localhost:3000/_next/static/chunks/node_modules_next_dist_1e8vcs8._.js:776
[  233194ms] [LOG] [Fast Refresh] done in 47ms @ http://localhost:3000/_next/static/chunks/node_modules_next_dist_1e8vcs8._.js:776
[  233241ms] [LOG] [Fast Refresh] done in 47ms @ http://localhost:3000/_next/static/chunks/node_modules_next_dist_1e8vcs8._.js:776
[  233288ms] [LOG] [Fast Refresh] done in 47ms @ http://localhost:3000/_next/static/chunks/node_modules_next_dist_1e8vcs8._.js:776
[  233335ms] [LOG] [Fast Refresh] done in 47ms @ http://localhost:3000/_next/static/chunks/node_modules_next_dist_1e8vcs8._.js:776
[  233382ms] [LOG] [Fast Refresh] done in 47ms @ http://localhost:3000/_next/static/chunks/node_modules_next_dist_1e8vcs8._.js:776
[  233429ms] [LOG] [Fast Refresh] done in 47ms @ http://localhost:3000/_next/static/chunks/node_modules_next_dist_1e8vcs8._.js:776
[  233477ms] [LOG] [Fast Refresh] done in 47ms @ http://localhost:3000/_next/static/chunks/node_modules_next_dist_1e8vcs8._.js:776
[  233523ms] [LOG] [Fast Refresh] done in 47ms @ http://localhost:3000/_next/static/chunks/node_modules_next_dist_1e8vcs8._.js:776
[  233571ms] [LOG] [Fast Refresh] done in 47ms @ http://localhost:3000/_next/static/chunks/node_modules_next_dist_1e8vcs8._.js:776
[  233617ms] [LOG] [Fast Refresh] done in 47ms @ http://localhost:3000/_next/static/chunks/node_modules_next_dist_1e8vcs8._.js:776
[  233667ms] [LOG] [Fast Refresh] done in 47ms @ http://localhost:3000/_next/static/chunks/node_modules_next_dist_1e8vcs8._.js:776
[  233719ms] [LOG] [Fast Refresh] done in 47ms @ http://localhost:3000/_next/static/chunks/node_modules_next_dist_1e8vcs8._.js:776
[  233767ms] [LOG] [Fast Refresh] done in 47ms @ http://localhost:3000/_next/static/chunks/node_modules_next_dist_1e8vcs8._.js:776
[  233815ms] [LOG] [Fast Refresh] done in 47ms @ http://localhost:3000/_next/static/chunks/node_modules_next_dist_1e8vcs8._.js:776
[  233862ms] [LOG] [Fast Refresh] done in 47ms @ http://localhost:3000/_next/static/chunks/node_modules_next_dist_1e8vcs8._.js:776
[  233909ms] [LOG] [Fast Refresh] done in 47ms @ http://localhost:3000/_next/static/chunks/node_modules_next_dist_1e8vcs8._.js:776
[  233955ms] [LOG] [Fast Refresh] done in 47ms @ http://localhost:3000/_next/static/chunks/node_modules_next_dist_1e8vcs8._.js:776
[  234004ms] [LOG] [Fast Refresh] done in 47ms @ http://localhost:3000/_next/static/chunks/node_modules_next_dist_1e8vcs8._.js:776
[  234054ms] [LOG] [Fast Refresh] done in 47ms @ http://localhost:3000/_next/static/chunks/node_modules_next_dist_1e8vcs8._.js:776
[  234092ms] [LOG] [Fast Refresh] done in 47ms @ http://localhost:3000/_next/static/chunks/node_modules_next_dist_1e8vcs8._.js:776
[  234141ms] [LOG] [Fast Refresh] done in 47ms @ http://localhost:3000/_next/static/chunks/node_modules_next_dist_1e8vcs8._.js:776
[  234190ms] [LOG] [Fast Refresh] done in 47ms @ http://localhost:3000/_next/static/chunks/node_modules_next_dist_1e8vcs8._.js:776
[  234239ms] [LOG] [Fast Refresh] done in 47ms @ http://localhost:3000/_next/static/chunks/node_modules_next_dist_1e8vcs8._.js:776
[  234287ms] [LOG] [Fast Refresh] done in 47ms @ http://localhost:3000/_next/static/chunks/node_modules_next_dist_1e8vcs8._.js:776
[  234335ms] [LOG] [Fast Refresh] done in 47ms @ http://localhost:3000/_next/static/chunks/node_modules_next_dist_1e8vcs8._.js:776
[  234383ms] [LOG] [Fast Refresh] done in 47ms @ http://localhost:3000/_next/static/chunks/node_modules_next_dist_1e8vcs8._.js:776
[  234431ms] [LOG] [Fast Refresh] done in 47ms @ http://localhost:3000/_next/static/chunks/node_modules_next_dist_1e8vcs8._.js:776
[  234479ms] [LOG] [Fast Refresh] done in 47ms @ http://localhost:3000/_next/static/chunks/node_modules_next_dist_1e8vcs8._.js:776
[  234529ms] [LOG] [Fast Refresh] done in 47ms @ http://localhost:3000/_next/static/chunks/node_modules_next_dist_1e8vcs8._.js:776
[  234578ms] [LOG] [Fast Refresh] done in 47ms @ http://localhost:3000/_next/static/chunks/node_modules_next_dist_1e8vcs8._.js:776
[  234629ms] [LOG] [Fast Refresh] done in 47ms @ http://localhost:3000/_next/static/chunks/node_modules_next_dist_1e8vcs8._.js:776
[  234677ms] [LOG] [Fast Refresh] done in 47ms @ http://localhost:3000/_next/static/chunks/node_modules_next_dist_1e8vcs8._.js:776
[  234725ms] [LOG] [Fast Refresh] done in 47ms @ http://localhost:3000/_next/static/chunks/node_modules_next_dist_1e8vcs8._.js:776
[  234774ms] [LOG] [Fast Refresh] done in 47ms @ http://localhost:3000/_next/static/chunks/node_modules_next_dist_1e8vcs8._.js:776
[  234823ms] [LOG] [Fast Refresh] done in 47ms @ http://localhost:3000/_next/static/chunks/node_modules_next_dist_1e8vcs8._.js:776
[  234864ms] [LOG] [Fast Refresh] done in 47ms @ http://localhost:3000/_next/static/chunks/node_modules_next_dist_1e8vcs8._.js:776
[  234913ms] [LOG] [Fast Refresh] done in 47ms @ http://localhost:3000/_next/static/chunks/node_modules_next_dist_1e8vcs8._.js:776
[  234963ms] [LOG] [Fast Refresh] done in 47ms @ http://localhost:3000/_next/static/chunks/node_modules_next_dist_1e8vcs8._.js:776
[  235012ms] [LOG] [Fast Refresh] done in 47ms @ http://localhost:3000/_next/static/chunks/node_modules_next_dist_1e8vcs8._.js:776
[  235062ms] [LOG] [Fast Refresh] done in 47ms @ http://localhost:3000/_next/static/chunks/node_modules_next_dist_1e8vcs8._.js:776
[  235109ms] [LOG] [Fast Refresh] done in 47ms @ http://localhost:3000/_next/static/chunks/node_modules_next_dist_1e8vcs8._.js:776
[  235161ms] [LOG] [Fast Refresh] done in 47ms @ http://localhost:3000/_next/static/chunks/node_modules_next_dist_1e8vcs8._.js:776
[  235214ms] [LOG] [Fast Refresh] done in 47ms @ http://localhost:3000/_next/static/chunks/node_modules_next_dist_1e8vcs8._.js:776
[  235261ms] [LOG] [Fast Refresh] done in 47ms @ http://localhost:3000/_next/static/chunks/node_modules_next_dist_1e8vcs8._.js:776
[  235309ms] [LOG] [Fast Refresh] done in 47ms @ http://localhost:3000/_next/static/chunks/node_modules_next_dist_1e8vcs8._.js:776
[  235364ms] [LOG] [Fast Refresh] done in 47ms @ http://localhost:3000/_next/static/chunks/node_modules_next_dist_1e8vcs8._.js:776
[  235414ms] [LOG] [Fast Refresh] done in 47ms @ http://localhost:3000/_next/static/chunks/node_modules_next_dist_1e8vcs8._.js:776
[  235462ms] [LOG] [Fast Refresh] done in 47ms @ http://localhost:3000/_next/static/chunks/node_modules_next_dist_1e8vcs8._.js:776
[  235510ms] [LOG] [Fast Refresh] done in 47ms @ http://localhost:3000/_next/static/chunks/node_modules_next_dist_1e8vcs8._.js:776
[  235561ms] [LOG] [Fast Refresh] done in 47ms @ http://localhost:3000/_next/static/chunks/node_modules_next_dist_1e8vcs8._.js:776
[  235608ms] [LOG] [Fast Refresh] done in 47ms @ http://localhost:3000/_next/static/chunks/node_modules_next_dist_1e8vcs8._.js:776
[  235659ms] [LOG] [Fast Refresh] done in 47ms @ http://localhost:3000/_next/static/chunks/node_modules_next_dist_1e8vcs8._.js:776
[  235709ms] [LOG] [Fast Refresh] done in 47ms @ http://localhost:3000/_next/static/chunks/node_modules_next_dist_1e8vcs8._.js:776
[  235757ms] [LOG] [Fast Refresh] done in 47ms @ http://localhost:3000/_next/static/chunks/node_modules_next_dist_1e8vcs8._.js:776
[  235807ms] [LOG] [Fast Refresh] done in 47ms @ http://localhost:3000/_next/static/chunks/node_modules_next_dist_1e8vcs8._.js:776
[  235855ms] [LOG] [Fast Refresh] done in 47ms @ http://localhost:3000/_next/static/chunks/node_modules_next_dist_1e8vcs8._.js:776
[  235904ms] [LOG] [Fast Refresh] done in 47ms @ http://localhost:3000/_next/static/chunks/node_modules_next_dist_1e8vcs8._.js:776
[  235953ms] [LOG] [Fast Refresh] done in 47ms @ http://localhost:3000/_next/static/chunks/node_modules_next_dist_1e8vcs8._.js:776
[  236001ms] [LOG] [Fast Refresh] done in 47ms @ http://localhost:3000/_next/static/chunks/node_modules_next_dist_1e8vcs8._.js:776
[  236056ms] [LOG] [Fast Refresh] done in 47ms @ http://localhost:3000/_next/static/chunks/node_modules_next_dist_1e8vcs8._.js:776
[  236106ms] [LOG] [Fast Refresh] done in 47ms @ http://localhost:3000/_next/static/chunks/node_modules_next_dist_1e8vcs8._.js:776
[  236155ms] [LOG] [Fast Refresh] done in 47ms @ http://localhost:3000/_next/static/chunks/node_modules_next_dist_1e8vcs8._.js:776
[  236204ms] [LOG] [Fast Refresh] done in 47ms @ http://localhost:3000/_next/static/chunks/node_modules_next_dist_1e8vcs8._.js:776
[  236253ms] [LOG] [Fast Refresh] done in 47ms @ http://localhost:3000/_next/static/chunks/node_modules_next_dist_1e8vcs8._.js:776
[  236302ms] [LOG] [Fast Refresh] done in 47ms @ http://localhost:3000/_next/static/chunks/node_modules_next_dist_1e8vcs8._.js:776
[  236350ms] [LOG] [Fast Refresh] done in 47ms @ http://localhost:3000/_next/static/chunks/node_modules_next_dist_1e8vcs8._.js:776
[  236400ms] [LOG] [Fast Refresh] done in 47ms @ http://localhost:3000/_next/static/chunks/node_modules_next_dist_1e8vcs8._.js:776
[  236448ms] [LOG] [Fast Refresh] done in 47ms @ http://localhost:3000/_next/static/chunks/node_modules_next_dist_1e8vcs8._.js:776
[  236495ms] [LOG] [Fast Refresh] done in 47ms @ http://localhost:3000/_next/static/chunks/node_modules_next_dist_1e8vcs8._.js:776
[  236541ms] [LOG] [Fast Refresh] done in 47ms @ http://localhost:3000/_next/static/chunks/node_modules_next_dist_1e8vcs8._.js:776
[  236589ms] [LOG] [Fast Refresh] done in 47ms @ http://localhost:3000/_next/static/chunks/node_modules_next_dist_1e8vcs8._.js:776
[  236636ms] [LOG] [Fast Refresh] done in 47ms @ http://localhost:3000/_next/static/chunks/node_modules_next_dist_1e8vcs8._.js:776
[  236684ms] [LOG] [Fast Refresh] done in 47ms @ http://localhost:3000/_next/static/chunks/node_modules_next_dist_1e8vcs8._.js:776
[  236731ms] [LOG] [Fast Refresh] done in 47ms @ http://localhost:3000/_next/static/chunks/node_modules_next_dist_1e8vcs8._.js:776
[  236778ms] [LOG] [Fast Refresh] done in 47ms @ http://localhost:3000/_next/static/chunks/node_modules_next_dist_1e8vcs8._.js:776
[  236825ms] [LOG] [Fast Refresh] done in 47ms @ http://localhost:3000/_next/static/chunks/node_modules_next_dist_1e8vcs8._.js:776
[  236872ms] [LOG] [Fast Refresh] done in 47ms @ http://localhost:3000/_next/static/chunks/node_modules_next_dist_1e8vcs8._.js:776
[  236920ms] [LOG] [Fast Refresh] done in 47ms @ http://localhost:3000/_next/static/chunks/node_modules_next_dist_1e8vcs8._.js:776
[  236968ms] [LOG] [Fast Refresh] done in 47ms @ http://localhost:3000/_next/static/chunks/node_modules_next_dist_1e8vcs8._.js:776
[  237016ms] [LOG] [Fast Refresh] done in 47ms @ http://localhost:3000/_next/static/chunks/node_modules_next_dist_1e8vcs8._.js:776
[  237064ms] [LOG] [Fast Refresh] done in 47ms @ http://localhost:3000/_next/static/chunks/node_modules_next_dist_1e8vcs8._.js:776
[  237119ms] [LOG] [Fast Refresh] done in 47ms @ http://localhost:3000/_next/static/chunks/node_modules_next_dist_1e8vcs8._.js:776
[  237180ms] [LOG] [Fast Refresh] done in 47ms @ http://localhost:3000/_next/static/chunks/node_modules_next_dist_1e8vcs8._.js:776
[  237228ms] [LOG] [Fast Refresh] done in 47ms @ http://localhost:3000/_next/static/chunks/node_modules_next_dist_1e8vcs8._.js:776
[  237276ms] [LOG] [Fast Refresh] done in 47ms @ http://localhost:3000/_next/static/chunks/node_modules_next_dist_1e8vcs8._.js:776
[  237323ms] [LOG] [Fast Refresh] done in 47ms @ http://localhost:3000/_next/static/chunks/node_modules_next_dist_1e8vcs8._.js:776
[  237370ms] [LOG] [Fast Refresh] done in 47ms @ http://localhost:3000/_next/static/chunks/node_modules_next_dist_1e8vcs8._.js:776
[  237418ms] [LOG] [Fast Refresh] done in 47ms @ http://localhost:3000/_next/static/chunks/node_modules_next_dist_1e8vcs8._.js:776
[  237465ms] [LOG] [Fast Refresh] done in 47ms @ http://localhost:3000/_next/static/chunks/node_modules_next_dist_1e8vcs8._.js:776
[  237519ms] [LOG] [Fast Refresh] done in 47ms @ http://localhost:3000/_next/static/chunks/node_modules_next_dist_1e8vcs8._.js:776
[  237682ms] [LOG] [Fast Refresh] done in 47ms @ http://localhost:3000/_next/static/chunks/node_modules_next_dist_1e8vcs8._.js:776
[  237860ms] [LOG] [Fast Refresh] done in 47ms @ http://localhost:3000/_next/static/chunks/node_modules_next_dist_1e8vcs8._.js:776
[  237957ms] [LOG] [Fast Refresh] done in 47ms @ http://localhost:3000/_next/static/chunks/node_modules_next_dist_1e8vcs8._.js:776
[  238001ms] [LOG] [Fast Refresh] done in 47ms @ http://localhost:3000/_next/static/chunks/node_modules_next_dist_1e8vcs8._.js:776
[  238054ms] [LOG] [Fast Refresh] done in 47ms @ http://localhost:3000/_next/static/chunks/node_modules_next_dist_1e8vcs8._.js:776
[  238111ms] [LOG] [Fast Refresh] done in 47ms @ http://localhost:3000/_next/static/chunks/node_modules_next_dist_1e8vcs8._.js:776
[  238166ms] [LOG] [Fast Refresh] done in 47ms @ http://localhost:3000/_next/static/chunks/node_modules_next_dist_1e8vcs8._.js:776
[  238216ms] [LOG] [Fast Refresh] done in 47ms @ http://localhost:3000/_next/static/chunks/node_modules_next_dist_1e8vcs8._.js:776
[  238269ms] [LOG] [Fast Refresh] done in 47ms @ http://localhost:3000/_next/static/chunks/node_modules_next_dist_1e8vcs8._.js:776
[  238323ms] [LOG] [Fast Refresh] done in 47ms @ http://localhost:3000/_next/static/chunks/node_modules_next_dist_1e8vcs8._.js:776
[  238387ms] [LOG] [Fast Refresh] done in 47ms @ http://localhost:3000/_next/static/chunks/node_modules_next_dist_1e8vcs8._.js:776
[  238439ms] [LOG] [Fast Refresh] done in 47ms @ http://localhost:3000/_next/static/chunks/node_modules_next_dist_1e8vcs8._.js:776
[  238486ms] [LOG] [Fast Refresh] done in 47ms @ http://localhost:3000/_next/static/chunks/node_modules_next_dist_1e8vcs8._.js:776
[  238534ms] [LOG] [Fast Refresh] done in 47ms @ http://localhost:3000/_next/static/chunks/node_modules_next_dist_1e8vcs8._.js:776
[  238585ms] [LOG] [Fast Refresh] done in 47ms @ http://localhost:3000/_next/static/chunks/node_modules_next_dist_1e8vcs8._.js:776
[  238637ms] [LOG] [Fast Refresh] done in 47ms @ http://localhost:3000/_next/static/chunks/node_modules_next_dist_1e8vcs8._.js:776
[  238684ms] [LOG] [Fast Refresh] done in 47ms @ http://localhost:3000/_next/static/chunks/node_modules_next_dist_1e8vcs8._.js:776
[  238734ms] [LOG] [Fast Refresh] done in 47ms @ http://localhost:3000/_next/static/chunks/node_modules_next_dist_1e8vcs8._.js:776
[  238796ms] [LOG] [Fast Refresh] done in 47ms @ http://localhost:3000/_next/static/chunks/node_modules_next_dist_1e8vcs8._.js:776
[  238848ms] [LOG] [Fast Refresh] done in 47ms @ http://localhost:3000/_next/static/chunks/node_modules_next_dist_1e8vcs8._.js:776
[  238898ms] [LOG] [Fast Refresh] done in 47ms @ http://localhost:3000/_next/static/chunks/node_modules_next_dist_1e8vcs8._.js:776
[  238945ms] [LOG] [Fast Refresh] done in 47ms @ http://localhost:3000/_next/static/chunks/node_modules_next_dist_1e8vcs8._.js:776
[  238994ms] [LOG] [Fast Refresh] done in 47ms @ http://localhost:3000/_next/static/chunks/node_modules_next_dist_1e8vcs8._.js:776
[  239041ms] [LOG] [Fast Refresh] done in 47ms @ http://localhost:3000/_next/static/chunks/node_modules_next_dist_1e8vcs8._.js:776
[  239088ms] [LOG] [Fast Refresh] done in 47ms @ http://localhost:3000/_next/static/chunks/node_modules_next_dist_1e8vcs8._.js:776
[  239135ms] [LOG] [Fast Refresh] done in 47ms @ http://localhost:3000/_next/static/chunks/node_modules_next_dist_1e8vcs8._.js:776
[  239183ms] [LOG] [Fast Refresh] done in 47ms @ http://localhost:3000/_next/static/chunks/node_modules_next_dist_1e8vcs8._.js:776
[  239232ms] [LOG] [Fast Refresh] done in 47ms @ http://localhost:3000/_next/static/chunks/node_modules_next_dist_1e8vcs8._.js:776
[  239279ms] [LOG] [Fast Refresh] done in 47ms @ http://localhost:3000/_next/static/chunks/node_modules_next_dist_1e8vcs8._.js:776
[  239328ms] [LOG] [Fast Refresh] done in 47ms @ http://localhost:3000/_next/static/chunks/node_modules_next_dist_1e8vcs8._.js:776
[  239381ms] [LOG] [Fast Refresh] done in 47ms @ http://localhost:3000/_next/static/chunks/node_modules_next_dist_1e8vcs8._.js:776
[  239432ms] [LOG] [Fast Refresh] done in 47ms @ http://localhost:3000/_next/static/chunks/node_modules_next_dist_1e8vcs8._.js:776
[  239481ms] [LOG] [Fast Refresh] done in 47ms @ http://localhost:3000/_next/static/chunks/node_modules_next_dist_1e8vcs8._.js:776
[  239528ms] [LOG] [Fast Refresh] done in 47ms @ http://localhost:3000/_next/static/chunks/node_modules_next_dist_1e8vcs8._.js:776
[  239576ms] [LOG] [Fast Refresh] done in 47ms @ http://localhost:3000/_next/static/chunks/node_modules_next_dist_1e8vcs8._.js:776
[  239624ms] [LOG] [Fast Refresh] done in 47ms @ http://localhost:3000/_next/static/chunks/node_modules_next_dist_1e8vcs8._.js:776
[  239671ms] [LOG] [Fast Refresh] done in 47ms @ http://localhost:3000/_next/static/chunks/node_modules_next_dist_1e8vcs8._.js:776
[  239718ms] [LOG] [Fast Refresh] done in 47ms @ http://localhost:3000/_next/static/chunks/node_modules_next_dist_1e8vcs8._.js:776
[  239765ms] [LOG] [Fast Refresh] done in 47ms @ http://localhost:3000/_next/static/chunks/node_modules_next_dist_1e8vcs8._.js:776
[  239814ms] [LOG] [Fast Refresh] done in 47ms @ http://localhost:3000/_next/static/chunks/node_modules_next_dist_1e8vcs8._.js:776
[  239871ms] [LOG] [Fast Refresh] done in 47ms @ http://localhost:3000/_next/static/chunks/node_modules_next_dist_1e8vcs8._.js:776
[  239922ms] [LOG] [Fast Refresh] done in 47ms @ http://localhost:3000/_next/static/chunks/node_modules_next_dist_1e8vcs8._.js:776
[  239969ms] [LOG] [Fast Refresh] done in 47ms @ http://localhost:3000/_next/static/chunks/node_modules_next_dist_1e8vcs8._.js:776
[  240017ms] [LOG] [Fast Refresh] done in 47ms @ http://localhost:3000/_next/static/chunks/node_modules_next_dist_1e8vcs8._.js:776
[  240065ms] [LOG] [Fast Refresh] done in 47ms @ http://localhost:3000/_next/static/chunks/node_modules_next_dist_1e8vcs8._.js:776
[  240112ms] [LOG] [Fast Refresh] done in 47ms @ http://localhost:3000/_next/static/chunks/node_modules_next_dist_1e8vcs8._.js:776
[  240158ms] [LOG] [Fast Refresh] done in 47ms @ http://localhost:3000/_next/static/chunks/node_modules_next_dist_1e8vcs8._.js:776
[  240206ms] [LOG] [Fast Refresh] done in 47ms @ http://localhost:3000/_next/static/chunks/node_modules_next_dist_1e8vcs8._.js:776
[  240254ms] [LOG] [Fast Refresh] done in 47ms @ http://localhost:3000/_next/static/chunks/node_modules_next_dist_1e8vcs8._.js:776
[  240301ms] [LOG] [Fast Refresh] done in 47ms @ http://localhost:3000/_next/static/chunks/node_modules_next_dist_1e8vcs8._.js:776
[  240348ms] [LOG] [Fast Refresh] done in 47ms @ http://localhost:3000/_next/static/chunks/node_modules_next_dist_1e8vcs8._.js:776
[  240395ms] [LOG] [Fast Refresh] done in 47ms @ http://localhost:3000/_next/static/chunks/node_modules_next_dist_1e8vcs8._.js:776
[  240442ms] [LOG] [Fast Refresh] done in 47ms @ http://localhost:3000/_next/static/chunks/node_modules_next_dist_1e8vcs8._.js:776
[  240492ms] [LOG] [Fast Refresh] done in 47ms @ http://localhost:3000/_next/static/chunks/node_modules_next_dist_1e8vcs8._.js:776
[  240541ms] [LOG] [Fast Refresh] done in 47ms @ http://localhost:3000/_next/static/chunks/node_modules_next_dist_1e8vcs8._.js:776
[  240589ms] [LOG] [Fast Refresh] done in 47ms @ http://localhost:3000/_next/static/chunks/node_modules_next_dist_1e8vcs8._.js:776
[  240636ms] [LOG] [Fast Refresh] done in 47ms @ http://localhost:3000/_next/static/chunks/node_modules_next_dist_1e8vcs8._.js:776
[  240687ms] [LOG] [Fast Refresh] done in 47ms @ http://localhost:3000/_next/static/chunks/node_modules_next_dist_1e8vcs8._.js:776
[  240740ms] [LOG] [Fast Refresh] done in 47ms @ http://localhost:3000/_next/static/chunks/node_modules_next_dist_1e8vcs8._.js:776
[  240790ms] [LOG] [Fast Refresh] done in 47ms @ http://localhost:3000/_next/static/chunks/node_modules_next_dist_1e8vcs8._.js:776
[  240838ms] [LOG] [Fast Refresh] done in 47ms @ http://localhost:3000/_next/static/chunks/node_modules_next_dist_1e8vcs8._.js:776
[  240989ms] [LOG] [Fast Refresh] done in 47ms @ http://localhost:3000/_next/static/chunks/node_modules_next_dist_1e8vcs8._.js:776
[  241128ms] [LOG] [Fast Refresh] done in 47ms @ http://localhost:3000/_next/static/chunks/node_modules_next_dist_1e8vcs8._.js:776
[  241175ms] [LOG] [Fast Refresh] done in 47ms @ http://localhost:3000/_next/static/chunks/node_modules_next_dist_1e8vcs8._.js:776
[  241223ms] [LOG] [Fast Refresh] done in 47ms @ http://localhost:3000/_next/static/chunks/node_modules_next_dist_1e8vcs8._.js:776
[  241270ms] [LOG] [Fast Refresh] done in 47ms @ http://localhost:3000/_next/static/chunks/node_modules_next_dist_1e8vcs8._.js:776
[  241318ms] [LOG] [Fast Refresh] done in 47ms @ http://localhost:3000/_next/static/chunks/node_modules_next_dist_1e8vcs8._.js:776
[  241366ms] [LOG] [Fast Refresh] done in 47ms @ http://localhost:3000/_next/static/chunks/node_modules_next_dist_1e8vcs8._.js:776
[  241416ms] [LOG] [Fast Refresh] done in 47ms @ http://localhost:3000/_next/static/chunks/node_modules_next_dist_1e8vcs8._.js:776
[  241472ms] [LOG] [Fast Refresh] done in 47ms @ http://localhost:3000/_next/static/chunks/node_modules_next_dist_1e8vcs8._.js:776
[  241520ms] [LOG] [Fast Refresh] done in 47ms @ http://localhost:3000/_next/static/chunks/node_modules_next_dist_1e8vcs8._.js:776
[  241570ms] [LOG] [Fast Refresh] done in 47ms @ http://localhost:3000/_next/static/chunks/node_modules_next_dist_1e8vcs8._.js:776
[  241617ms] [LOG] [Fast Refresh] done in 47ms @ http://localhost:3000/_next/static/chunks/node_modules_next_dist_1e8vcs8._.js:776
[  241665ms] [LOG] [Fast Refresh] done in 47ms @ http://localhost:3000/_next/static/chunks/node_modules_next_dist_1e8vcs8._.js:776
[  241715ms] [LOG] [Fast Refresh] done in 47ms @ http://localhost:3000/_next/static/chunks/node_modules_next_dist_1e8vcs8._.js:776
[  241762ms] [LOG] [Fast Refresh] done in 47ms @ http://localhost:3000/_next/static/chunks/node_modules_next_dist_1e8vcs8._.js:776
[  241814ms] [LOG] [Fast Refresh] done in 47ms @ http://localhost:3000/_next/static/chunks/node_modules_next_dist_1e8vcs8._.js:776
[  241862ms] [LOG] [Fast Refresh] done in 47ms @ http://localhost:3000/_next/static/chunks/node_modules_next_dist_1e8vcs8._.js:776
[  241911ms] [LOG] [Fast Refresh] done in 47ms @ http://localhost:3000/_next/static/chunks/node_modules_next_dist_1e8vcs8._.js:776
[  241959ms] [LOG] [Fast Refresh] done in 47ms @ http://localhost:3000/_next/static/chunks/node_modules_next_dist_1e8vcs8._.js:776
[  242006ms] [LOG] [Fast Refresh] done in 47ms @ http://localhost:3000/_next/static/chunks/node_modules_next_dist_1e8vcs8._.js:776
[  242053ms] [LOG] [Fast Refresh] done in 47ms @ http://localhost:3000/_next/static/chunks/node_modules_next_dist_1e8vcs8._.js:776
[  242100ms] [LOG] [Fast Refresh] done in 47ms @ http://localhost:3000/_next/static/chunks/node_modules_next_dist_1e8vcs8._.js:776
[  242146ms] [LOG] [Fast Refresh] done in 47ms @ http://localhost:3000/_next/static/chunks/node_modules_next_dist_1e8vcs8._.js:776
[  242195ms] [LOG] [Fast Refresh] done in 47ms @ http://localhost:3000/_next/static/chunks/node_modules_next_dist_1e8vcs8._.js:776
[  242243ms] [LOG] [Fast Refresh] done in 47ms @ http://localhost:3000/_next/static/chunks/node_modules_next_dist_1e8vcs8._.js:776
[  242291ms] [LOG] [Fast Refresh] done in 47ms @ http://localhost:3000/_next/static/chunks/node_modules_next_dist_1e8vcs8._.js:776
[  242339ms] [LOG] [Fast Refresh] done in 47ms @ http://localhost:3000/_next/static/chunks/node_modules_next_dist_1e8vcs8._.js:776
[  242387ms] [LOG] [Fast Refresh] done in 47ms @ http://localhost:3000/_next/static/chunks/node_modules_next_dist_1e8vcs8._.js:776
[  242435ms] [LOG] [Fast Refresh] done in 47ms @ http://localhost:3000/_next/static/chunks/node_modules_next_dist_1e8vcs8._.js:776
[  242482ms] [LOG] [Fast Refresh] done in 47ms @ http://localhost:3000/_next/static/chunks/node_modules_next_dist_1e8vcs8._.js:776
[  242529ms] [LOG] [Fast Refresh] done in 47ms @ http://localhost:3000/_next/static/chunks/node_modules_next_dist_1e8vcs8._.js:776
[  242577ms] [LOG] [Fast Refresh] done in 47ms @ http://localhost:3000/_next/static/chunks/node_modules_next_dist_1e8vcs8._.js:776
[  242625ms] [LOG] [Fast Refresh] done in 47ms @ http://localhost:3000/_next/static/chunks/node_modules_next_dist_1e8vcs8._.js:776
[  242671ms] [LOG] [Fast Refresh] done in 47ms @ http://localhost:3000/_next/static/chunks/node_modules_next_dist_1e8vcs8._.js:776
[  242719ms] [LOG] [Fast Refresh] done in 47ms @ http://localhost:3000/_next/static/chunks/node_modules_next_dist_1e8vcs8._.js:776
[  242766ms] [LOG] [Fast Refresh] done in 47ms @ http://localhost:3000/_next/static/chunks/node_modules_next_dist_1e8vcs8._.js:776
[  242812ms] [LOG] [Fast Refresh] done in 47ms @ http://localhost:3000/_next/static/chunks/node_modules_next_dist_1e8vcs8._.js:776
[  242859ms] [LOG] [Fast Refresh] done in 47ms @ http://localhost:3000/_next/static/chunks/node_modules_next_dist_1e8vcs8._.js:776
[  242906ms] [LOG] [Fast Refresh] done in 47ms @ http://localhost:3000/_next/static/chunks/node_modules_next_dist_1e8vcs8._.js:776
[  242953ms] [LOG] [Fast Refresh] done in 47ms @ http://localhost:3000/_next/static/chunks/node_modules_next_dist_1e8vcs8._.js:776
[  242999ms] [LOG] [Fast Refresh] done in 47ms @ http://localhost:3000/_next/static/chunks/node_modules_next_dist_1e8vcs8._.js:776
[  243046ms] [LOG] [Fast Refresh] done in 47ms @ http://localhost:3000/_next/static/chunks/node_modules_next_dist_1e8vcs8._.js:776
[  243105ms] [LOG] [Fast Refresh] done in 47ms @ http://localhost:3000/_next/static/chunks/node_modules_next_dist_1e8vcs8._.js:776
[  243156ms] [LOG] [Fast Refresh] done in 47ms @ http://localhost:3000/_next/static/chunks/node_modules_next_dist_1e8vcs8._.js:776
[  243204ms] [LOG] [Fast Refresh] done in 47ms @ http://localhost:3000/_next/static/chunks/node_modules_next_dist_1e8vcs8._.js:776
[  243251ms] [LOG] [Fast Refresh] done in 47ms @ http://localhost:3000/_next/static/chunks/node_modules_next_dist_1e8vcs8._.js:776
[  243298ms] [LOG] [Fast Refresh] done in 47ms @ http://localhost:3000/_next/static/chunks/node_modules_next_dist_1e8vcs8._.js:776
[  243349ms] [LOG] [Fast Refresh] done in 47ms @ http://localhost:3000/_next/static/chunks/node_modules_next_dist_1e8vcs8._.js:776
[  243397ms] [LOG] [Fast Refresh] done in 47ms @ http://localhost:3000/_next/static/chunks/node_modules_next_dist_1e8vcs8._.js:776
[  243444ms] [LOG] [Fast Refresh] done in 47ms @ http://localhost:3000/_next/static/chunks/node_modules_next_dist_1e8vcs8._.js:776
[  243494ms] [LOG] [Fast Refresh] done in 47ms @ http://localhost:3000/_next/static/chunks/node_modules_next_dist_1e8vcs8._.js:776
[  243542ms] [LOG] [Fast Refresh] done in 47ms @ http://localhost:3000/_next/static/chunks/node_modules_next_dist_1e8vcs8._.js:776
[  243590ms] [LOG] [Fast Refresh] done in 47ms @ http://localhost:3000/_next/static/chunks/node_modules_next_dist_1e8vcs8._.js:776
[  243638ms] [LOG] [Fast Refresh] done in 47ms @ http://localhost:3000/_next/static/chunks/node_modules_next_dist_1e8vcs8._.js:776
[  243686ms] [LOG] [Fast Refresh] done in 47ms @ http://localhost:3000/_next/static/chunks/node_modules_next_dist_1e8vcs8._.js:776
[  243735ms] [LOG] [Fast Refresh] done in 47ms @ http://localhost:3000/_next/static/chunks/node_modules_next_dist_1e8vcs8._.js:776
[  243783ms] [LOG] [Fast Refresh] done in 47ms @ http://localhost:3000/_next/static/chunks/node_modules_next_dist_1e8vcs8._.js:776
[  243829ms] [LOG] [Fast Refresh] done in 47ms @ http://localhost:3000/_next/static/chunks/node_modules_next_dist_1e8vcs8._.js:776
[  243877ms] [LOG] [Fast Refresh] done in 47ms @ http://localhost:3000/_next/static/chunks/node_modules_next_dist_1e8vcs8._.js:776
[  243925ms] [LOG] [Fast Refresh] done in 47ms @ http://localhost:3000/_next/static/chunks/node_modules_next_dist_1e8vcs8._.js:776
[  243972ms] [LOG] [Fast Refresh] done in 47ms @ http://localhost:3000/_next/static/chunks/node_modules_next_dist_1e8vcs8._.js:776
[  244020ms] [LOG] [Fast Refresh] done in 47ms @ http://localhost:3000/_next/static/chunks/node_modules_next_dist_1e8vcs8._.js:776
[  244067ms] [LOG] [Fast Refresh] done in 47ms @ http://localhost:3000/_next/static/chunks/node_modules_next_dist_1e8vcs8._.js:776
[  244114ms] [LOG] [Fast Refresh] done in 47ms @ http://localhost:3000/_next/static/chunks/node_modules_next_dist_1e8vcs8._.js:776
[  244163ms] [LOG] [Fast Refresh] done in 47ms @ http://localhost:3000/_next/static/chunks/node_modules_next_dist_1e8vcs8._.js:776
[  244211ms] [LOG] [Fast Refresh] done in 47ms @ http://localhost:3000/_next/static/chunks/node_modules_next_dist_1e8vcs8._.js:776
[  244258ms] [LOG] [Fast Refresh] done in 47ms @ http://localhost:3000/_next/static/chunks/node_modules_next_dist_1e8vcs8._.js:776
[  244306ms] [LOG] [Fast Refresh] done in 47ms @ http://localhost:3000/_next/static/chunks/node_modules_next_dist_1e8vcs8._.js:776
[  244353ms] [LOG] [Fast Refresh] done in 47ms @ http://localhost:3000/_next/static/chunks/node_modules_next_dist_1e8vcs8._.js:776
[  244400ms] [LOG] [Fast Refresh] done in 47ms @ http://localhost:3000/_next/static/chunks/node_modules_next_dist_1e8vcs8._.js:776
[  244450ms] [LOG] [Fast Refresh] done in 47ms @ http://localhost:3000/_next/static/chunks/node_modules_next_dist_1e8vcs8._.js:776
[  244497ms] [LOG] [Fast Refresh] done in 47ms @ http://localhost:3000/_next/static/chunks/node_modules_next_dist_1e8vcs8._.js:776
[  244545ms] [LOG] [Fast Refresh] done in 47ms @ http://localhost:3000/_next/static/chunks/node_modules_next_dist_1e8vcs8._.js:776
[  244591ms] [LOG] [Fast Refresh] done in 47ms @ http://localhost:3000/_next/static/chunks/node_modules_next_dist_1e8vcs8._.js:776
[  244638ms] [LOG] [Fast Refresh] done in 47ms @ http://localhost:3000/_next/static/chunks/node_modules_next_dist_1e8vcs8._.js:776
[  244685ms] [LOG] [Fast Refresh] done in 47ms @ http://localhost:3000/_next/static/chunks/node_modules_next_dist_1e8vcs8._.js:776
[  244732ms] [LOG] [Fast Refresh] done in 47ms @ http://localhost:3000/_next/static/chunks/node_modules_next_dist_1e8vcs8._.js:776
[  244779ms] [LOG] [Fast Refresh] done in 47ms @ http://localhost:3000/_next/static/chunks/node_modules_next_dist_1e8vcs8._.js:776
[  244826ms] [LOG] [Fast Refresh] done in 47ms @ http://localhost:3000/_next/static/chunks/node_modules_next_dist_1e8vcs8._.js:776
[  244876ms] [LOG] [Fast Refresh] done in 47ms @ http://localhost:3000/_next/static/chunks/node_modules_next_dist_1e8vcs8._.js:776
[  244922ms] [LOG] [Fast Refresh] done in 47ms @ http://localhost:3000/_next/static/chunks/node_modules_next_dist_1e8vcs8._.js:776
[  244969ms] [LOG] [Fast Refresh] done in 47ms @ http://localhost:3000/_next/static/chunks/node_modules_next_dist_1e8vcs8._.js:776
[  245016ms] [LOG] [Fast Refresh] done in 47ms @ http://localhost:3000/_next/static/chunks/node_modules_next_dist_1e8vcs8._.js:776
[  245063ms] [LOG] [Fast Refresh] done in 47ms @ http://localhost:3000/_next/static/chunks/node_modules_next_dist_1e8vcs8._.js:776
[  245110ms] [LOG] [Fast Refresh] done in 47ms @ http://localhost:3000/_next/static/chunks/node_modules_next_dist_1e8vcs8._.js:776
[  245158ms] [LOG] [Fast Refresh] done in 47ms @ http://localhost:3000/_next/static/chunks/node_modules_next_dist_1e8vcs8._.js:776
[  245204ms] [LOG] [Fast Refresh] done in 47ms @ http://localhost:3000/_next/static/chunks/node_modules_next_dist_1e8vcs8._.js:776
[  245252ms] [LOG] [Fast Refresh] done in 47ms @ http://localhost:3000/_next/static/chunks/node_modules_next_dist_1e8vcs8._.js:776
[  245298ms] [LOG] [Fast Refresh] done in 47ms @ http://localhost:3000/_next/static/chunks/node_modules_next_dist_1e8vcs8._.js:776
[  245350ms] [LOG] [Fast Refresh] done in 47ms @ http://localhost:3000/_next/static/chunks/node_modules_next_dist_1e8vcs8._.js:776
[  245398ms] [LOG] [Fast Refresh] done in 47ms @ http://localhost:3000/_next/static/chunks/node_modules_next_dist_1e8vcs8._.js:776
[  245445ms] [LOG] [Fast Refresh] done in 47ms @ http://localhost:3000/_next/static/chunks/node_modules_next_dist_1e8vcs8._.js:776
[  245492ms] [LOG] [Fast Refresh] done in 47ms @ http://localhost:3000/_next/static/chunks/node_modules_next_dist_1e8vcs8._.js:776
[  245540ms] [LOG] [Fast Refresh] done in 47ms @ http://localhost:3000/_next/static/chunks/node_modules_next_dist_1e8vcs8._.js:776
[  245587ms] [LOG] [Fast Refresh] done in 47ms @ http://localhost:3000/_next/static/chunks/node_modules_next_dist_1e8vcs8._.js:776
[  245635ms] [LOG] [Fast Refresh] done in 47ms @ http://localhost:3000/_next/static/chunks/node_modules_next_dist_1e8vcs8._.js:776
[  245682ms] [LOG] [Fast Refresh] done in 47ms @ http://localhost:3000/_next/static/chunks/node_modules_next_dist_1e8vcs8._.js:776
[  245729ms] [LOG] [Fast Refresh] done in 47ms @ http://localhost:3000/_next/static/chunks/node_modules_next_dist_1e8vcs8._.js:776
[  245776ms] [LOG] [Fast Refresh] done in 47ms @ http://localhost:3000/_next/static/chunks/node_modules_next_dist_1e8vcs8._.js:776
[  245817ms] [LOG] [Fast Refresh] done in 47ms @ http://localhost:3000/_next/static/chunks/node_modules_next_dist_1e8vcs8._.js:776
[  245864ms] [LOG] [Fast Refresh] done in 47ms @ http://localhost:3000/_next/static/chunks/node_modules_next_dist_1e8vcs8._.js:776
[  245911ms] [LOG] [Fast Refresh] done in 47ms @ http://localhost:3000/_next/static/chunks/node_modules_next_dist_1e8vcs8._.js:776
[  245957ms] [LOG] [Fast Refresh] done in 47ms @ http://localhost:3000/_next/static/chunks/node_modules_next_dist_1e8vcs8._.js:776
[  246002ms] [LOG] [Fast Refresh] done in 47ms @ http://localhost:3000/_next/static/chunks/node_modules_next_dist_1e8vcs8._.js:776
[  246050ms] [LOG] [Fast Refresh] done in 47ms @ http://localhost:3000/_next/static/chunks/node_modules_next_dist_1e8vcs8._.js:776
[  246098ms] [LOG] [Fast Refresh] done in 47ms @ http://localhost:3000/_next/static/chunks/node_modules_next_dist_1e8vcs8._.js:776
[  246145ms] [LOG] [Fast Refresh] done in 47ms @ http://localhost:3000/_next/static/chunks/node_modules_next_dist_1e8vcs8._.js:776
[  246191ms] [LOG] [Fast Refresh] done in 47ms @ http://localhost:3000/_next/static/chunks/node_modules_next_dist_1e8vcs8._.js:776
[  246239ms] [LOG] [Fast Refresh] done in 47ms @ http://localhost:3000/_next/static/chunks/node_modules_next_dist_1e8vcs8._.js:776
[  246287ms] [LOG] [Fast Refresh] done in 47ms @ http://localhost:3000/_next/static/chunks/node_modules_next_dist_1e8vcs8._.js:776
[  246334ms] [LOG] [Fast Refresh] done in 47ms @ http://localhost:3000/_next/static/chunks/node_modules_next_dist_1e8vcs8._.js:776
[  246381ms] [LOG] [Fast Refresh] done in 47ms @ http://localhost:3000/_next/static/chunks/node_modules_next_dist_1e8vcs8._.js:776
[  246428ms] [LOG] [Fast Refresh] done in 47ms @ http://localhost:3000/_next/static/chunks/node_modules_next_dist_1e8vcs8._.js:776
[  246475ms] [LOG] [Fast Refresh] done in 47ms @ http://localhost:3000/_next/static/chunks/node_modules_next_dist_1e8vcs8._.js:776
[  246523ms] [LOG] [Fast Refresh] done in 47ms @ http://localhost:3000/_next/static/chunks/node_modules_next_dist_1e8vcs8._.js:776
[  246563ms] [LOG] [Fast Refresh] done in 47ms @ http://localhost:3000/_next/static/chunks/node_modules_next_dist_1e8vcs8._.js:776
[  246610ms] [LOG] [Fast Refresh] done in 47ms @ http://localhost:3000/_next/static/chunks/node_modules_next_dist_1e8vcs8._.js:776
[  246658ms] [LOG] [Fast Refresh] done in 47ms @ http://localhost:3000/_next/static/chunks/node_modules_next_dist_1e8vcs8._.js:776
[  246703ms] [LOG] [Fast Refresh] done in 47ms @ http://localhost:3000/_next/static/chunks/node_modules_next_dist_1e8vcs8._.js:776
[  246750ms] [LOG] [Fast Refresh] done in 47ms @ http://localhost:3000/_next/static/chunks/node_modules_next_dist_1e8vcs8._.js:776
[  246798ms] [LOG] [Fast Refresh] done in 47ms @ http://localhost:3000/_next/static/chunks/node_modules_next_dist_1e8vcs8._.js:776
[  246845ms] [LOG] [Fast Refresh] done in 47ms @ http://localhost:3000/_next/static/chunks/node_modules_next_dist_1e8vcs8._.js:776
[  246894ms] [LOG] [Fast Refresh] done in 47ms @ http://localhost:3000/_next/static/chunks/node_modules_next_dist_1e8vcs8._.js:776
[  246941ms] [LOG] [Fast Refresh] done in 47ms @ http://localhost:3000/_next/static/chunks/node_modules_next_dist_1e8vcs8._.js:776
[  246988ms] [LOG] [Fast Refresh] done in 47ms @ http://localhost:3000/_next/static/chunks/node_modules_next_dist_1e8vcs8._.js:776
[  247037ms] [LOG] [Fast Refresh] done in 47ms @ http://localhost:3000/_next/static/chunks/node_modules_next_dist_1e8vcs8._.js:776
[  247084ms] [LOG] [Fast Refresh] done in 47ms @ http://localhost:3000/_next/static/chunks/node_modules_next_dist_1e8vcs8._.js:776
[  247131ms] [LOG] [Fast Refresh] done in 47ms @ http://localhost:3000/_next/static/chunks/node_modules_next_dist_1e8vcs8._.js:776
[  247179ms] [LOG] [Fast Refresh] done in 47ms @ http://localhost:3000/_next/static/chunks/node_modules_next_dist_1e8vcs8._.js:776
[  247227ms] [LOG] [Fast Refresh] done in 47ms @ http://localhost:3000/_next/static/chunks/node_modules_next_dist_1e8vcs8._.js:776
[  247274ms] [LOG] [Fast Refresh] done in 47ms @ http://localhost:3000/_next/static/chunks/node_modules_next_dist_1e8vcs8._.js:776
[  247321ms] [LOG] [Fast Refresh] done in 47ms @ http://localhost:3000/_next/static/chunks/node_modules_next_dist_1e8vcs8._.js:776
[  247368ms] [LOG] [Fast Refresh] done in 47ms @ http://localhost:3000/_next/static/chunks/node_modules_next_dist_1e8vcs8._.js:776
[  247415ms] [LOG] [Fast Refresh] done in 47ms @ http://localhost:3000/_next/static/chunks/node_modules_next_dist_1e8vcs8._.js:776
[  247461ms] [LOG] [Fast Refresh] done in 47ms @ http://localhost:3000/_next/static/chunks/node_modules_next_dist_1e8vcs8._.js:776
[  247510ms] [LOG] [Fast Refresh] done in 47ms @ http://localhost:3000/_next/static/chunks/node_modules_next_dist_1e8vcs8._.js:776
[  247557ms] [LOG] [Fast Refresh] done in 47ms @ http://localhost:3000/_next/static/chunks/node_modules_next_dist_1e8vcs8._.js:776
[  247605ms] [LOG] [Fast Refresh] done in 47ms @ http://localhost:3000/_next/static/chunks/node_modules_next_dist_1e8vcs8._.js:776
[  247652ms] [LOG] [Fast Refresh] done in 47ms @ http://localhost:3000/_next/static/chunks/node_modules_next_dist_1e8vcs8._.js:776
[  247699ms] [LOG] [Fast Refresh] done in 47ms @ http://localhost:3000/_next/static/chunks/node_modules_next_dist_1e8vcs8._.js:776
[  247745ms] [LOG] [Fast Refresh] done in 47ms @ http://localhost:3000/_next/static/chunks/node_modules_next_dist_1e8vcs8._.js:776
[  247791ms] [LOG] [Fast Refresh] done in 47ms @ http://localhost:3000/_next/static/chunks/node_modules_next_dist_1e8vcs8._.js:776
[  247838ms] [LOG] [Fast Refresh] done in 47ms @ http://localhost:3000/_next/static/chunks/node_modules_next_dist_1e8vcs8._.js:776
[  247885ms] [LOG] [Fast Refresh] done in 47ms @ http://localhost:3000/_next/static/chunks/node_modules_next_dist_1e8vcs8._.js:776
[  247932ms] [LOG] [Fast Refresh] done in 47ms @ http://localhost:3000/_next/static/chunks/node_modules_next_dist_1e8vcs8._.js:776
[  247979ms] [LOG] [Fast Refresh] done in 47ms @ http://localhost:3000/_next/static/chunks/node_modules_next_dist_1e8vcs8._.js:776
[  248027ms] [LOG] [Fast Refresh] done in 47ms @ http://localhost:3000/_next/static/chunks/node_modules_next_dist_1e8vcs8._.js:776
[  248073ms] [LOG] [Fast Refresh] done in 47ms @ http://localhost:3000/_next/static/chunks/node_modules_next_dist_1e8vcs8._.js:776
[  248120ms] [LOG] [Fast Refresh] done in 47ms @ http://localhost:3000/_next/static/chunks/node_modules_next_dist_1e8vcs8._.js:776
[  248167ms] [LOG] [Fast Refresh] done in 47ms @ http://localhost:3000/_next/static/chunks/node_modules_next_dist_1e8vcs8._.js:776
[  248214ms] [LOG] [Fast Refresh] done in 47ms @ http://localhost:3000/_next/static/chunks/node_modules_next_dist_1e8vcs8._.js:776
[  248260ms] [LOG] [Fast Refresh] done in 47ms @ http://localhost:3000/_next/static/chunks/node_modules_next_dist_1e8vcs8._.js:776
[  248307ms] [LOG] [Fast Refresh] done in 47ms @ http://localhost:3000/_next/static/chunks/node_modules_next_dist_1e8vcs8._.js:776
[  248355ms] [LOG] [Fast Refresh] done in 47ms @ http://localhost:3000/_next/static/chunks/node_modules_next_dist_1e8vcs8._.js:776
[  248401ms] [LOG] [Fast Refresh] done in 47ms @ http://localhost:3000/_next/static/chunks/node_modules_next_dist_1e8vcs8._.js:776
[  248449ms] [LOG] [Fast Refresh] done in 47ms @ http://localhost:3000/_next/static/chunks/node_modules_next_dist_1e8vcs8._.js:776
[  248495ms] [LOG] [Fast Refresh] done in 47ms @ http://localhost:3000/_next/static/chunks/node_modules_next_dist_1e8vcs8._.js:776
[  248542ms] [LOG] [Fast Refresh] done in 47ms @ http://localhost:3000/_next/static/chunks/node_modules_next_dist_1e8vcs8._.js:776
[  248590ms] [LOG] [Fast Refresh] done in 47ms @ http://localhost:3000/_next/static/chunks/node_modules_next_dist_1e8vcs8._.js:776
[  248636ms] [LOG] [Fast Refresh] done in 47ms @ http://localhost:3000/_next/static/chunks/node_modules_next_dist_1e8vcs8._.js:776
[  248683ms] [LOG] [Fast Refresh] done in 47ms @ http://localhost:3000/_next/static/chunks/node_modules_next_dist_1e8vcs8._.js:776
[  248731ms] [LOG] [Fast Refresh] done in 47ms @ http://localhost:3000/_next/static/chunks/node_modules_next_dist_1e8vcs8._.js:776
[  248778ms] [LOG] [Fast Refresh] done in 47ms @ http://localhost:3000/_next/static/chunks/node_modules_next_dist_1e8vcs8._.js:776
[  248825ms] [LOG] [Fast Refresh] done in 47ms @ http://localhost:3000/_next/static/chunks/node_modules_next_dist_1e8vcs8._.js:776
[  248873ms] [LOG] [Fast Refresh] done in 47ms @ http://localhost:3000/_next/static/chunks/node_modules_next_dist_1e8vcs8._.js:776
[  248920ms] [LOG] [Fast Refresh] done in 47ms @ http://localhost:3000/_next/static/chunks/node_modules_next_dist_1e8vcs8._.js:776
[  248967ms] [LOG] [Fast Refresh] done in 47ms @ http://localhost:3000/_next/static/chunks/node_modules_next_dist_1e8vcs8._.js:776
[  249014ms] [LOG] [Fast Refresh] done in 47ms @ http://localhost:3000/_next/static/chunks/node_modules_next_dist_1e8vcs8._.js:776
[  249063ms] [LOG] [Fast Refresh] done in 47ms @ http://localhost:3000/_next/static/chunks/node_modules_next_dist_1e8vcs8._.js:776
[  249111ms] [LOG] [Fast Refresh] done in 47ms @ http://localhost:3000/_next/static/chunks/node_modules_next_dist_1e8vcs8._.js:776
[  249158ms] [LOG] [Fast Refresh] done in 47ms @ http://localhost:3000/_next/static/chunks/node_modules_next_dist_1e8vcs8._.js:776
[  249206ms] [LOG] [Fast Refresh] done in 47ms @ http://localhost:3000/_next/static/chunks/node_modules_next_dist_1e8vcs8._.js:776
[  249253ms] [LOG] [Fast Refresh] done in 47ms @ http://localhost:3000/_next/static/chunks/node_modules_next_dist_1e8vcs8._.js:776
[  249301ms] [LOG] [Fast Refresh] done in 47ms @ http://localhost:3000/_next/static/chunks/node_modules_next_dist_1e8vcs8._.js:776
[  249347ms] [LOG] [Fast Refresh] done in 47ms @ http://localhost:3000/_next/static/chunks/node_modules_next_dist_1e8vcs8._.js:776
[  249393ms] [LOG] [Fast Refresh] done in 47ms @ http://localhost:3000/_next/static/chunks/node_modules_next_dist_1e8vcs8._.js:776
[  249439ms] [LOG] [Fast Refresh] done in 47ms @ http://localhost:3000/_next/static/chunks/node_modules_next_dist_1e8vcs8._.js:776
[  249487ms] [LOG] [Fast Refresh] done in 47ms @ http://localhost:3000/_next/static/chunks/node_modules_next_dist_1e8vcs8._.js:776
[  249534ms] [LOG] [Fast Refresh] done in 47ms @ http://localhost:3000/_next/static/chunks/node_modules_next_dist_1e8vcs8._.js:776
[  249581ms] [LOG] [Fast Refresh] done in 47ms @ http://localhost:3000/_next/static/chunks/node_modules_next_dist_1e8vcs8._.js:776
[  249628ms] [LOG] [Fast Refresh] done in 47ms @ http://localhost:3000/_next/static/chunks/node_modules_next_dist_1e8vcs8._.js:776
[  249675ms] [LOG] [Fast Refresh] done in 47ms @ http://localhost:3000/_next/static/chunks/node_modules_next_dist_1e8vcs8._.js:776
[  249723ms] [LOG] [Fast Refresh] done in 47ms @ http://localhost:3000/_next/static/chunks/node_modules_next_dist_1e8vcs8._.js:776
[  249770ms] [LOG] [Fast Refresh] done in 47ms @ http://localhost:3000/_next/static/chunks/node_modules_next_dist_1e8vcs8._.js:776
[  249817ms] [LOG] [Fast Refresh] done in 47ms @ http://localhost:3000/_next/static/chunks/node_modules_next_dist_1e8vcs8._.js:776
[  249864ms] [LOG] [Fast Refresh] done in 47ms @ http://localhost:3000/_next/static/chunks/node_modules_next_dist_1e8vcs8._.js:776
[  249911ms] [LOG] [Fast Refresh] done in 47ms @ http://localhost:3000/_next/static/chunks/node_modules_next_dist_1e8vcs8._.js:776
[  249957ms] [LOG] [Fast Refresh] done in 47ms @ http://localhost:3000/_next/static/chunks/node_modules_next_dist_1e8vcs8._.js:776
[  250004ms] [LOG] [Fast Refresh] done in 47ms @ http://localhost:3000/_next/static/chunks/node_modules_next_dist_1e8vcs8._.js:776
[  250051ms] [LOG] [Fast Refresh] done in 47ms @ http://localhost:3000/_next/static/chunks/node_modules_next_dist_1e8vcs8._.js:776
[  250097ms] [LOG] [Fast Refresh] done in 47ms @ http://localhost:3000/_next/static/chunks/node_modules_next_dist_1e8vcs8._.js:776
[  250145ms] [LOG] [Fast Refresh] done in 47ms @ http://localhost:3000/_next/static/chunks/node_modules_next_dist_1e8vcs8._.js:776
[  250191ms] [LOG] [Fast Refresh] done in 47ms @ http://localhost:3000/_next/static/chunks/node_modules_next_dist_1e8vcs8._.js:776
[  250239ms] [LOG] [Fast Refresh] done in 47ms @ http://localhost:3000/_next/static/chunks/node_modules_next_dist_1e8vcs8._.js:776
[  250286ms] [LOG] [Fast Refresh] done in 47ms @ http://localhost:3000/_next/static/chunks/node_modules_next_dist_1e8vcs8._.js:776
[  250333ms] [LOG] [Fast Refresh] done in 47ms @ http://localhost:3000/_next/static/chunks/node_modules_next_dist_1e8vcs8._.js:776
[  250382ms] [LOG] [Fast Refresh] done in 47ms @ http://localhost:3000/_next/static/chunks/node_modules_next_dist_1e8vcs8._.js:776
[  250430ms] [LOG] [Fast Refresh] done in 47ms @ http://localhost:3000/_next/static/chunks/node_modules_next_dist_1e8vcs8._.js:776
[  250477ms] [LOG] [Fast Refresh] done in 47ms @ http://localhost:3000/_next/static/chunks/node_modules_next_dist_1e8vcs8._.js:776
[  250524ms] [LOG] [Fast Refresh] done in 47ms @ http://localhost:3000/_next/static/chunks/node_modules_next_dist_1e8vcs8._.js:776
[  250571ms] [LOG] [Fast Refresh] done in 47ms @ http://localhost:3000/_next/static/chunks/node_modules_next_dist_1e8vcs8._.js:776
[  250618ms] [LOG] [Fast Refresh] done in 47ms @ http://localhost:3000/_next/static/chunks/node_modules_next_dist_1e8vcs8._.js:776
[  250665ms] [LOG] [Fast Refresh] done in 47ms @ http://localhost:3000/_next/static/chunks/node_modules_next_dist_1e8vcs8._.js:776
[  250712ms] [LOG] [Fast Refresh] done in 47ms @ http://localhost:3000/_next/static/chunks/node_modules_next_dist_1e8vcs8._.js:776
[  250760ms] [LOG] [Fast Refresh] done in 47ms @ http://localhost:3000/_next/static/chunks/node_modules_next_dist_1e8vcs8._.js:776
[  250808ms] [LOG] [Fast Refresh] done in 47ms @ http://localhost:3000/_next/static/chunks/node_modules_next_dist_1e8vcs8._.js:776
[  250856ms] [LOG] [Fast Refresh] done in 47ms @ http://localhost:3000/_next/static/chunks/node_modules_next_dist_1e8vcs8._.js:776
[  250903ms] [LOG] [Fast Refresh] done in 47ms @ http://localhost:3000/_next/static/chunks/node_modules_next_dist_1e8vcs8._.js:776
[  250951ms] [LOG] [Fast Refresh] done in 47ms @ http://localhost:3000/_next/static/chunks/node_modules_next_dist_1e8vcs8._.js:776
[  250998ms] [LOG] [Fast Refresh] done in 47ms @ http://localhost:3000/_next/static/chunks/node_modules_next_dist_1e8vcs8._.js:776
[  251044ms] [LOG] [Fast Refresh] done in 47ms @ http://localhost:3000/_next/static/chunks/node_modules_next_dist_1e8vcs8._.js:776
[  251091ms] [LOG] [Fast Refresh] done in 47ms @ http://localhost:3000/_next/static/chunks/node_modules_next_dist_1e8vcs8._.js:776
[  251138ms] [LOG] [Fast Refresh] done in 47ms @ http://localhost:3000/_next/static/chunks/node_modules_next_dist_1e8vcs8._.js:776
[  251183ms] [LOG] [Fast Refresh] done in 47ms @ http://localhost:3000/_next/static/chunks/node_modules_next_dist_1e8vcs8._.js:776
[  251230ms] [LOG] [Fast Refresh] done in 47ms @ http://localhost:3000/_next/static/chunks/node_modules_next_dist_1e8vcs8._.js:776
[  251277ms] [LOG] [Fast Refresh] done in 47ms @ http://localhost:3000/_next/static/chunks/node_modules_next_dist_1e8vcs8._.js:776
[  251324ms] [LOG] [Fast Refresh] done in 47ms @ http://localhost:3000/_next/static/chunks/node_modules_next_dist_1e8vcs8._.js:776
[  251371ms] [LOG] [Fast Refresh] done in 47ms @ http://localhost:3000/_next/static/chunks/node_modules_next_dist_1e8vcs8._.js:776
[  251418ms] [LOG] [Fast Refresh] done in 47ms @ http://localhost:3000/_next/static/chunks/node_modules_next_dist_1e8vcs8._.js:776
[  251466ms] [LOG] [Fast Refresh] done in 47ms @ http://localhost:3000/_next/static/chunks/node_modules_next_dist_1e8vcs8._.js:776
[  251522ms] [LOG] [Fast Refresh] done in 47ms @ http://localhost:3000/_next/static/chunks/node_modules_next_dist_1e8vcs8._.js:776
[  251569ms] [LOG] [Fast Refresh] done in 47ms @ http://localhost:3000/_next/static/chunks/node_modules_next_dist_1e8vcs8._.js:776
[  251617ms] [LOG] [Fast Refresh] done in 47ms @ http://localhost:3000/_next/static/chunks/node_modules_next_dist_1e8vcs8._.js:776
[  251664ms] [LOG] [Fast Refresh] done in 47ms @ http://localhost:3000/_next/static/chunks/node_modules_next_dist_1e8vcs8._.js:776
[  251710ms] [LOG] [Fast Refresh] done in 47ms @ http://localhost:3000/_next/static/chunks/node_modules_next_dist_1e8vcs8._.js:776
[  251759ms] [LOG] [Fast Refresh] done in 47ms @ http://localhost:3000/_next/static/chunks/node_modules_next_dist_1e8vcs8._.js:776
[  251806ms] [LOG] [Fast Refresh] done in 47ms @ http://localhost:3000/_next/static/chunks/node_modules_next_dist_1e8vcs8._.js:776
[  251852ms] [LOG] [Fast Refresh] done in 47ms @ http://localhost:3000/_next/static/chunks/node_modules_next_dist_1e8vcs8._.js:776
[  251900ms] [LOG] [Fast Refresh] done in 47ms @ http://localhost:3000/_next/static/chunks/node_modules_next_dist_1e8vcs8._.js:776
[  251948ms] [LOG] [Fast Refresh] done in 47ms @ http://localhost:3000/_next/static/chunks/node_modules_next_dist_1e8vcs8._.js:776
[  251994ms] [LOG] [Fast Refresh] done in 47ms @ http://localhost:3000/_next/static/chunks/node_modules_next_dist_1e8vcs8._.js:776
[  252041ms] [LOG] [Fast Refresh] done in 47ms @ http://localhost:3000/_next/static/chunks/node_modules_next_dist_1e8vcs8._.js:776
[  252088ms] [LOG] [Fast Refresh] done in 47ms @ http://localhost:3000/_next/static/chunks/node_modules_next_dist_1e8vcs8._.js:776
[  252135ms] [LOG] [Fast Refresh] done in 47ms @ http://localhost:3000/_next/static/chunks/node_modules_next_dist_1e8vcs8._.js:776
[  252182ms] [LOG] [Fast Refresh] done in 47ms @ http://localhost:3000/_next/static/chunks/node_modules_next_dist_1e8vcs8._.js:776
[  252229ms] [LOG] [Fast Refresh] done in 47ms @ http://localhost:3000/_next/static/chunks/node_modules_next_dist_1e8vcs8._.js:776
[  252277ms] [LOG] [Fast Refresh] done in 47ms @ http://localhost:3000/_next/static/chunks/node_modules_next_dist_1e8vcs8._.js:776
[  252323ms] [LOG] [Fast Refresh] done in 47ms @ http://localhost:3000/_next/static/chunks/node_modules_next_dist_1e8vcs8._.js:776
[  252371ms] [LOG] [Fast Refresh] done in 47ms @ http://localhost:3000/_next/static/chunks/node_modules_next_dist_1e8vcs8._.js:776
[  252418ms] [LOG] [Fast Refresh] done in 47ms @ http://localhost:3000/_next/static/chunks/node_modules_next_dist_1e8vcs8._.js:776
[  252464ms] [LOG] [Fast Refresh] done in 47ms @ http://localhost:3000/_next/static/chunks/node_modules_next_dist_1e8vcs8._.js:776
[  252511ms] [LOG] [Fast Refresh] done in 47ms @ http://localhost:3000/_next/static/chunks/node_modules_next_dist_1e8vcs8._.js:776
[  252558ms] [LOG] [Fast Refresh] done in 47ms @ http://localhost:3000/_next/static/chunks/node_modules_next_dist_1e8vcs8._.js:776
[  252605ms] [LOG] [Fast Refresh] done in 47ms @ http://localhost:3000/_next/static/chunks/node_modules_next_dist_1e8vcs8._.js:776
[  252652ms] [LOG] [Fast Refresh] done in 47ms @ http://localhost:3000/_next/static/chunks/node_modules_next_dist_1e8vcs8._.js:776
[  252699ms] [LOG] [Fast Refresh] done in 47ms @ http://localhost:3000/_next/static/chunks/node_modules_next_dist_1e8vcs8._.js:776
[  252747ms] [LOG] [Fast Refresh] done in 47ms @ http://localhost:3000/_next/static/chunks/node_modules_next_dist_1e8vcs8._.js:776
[  252793ms] [LOG] [Fast Refresh] done in 47ms @ http://localhost:3000/_next/static/chunks/node_modules_next_dist_1e8vcs8._.js:776
[  252841ms] [LOG] [Fast Refresh] done in 47ms @ http://localhost:3000/_next/static/chunks/node_modules_next_dist_1e8vcs8._.js:776
[  252888ms] [LOG] [Fast Refresh] done in 47ms @ http://localhost:3000/_next/static/chunks/node_modules_next_dist_1e8vcs8._.js:776
[  252936ms] [LOG] [Fast Refresh] done in 47ms @ http://localhost:3000/_next/static/chunks/node_modules_next_dist_1e8vcs8._.js:776
[  252982ms] [LOG] [Fast Refresh] done in 47ms @ http://localhost:3000/_next/static/chunks/node_modules_next_dist_1e8vcs8._.js:776
[  253030ms] [LOG] [Fast Refresh] done in 47ms @ http://localhost:3000/_next/static/chunks/node_modules_next_dist_1e8vcs8._.js:776
[  253078ms] [LOG] [Fast Refresh] done in 47ms @ http://localhost:3000/_next/static/chunks/node_modules_next_dist_1e8vcs8._.js:776
[  253127ms] [LOG] [Fast Refresh] done in 47ms @ http://localhost:3000/_next/static/chunks/node_modules_next_dist_1e8vcs8._.js:776
[  253174ms] [LOG] [Fast Refresh] done in 47ms @ http://localhost:3000/_next/static/chunks/node_modules_next_dist_1e8vcs8._.js:776
[  253220ms] [LOG] [Fast Refresh] done in 47ms @ http://localhost:3000/_next/static/chunks/node_modules_next_dist_1e8vcs8._.js:776
[  253268ms] [LOG] [Fast Refresh] done in 47ms @ http://localhost:3000/_next/static/chunks/node_modules_next_dist_1e8vcs8._.js:776
[  253314ms] [LOG] [Fast Refresh] done in 47ms @ http://localhost:3000/_next/static/chunks/node_modules_next_dist_1e8vcs8._.js:776
[  253361ms] [LOG] [Fast Refresh] done in 47ms @ http://localhost:3000/_next/static/chunks/node_modules_next_dist_1e8vcs8._.js:776
[  253407ms] [LOG] [Fast Refresh] done in 47ms @ http://localhost:3000/_next/static/chunks/node_modules_next_dist_1e8vcs8._.js:776
[  253455ms] [LOG] [Fast Refresh] done in 47ms @ http://localhost:3000/_next/static/chunks/node_modules_next_dist_1e8vcs8._.js:776
[  253503ms] [LOG] [Fast Refresh] done in 47ms @ http://localhost:3000/_next/static/chunks/node_modules_next_dist_1e8vcs8._.js:776
[  253550ms] [LOG] [Fast Refresh] done in 47ms @ http://localhost:3000/_next/static/chunks/node_modules_next_dist_1e8vcs8._.js:776
[  253597ms] [LOG] [Fast Refresh] done in 47ms @ http://localhost:3000/_next/static/chunks/node_modules_next_dist_1e8vcs8._.js:776
[  253643ms] [LOG] [Fast Refresh] done in 47ms @ http://localhost:3000/_next/static/chunks/node_modules_next_dist_1e8vcs8._.js:776
[  253689ms] [LOG] [Fast Refresh] done in 47ms @ http://localhost:3000/_next/static/chunks/node_modules_next_dist_1e8vcs8._.js:776
[  253737ms] [LOG] [Fast Refresh] done in 47ms @ http://localhost:3000/_next/static/chunks/node_modules_next_dist_1e8vcs8._.js:776
[  253783ms] [LOG] [Fast Refresh] done in 47ms @ http://localhost:3000/_next/static/chunks/node_modules_next_dist_1e8vcs8._.js:776
[  253830ms] [LOG] [Fast Refresh] done in 47ms @ http://localhost:3000/_next/static/chunks/node_modules_next_dist_1e8vcs8._.js:776
[  253877ms] [LOG] [Fast Refresh] done in 47ms @ http://localhost:3000/_next/static/chunks/node_modules_next_dist_1e8vcs8._.js:776
[  253925ms] [LOG] [Fast Refresh] done in 47ms @ http://localhost:3000/_next/static/chunks/node_modules_next_dist_1e8vcs8._.js:776
[  253973ms] [LOG] [Fast Refresh] done in 47ms @ http://localhost:3000/_next/static/chunks/node_modules_next_dist_1e8vcs8._.js:776
[  254019ms] [LOG] [Fast Refresh] done in 47ms @ http://localhost:3000/_next/static/chunks/node_modules_next_dist_1e8vcs8._.js:776
[  254066ms] [LOG] [Fast Refresh] done in 47ms @ http://localhost:3000/_next/static/chunks/node_modules_next_dist_1e8vcs8._.js:776
[  254113ms] [LOG] [Fast Refresh] done in 47ms @ http://localhost:3000/_next/static/chunks/node_modules_next_dist_1e8vcs8._.js:776
[  254160ms] [LOG] [Fast Refresh] done in 47ms @ http://localhost:3000/_next/static/chunks/node_modules_next_dist_1e8vcs8._.js:776
[  254208ms] [LOG] [Fast Refresh] done in 47ms @ http://localhost:3000/_next/static/chunks/node_modules_next_dist_1e8vcs8._.js:776
[  254255ms] [LOG] [Fast Refresh] done in 47ms @ http://localhost:3000/_next/static/chunks/node_modules_next_dist_1e8vcs8._.js:776
[  254302ms] [LOG] [Fast Refresh] done in 47ms @ http://localhost:3000/_next/static/chunks/node_modules_next_dist_1e8vcs8._.js:776
[  254349ms] [LOG] [Fast Refresh] done in 47ms @ http://localhost:3000/_next/static/chunks/node_modules_next_dist_1e8vcs8._.js:776
[  254396ms] [LOG] [Fast Refresh] done in 47ms @ http://localhost:3000/_next/static/chunks/node_modules_next_dist_1e8vcs8._.js:776
[  254443ms] [LOG] [Fast Refresh] done in 47ms @ http://localhost:3000/_next/static/chunks/node_modules_next_dist_1e8vcs8._.js:776
[  254490ms] [LOG] [Fast Refresh] done in 47ms @ http://localhost:3000/_next/static/chunks/node_modules_next_dist_1e8vcs8._.js:776
[  254537ms] [LOG] [Fast Refresh] done in 47ms @ http://localhost:3000/_next/static/chunks/node_modules_next_dist_1e8vcs8._.js:776
[  254585ms] [LOG] [Fast Refresh] done in 47ms @ http://localhost:3000/_next/static/chunks/node_modules_next_dist_1e8vcs8._.js:776
[  254631ms] [LOG] [Fast Refresh] done in 47ms @ http://localhost:3000/_next/static/chunks/node_modules_next_dist_1e8vcs8._.js:776
[  254678ms] [LOG] [Fast Refresh] done in 47ms @ http://localhost:3000/_next/static/chunks/node_modules_next_dist_1e8vcs8._.js:776
[  254724ms] [LOG] [Fast Refresh] done in 47ms @ http://localhost:3000/_next/static/chunks/node_modules_next_dist_1e8vcs8._.js:776
[  254771ms] [LOG] [Fast Refresh] done in 47ms @ http://localhost:3000/_next/static/chunks/node_modules_next_dist_1e8vcs8._.js:776
[  254818ms] [LOG] [Fast Refresh] done in 47ms @ http://localhost:3000/_next/static/chunks/node_modules_next_dist_1e8vcs8._.js:776
[  254866ms] [LOG] [Fast Refresh] done in 47ms @ http://localhost:3000/_next/static/chunks/node_modules_next_dist_1e8vcs8._.js:776
[  254913ms] [LOG] [Fast Refresh] done in 47ms @ http://localhost:3000/_next/static/chunks/node_modules_next_dist_1e8vcs8._.js:776
[  254960ms] [LOG] [Fast Refresh] done in 47ms @ http://localhost:3000/_next/static/chunks/node_modules_next_dist_1e8vcs8._.js:776
[  255007ms] [LOG] [Fast Refresh] done in 47ms @ http://localhost:3000/_next/static/chunks/node_modules_next_dist_1e8vcs8._.js:776
[  255055ms] [LOG] [Fast Refresh] done in 47ms @ http://localhost:3000/_next/static/chunks/node_modules_next_dist_1e8vcs8._.js:776
[  255102ms] [LOG] [Fast Refresh] done in 47ms @ http://localhost:3000/_next/static/chunks/node_modules_next_dist_1e8vcs8._.js:776
[  255149ms] [LOG] [Fast Refresh] done in 47ms @ http://localhost:3000/_next/static/chunks/node_modules_next_dist_1e8vcs8._.js:776
[  255196ms] [LOG] [Fast Refresh] done in 47ms @ http://localhost:3000/_next/static/chunks/node_modules_next_dist_1e8vcs8._.js:776
[  255243ms] [LOG] [Fast Refresh] done in 47ms @ http://localhost:3000/_next/static/chunks/node_modules_next_dist_1e8vcs8._.js:776
[  255290ms] [LOG] [Fast Refresh] done in 47ms @ http://localhost:3000/_next/static/chunks/node_modules_next_dist_1e8vcs8._.js:776
[  255338ms] [LOG] [Fast Refresh] done in 47ms @ http://localhost:3000/_next/static/chunks/node_modules_next_dist_1e8vcs8._.js:776
[  255385ms] [LOG] [Fast Refresh] done in 47ms @ http://localhost:3000/_next/static/chunks/node_modules_next_dist_1e8vcs8._.js:776
[  255432ms] [LOG] [Fast Refresh] done in 47ms @ http://localhost:3000/_next/static/chunks/node_modules_next_dist_1e8vcs8._.js:776
[  255480ms] [LOG] [Fast Refresh] done in 47ms @ http://localhost:3000/_next/static/chunks/node_modules_next_dist_1e8vcs8._.js:776
[  255527ms] [LOG] [Fast Refresh] done in 47ms @ http://localhost:3000/_next/static/chunks/node_modules_next_dist_1e8vcs8._.js:776
[  255574ms] [LOG] [Fast Refresh] done in 47ms @ http://localhost:3000/_next/static/chunks/node_modules_next_dist_1e8vcs8._.js:776
[  255621ms] [LOG] [Fast Refresh] done in 47ms @ http://localhost:3000/_next/static/chunks/node_modules_next_dist_1e8vcs8._.js:776
[  255668ms] [LOG] [Fast Refresh] done in 47ms @ http://localhost:3000/_next/static/chunks/node_modules_next_dist_1e8vcs8._.js:776
[  255715ms] [LOG] [Fast Refresh] done in 47ms @ http://localhost:3000/_next/static/chunks/node_modules_next_dist_1e8vcs8._.js:776
[  255762ms] [LOG] [Fast Refresh] done in 47ms @ http://localhost:3000/_next/static/chunks/node_modules_next_dist_1e8vcs8._.js:776
[  255810ms] [LOG] [Fast Refresh] done in 47ms @ http://localhost:3000/_next/static/chunks/node_modules_next_dist_1e8vcs8._.js:776
[  255858ms] [LOG] [Fast Refresh] done in 47ms @ http://localhost:3000/_next/static/chunks/node_modules_next_dist_1e8vcs8._.js:776
[  255905ms] [LOG] [Fast Refresh] done in 47ms @ http://localhost:3000/_next/static/chunks/node_modules_next_dist_1e8vcs8._.js:776
[  255952ms] [LOG] [Fast Refresh] done in 47ms @ http://localhost:3000/_next/static/chunks/node_modules_next_dist_1e8vcs8._.js:776
[  256000ms] [LOG] [Fast Refresh] done in 47ms @ http://localhost:3000/_next/static/chunks/node_modules_next_dist_1e8vcs8._.js:776
[  256047ms] [LOG] [Fast Refresh] done in 47ms @ http://localhost:3000/_next/static/chunks/node_modules_next_dist_1e8vcs8._.js:776
[  256094ms] [LOG] [Fast Refresh] done in 47ms @ http://localhost:3000/_next/static/chunks/node_modules_next_dist_1e8vcs8._.js:776
[  256142ms] [LOG] [Fast Refresh] done in 47ms @ http://localhost:3000/_next/static/chunks/node_modules_next_dist_1e8vcs8._.js:776
[  256189ms] [LOG] [Fast Refresh] done in 47ms @ http://localhost:3000/_next/static/chunks/node_modules_next_dist_1e8vcs8._.js:776
[  256236ms] [LOG] [Fast Refresh] done in 47ms @ http://localhost:3000/_next/static/chunks/node_modules_next_dist_1e8vcs8._.js:776
[  256283ms] [LOG] [Fast Refresh] done in 47ms @ http://localhost:3000/_next/static/chunks/node_modules_next_dist_1e8vcs8._.js:776
[  256330ms] [LOG] [Fast Refresh] done in 47ms @ http://localhost:3000/_next/static/chunks/node_modules_next_dist_1e8vcs8._.js:776
[  256377ms] [LOG] [Fast Refresh] done in 47ms @ http://localhost:3000/_next/static/chunks/node_modules_next_dist_1e8vcs8._.js:776
[  256424ms] [LOG] [Fast Refresh] done in 47ms @ http://localhost:3000/_next/static/chunks/node_modules_next_dist_1e8vcs8._.js:776
[  256471ms] [LOG] [Fast Refresh] done in 47ms @ http://localhost:3000/_next/static/chunks/node_modules_next_dist_1e8vcs8._.js:776
[  256518ms] [LOG] [Fast Refresh] done in 47ms @ http://localhost:3000/_next/static/chunks/node_modules_next_dist_1e8vcs8._.js:776
[  256565ms] [LOG] [Fast Refresh] done in 47ms @ http://localhost:3000/_next/static/chunks/node_modules_next_dist_1e8vcs8._.js:776
[  256612ms] [LOG] [Fast Refresh] done in 47ms @ http://localhost:3000/_next/static/chunks/node_modules_next_dist_1e8vcs8._.js:776
[  256658ms] [LOG] [Fast Refresh] done in 47ms @ http://localhost:3000/_next/static/chunks/node_modules_next_dist_1e8vcs8._.js:776
[  256705ms] [LOG] [Fast Refresh] done in 47ms @ http://localhost:3000/_next/static/chunks/node_modules_next_dist_1e8vcs8._.js:776
[  256751ms] [LOG] [Fast Refresh] done in 47ms @ http://localhost:3000/_next/static/chunks/node_modules_next_dist_1e8vcs8._.js:776
[  256799ms] [LOG] [Fast Refresh] done in 47ms @ http://localhost:3000/_next/static/chunks/node_modules_next_dist_1e8vcs8._.js:776
[  256845ms] [LOG] [Fast Refresh] done in 47ms @ http://localhost:3000/_next/static/chunks/node_modules_next_dist_1e8vcs8._.js:776
[  256892ms] [LOG] [Fast Refresh] done in 47ms @ http://localhost:3000/_next/static/chunks/node_modules_next_dist_1e8vcs8._.js:776
[  256942ms] [LOG] [Fast Refresh] done in 47ms @ http://localhost:3000/_next/static/chunks/node_modules_next_dist_1e8vcs8._.js:776
[  256991ms] [LOG] [Fast Refresh] done in 47ms @ http://localhost:3000/_next/static/chunks/node_modules_next_dist_1e8vcs8._.js:776
[  257038ms] [LOG] [Fast Refresh] done in 47ms @ http://localhost:3000/_next/static/chunks/node_modules_next_dist_1e8vcs8._.js:776
[  257086ms] [LOG] [Fast Refresh] done in 47ms @ http://localhost:3000/_next/static/chunks/node_modules_next_dist_1e8vcs8._.js:776
[  257132ms] [LOG] [Fast Refresh] done in 47ms @ http://localhost:3000/_next/static/chunks/node_modules_next_dist_1e8vcs8._.js:776
[  257180ms] [LOG] [Fast Refresh] done in 47ms @ http://localhost:3000/_next/static/chunks/node_modules_next_dist_1e8vcs8._.js:776
[  257227ms] [LOG] [Fast Refresh] done in 47ms @ http://localhost:3000/_next/static/chunks/node_modules_next_dist_1e8vcs8._.js:776
[  257275ms] [LOG] [Fast Refresh] done in 47ms @ http://localhost:3000/_next/static/chunks/node_modules_next_dist_1e8vcs8._.js:776
[  257321ms] [LOG] [Fast Refresh] done in 47ms @ http://localhost:3000/_next/static/chunks/node_modules_next_dist_1e8vcs8._.js:776
[  257369ms] [LOG] [Fast Refresh] done in 47ms @ http://localhost:3000/_next/static/chunks/node_modules_next_dist_1e8vcs8._.js:776
[  257416ms] [LOG] [Fast Refresh] done in 47ms @ http://localhost:3000/_next/static/chunks/node_modules_next_dist_1e8vcs8._.js:776
[  257463ms] [LOG] [Fast Refresh] done in 47ms @ http://localhost:3000/_next/static/chunks/node_modules_next_dist_1e8vcs8._.js:776
[  257510ms] [LOG] [Fast Refresh] done in 47ms @ http://localhost:3000/_next/static/chunks/node_modules_next_dist_1e8vcs8._.js:776
[  257557ms] [LOG] [Fast Refresh] done in 47ms @ http://localhost:3000/_next/static/chunks/node_modules_next_dist_1e8vcs8._.js:776
[  257605ms] [LOG] [Fast Refresh] done in 47ms @ http://localhost:3000/_next/static/chunks/node_modules_next_dist_1e8vcs8._.js:776
[  257652ms] [LOG] [Fast Refresh] done in 47ms @ http://localhost:3000/_next/static/chunks/node_modules_next_dist_1e8vcs8._.js:776
[  257700ms] [LOG] [Fast Refresh] done in 47ms @ http://localhost:3000/_next/static/chunks/node_modules_next_dist_1e8vcs8._.js:776
[  257747ms] [LOG] [Fast Refresh] done in 47ms @ http://localhost:3000/_next/static/chunks/node_modules_next_dist_1e8vcs8._.js:776
[  257793ms] [LOG] [Fast Refresh] done in 47ms @ http://localhost:3000/_next/static/chunks/node_modules_next_dist_1e8vcs8._.js:776
[  257839ms] [LOG] [Fast Refresh] done in 47ms @ http://localhost:3000/_next/static/chunks/node_modules_next_dist_1e8vcs8._.js:776
[  257886ms] [LOG] [Fast Refresh] done in 47ms @ http://localhost:3000/_next/static/chunks/node_modules_next_dist_1e8vcs8._.js:776
[  257933ms] [LOG] [Fast Refresh] done in 47ms @ http://localhost:3000/_next/static/chunks/node_modules_next_dist_1e8vcs8._.js:776
[  257981ms] [LOG] [Fast Refresh] done in 47ms @ http://localhost:3000/_next/static/chunks/node_modules_next_dist_1e8vcs8._.js:776
[  258028ms] [LOG] [Fast Refresh] done in 47ms @ http://localhost:3000/_next/static/chunks/node_modules_next_dist_1e8vcs8._.js:776
[  258075ms] [LOG] [Fast Refresh] done in 47ms @ http://localhost:3000/_next/static/chunks/node_modules_next_dist_1e8vcs8._.js:776
[  258122ms] [LOG] [Fast Refresh] done in 47ms @ http://localhost:3000/_next/static/chunks/node_modules_next_dist_1e8vcs8._.js:776
[  258169ms] [LOG] [Fast Refresh] done in 47ms @ http://localhost:3000/_next/static/chunks/node_modules_next_dist_1e8vcs8._.js:776
[  258216ms] [LOG] [Fast Refresh] done in 47ms @ http://localhost:3000/_next/static/chunks/node_modules_next_dist_1e8vcs8._.js:776
[  258263ms] [LOG] [Fast Refresh] done in 47ms @ http://localhost:3000/_next/static/chunks/node_modules_next_dist_1e8vcs8._.js:776
[  258310ms] [LOG] [Fast Refresh] done in 47ms @ http://localhost:3000/_next/static/chunks/node_modules_next_dist_1e8vcs8._.js:776
[  258357ms] [LOG] [Fast Refresh] done in 47ms @ http://localhost:3000/_next/static/chunks/node_modules_next_dist_1e8vcs8._.js:776
[  258404ms] [LOG] [Fast Refresh] done in 47ms @ http://localhost:3000/_next/static/chunks/node_modules_next_dist_1e8vcs8._.js:776
[  258452ms] [LOG] [Fast Refresh] done in 47ms @ http://localhost:3000/_next/static/chunks/node_modules_next_dist_1e8vcs8._.js:776
[  258499ms] [LOG] [Fast Refresh] done in 47ms @ http://localhost:3000/_next/static/chunks/node_modules_next_dist_1e8vcs8._.js:776
[  258544ms] [LOG] [Fast Refresh] done in 47ms @ http://localhost:3000/_next/static/chunks/node_modules_next_dist_1e8vcs8._.js:776
[  258591ms] [LOG] [Fast Refresh] done in 47ms @ http://localhost:3000/_next/static/chunks/node_modules_next_dist_1e8vcs8._.js:776
[  258639ms] [LOG] [Fast Refresh] done in 47ms @ http://localhost:3000/_next/static/chunks/node_modules_next_dist_1e8vcs8._.js:776
[  258686ms] [LOG] [Fast Refresh] done in 47ms @ http://localhost:3000/_next/static/chunks/node_modules_next_dist_1e8vcs8._.js:776
[  258733ms] [LOG] [Fast Refresh] done in 47ms @ http://localhost:3000/_next/static/chunks/node_modules_next_dist_1e8vcs8._.js:776
[  258779ms] [LOG] [Fast Refresh] done in 47ms @ http://localhost:3000/_next/static/chunks/node_modules_next_dist_1e8vcs8._.js:776
[  258826ms] [LOG] [Fast Refresh] done in 47ms @ http://localhost:3000/_next/static/chunks/node_modules_next_dist_1e8vcs8._.js:776
[  258873ms] [LOG] [Fast Refresh] done in 47ms @ http://localhost:3000/_next/static/chunks/node_modules_next_dist_1e8vcs8._.js:776
[  258920ms] [LOG] [Fast Refresh] done in 47ms @ http://localhost:3000/_next/static/chunks/node_modules_next_dist_1e8vcs8._.js:776
[  258966ms] [LOG] [Fast Refresh] done in 47ms @ http://localhost:3000/_next/static/chunks/node_modules_next_dist_1e8vcs8._.js:776
[  259014ms] [LOG] [Fast Refresh] done in 47ms @ http://localhost:3000/_next/static/chunks/node_modules_next_dist_1e8vcs8._.js:776
[  259061ms] [LOG] [Fast Refresh] done in 47ms @ http://localhost:3000/_next/static/chunks/node_modules_next_dist_1e8vcs8._.js:776
[  259108ms] [LOG] [Fast Refresh] done in 47ms @ http://localhost:3000/_next/static/chunks/node_modules_next_dist_1e8vcs8._.js:776
[  259156ms] [LOG] [Fast Refresh] done in 47ms @ http://localhost:3000/_next/static/chunks/node_modules_next_dist_1e8vcs8._.js:776
[  259202ms] [LOG] [Fast Refresh] done in 47ms @ http://localhost:3000/_next/static/chunks/node_modules_next_dist_1e8vcs8._.js:776
[  259249ms] [LOG] [Fast Refresh] done in 47ms @ http://localhost:3000/_next/static/chunks/node_modules_next_dist_1e8vcs8._.js:776
[  259297ms] [LOG] [Fast Refresh] done in 47ms @ http://localhost:3000/_next/static/chunks/node_modules_next_dist_1e8vcs8._.js:776
[  259345ms] [LOG] [Fast Refresh] done in 47ms @ http://localhost:3000/_next/static/chunks/node_modules_next_dist_1e8vcs8._.js:776
[  259393ms] [LOG] [Fast Refresh] done in 47ms @ http://localhost:3000/_next/static/chunks/node_modules_next_dist_1e8vcs8._.js:776
[  259440ms] [LOG] [Fast Refresh] done in 47ms @ http://localhost:3000/_next/static/chunks/node_modules_next_dist_1e8vcs8._.js:776
[  259488ms] [LOG] [Fast Refresh] done in 47ms @ http://localhost:3000/_next/static/chunks/node_modules_next_dist_1e8vcs8._.js:776
[  259535ms] [LOG] [Fast Refresh] done in 47ms @ http://localhost:3000/_next/static/chunks/node_modules_next_dist_1e8vcs8._.js:776
[  259582ms] [LOG] [Fast Refresh] done in 47ms @ http://localhost:3000/_next/static/chunks/node_modules_next_dist_1e8vcs8._.js:776
[  259628ms] [LOG] [Fast Refresh] done in 47ms @ http://localhost:3000/_next/static/chunks/node_modules_next_dist_1e8vcs8._.js:776
[  259675ms] [LOG] [Fast Refresh] done in 47ms @ http://localhost:3000/_next/static/chunks/node_modules_next_dist_1e8vcs8._.js:776
[  259723ms] [LOG] [Fast Refresh] done in 47ms @ http://localhost:3000/_next/static/chunks/node_modules_next_dist_1e8vcs8._.js:776
[  259770ms] [LOG] [Fast Refresh] done in 47ms @ http://localhost:3000/_next/static/chunks/node_modules_next_dist_1e8vcs8._.js:776
[  259818ms] [LOG] [Fast Refresh] done in 47ms @ http://localhost:3000/_next/static/chunks/node_modules_next_dist_1e8vcs8._.js:776
[  259866ms] [LOG] [Fast Refresh] done in 47ms @ http://localhost:3000/_next/static/chunks/node_modules_next_dist_1e8vcs8._.js:776
[  259914ms] [LOG] [Fast Refresh] done in 47ms @ http://localhost:3000/_next/static/chunks/node_modules_next_dist_1e8vcs8._.js:776
[  259961ms] [LOG] [Fast Refresh] done in 47ms @ http://localhost:3000/_next/static/chunks/node_modules_next_dist_1e8vcs8._.js:776
[  260009ms] [LOG] [Fast Refresh] done in 47ms @ http://localhost:3000/_next/static/chunks/node_modules_next_dist_1e8vcs8._.js:776
[  260056ms] [LOG] [Fast Refresh] done in 47ms @ http://localhost:3000/_next/static/chunks/node_modules_next_dist_1e8vcs8._.js:776
[  260105ms] [LOG] [Fast Refresh] done in 47ms @ http://localhost:3000/_next/static/chunks/node_modules_next_dist_1e8vcs8._.js:776
[  260151ms] [LOG] [Fast Refresh] done in 47ms @ http://localhost:3000/_next/static/chunks/node_modules_next_dist_1e8vcs8._.js:776
[  260197ms] [LOG] [Fast Refresh] done in 47ms @ http://localhost:3000/_next/static/chunks/node_modules_next_dist_1e8vcs8._.js:776
[  260244ms] [LOG] [Fast Refresh] done in 47ms @ http://localhost:3000/_next/static/chunks/node_modules_next_dist_1e8vcs8._.js:776
[  260291ms] [LOG] [Fast Refresh] done in 47ms @ http://localhost:3000/_next/static/chunks/node_modules_next_dist_1e8vcs8._.js:776
[  260337ms] [LOG] [Fast Refresh] done in 47ms @ http://localhost:3000/_next/static/chunks/node_modules_next_dist_1e8vcs8._.js:776
[  260386ms] [LOG] [Fast Refresh] done in 47ms @ http://localhost:3000/_next/static/chunks/node_modules_next_dist_1e8vcs8._.js:776
[  260434ms] [LOG] [Fast Refresh] done in 47ms @ http://localhost:3000/_next/static/chunks/node_modules_next_dist_1e8vcs8._.js:776
[  260481ms] [LOG] [Fast Refresh] done in 47ms @ http://localhost:3000/_next/static/chunks/node_modules_next_dist_1e8vcs8._.js:776
[  260527ms] [LOG] [Fast Refresh] done in 47ms @ http://localhost:3000/_next/static/chunks/node_modules_next_dist_1e8vcs8._.js:776
[  260575ms] [LOG] [Fast Refresh] done in 47ms @ http://localhost:3000/_next/static/chunks/node_modules_next_dist_1e8vcs8._.js:776
[  260622ms] [LOG] [Fast Refresh] done in 47ms @ http://localhost:3000/_next/static/chunks/node_modules_next_dist_1e8vcs8._.js:776
[  260669ms] [LOG] [Fast Refresh] done in 47ms @ http://localhost:3000/_next/static/chunks/node_modules_next_dist_1e8vcs8._.js:776
[  260716ms] [LOG] [Fast Refresh] done in 47ms @ http://localhost:3000/_next/static/chunks/node_modules_next_dist_1e8vcs8._.js:776
[  260762ms] [LOG] [Fast Refresh] done in 47ms @ http://localhost:3000/_next/static/chunks/node_modules_next_dist_1e8vcs8._.js:776
[  260810ms] [LOG] [Fast Refresh] done in 47ms @ http://localhost:3000/_next/static/chunks/node_modules_next_dist_1e8vcs8._.js:776
[  260857ms] [LOG] [Fast Refresh] done in 47ms @ http://localhost:3000/_next/static/chunks/node_modules_next_dist_1e8vcs8._.js:776
[  260904ms] [LOG] [Fast Refresh] done in 47ms @ http://localhost:3000/_next/static/chunks/node_modules_next_dist_1e8vcs8._.js:776
[  260951ms] [LOG] [Fast Refresh] done in 47ms @ http://localhost:3000/_next/static/chunks/node_modules_next_dist_1e8vcs8._.js:776
[  260998ms] [LOG] [Fast Refresh] done in 47ms @ http://localhost:3000/_next/static/chunks/node_modules_next_dist_1e8vcs8._.js:776
[  261044ms] [LOG] [Fast Refresh] done in 47ms @ http://localhost:3000/_next/static/chunks/node_modules_next_dist_1e8vcs8._.js:776
[  261091ms] [LOG] [Fast Refresh] done in 47ms @ http://localhost:3000/_next/static/chunks/node_modules_next_dist_1e8vcs8._.js:776
[  261138ms] [LOG] [Fast Refresh] done in 47ms @ http://localhost:3000/_next/static/chunks/node_modules_next_dist_1e8vcs8._.js:776
[  261185ms] [LOG] [Fast Refresh] done in 47ms @ http://localhost:3000/_next/static/chunks/node_modules_next_dist_1e8vcs8._.js:776
[  261232ms] [LOG] [Fast Refresh] done in 47ms @ http://localhost:3000/_next/static/chunks/node_modules_next_dist_1e8vcs8._.js:776
[  261279ms] [LOG] [Fast Refresh] done in 47ms @ http://localhost:3000/_next/static/chunks/node_modules_next_dist_1e8vcs8._.js:776
[  261325ms] [LOG] [Fast Refresh] done in 47ms @ http://localhost:3000/_next/static/chunks/node_modules_next_dist_1e8vcs8._.js:776
[  261372ms] [LOG] [Fast Refresh] done in 47ms @ http://localhost:3000/_next/static/chunks/node_modules_next_dist_1e8vcs8._.js:776
[  261419ms] [LOG] [Fast Refresh] done in 47ms @ http://localhost:3000/_next/static/chunks/node_modules_next_dist_1e8vcs8._.js:776
[  261466ms] [LOG] [Fast Refresh] done in 47ms @ http://localhost:3000/_next/static/chunks/node_modules_next_dist_1e8vcs8._.js:776
[  261513ms] [LOG] [Fast Refresh] done in 47ms @ http://localhost:3000/_next/static/chunks/node_modules_next_dist_1e8vcs8._.js:776
[  261560ms] [LOG] [Fast Refresh] done in 47ms @ http://localhost:3000/_next/static/chunks/node_modules_next_dist_1e8vcs8._.js:776
[  261607ms] [LOG] [Fast Refresh] done in 47ms @ http://localhost:3000/_next/static/chunks/node_modules_next_dist_1e8vcs8._.js:776
[  261654ms] [LOG] [Fast Refresh] done in 47ms @ http://localhost:3000/_next/static/chunks/node_modules_next_dist_1e8vcs8._.js:776
[  261695ms] [LOG] [Fast Refresh] done in 47ms @ http://localhost:3000/_next/static/chunks/node_modules_next_dist_1e8vcs8._.js:776
[  261741ms] [LOG] [Fast Refresh] done in 47ms @ http://localhost:3000/_next/static/chunks/node_modules_next_dist_1e8vcs8._.js:776
[  261789ms] [LOG] [Fast Refresh] done in 47ms @ http://localhost:3000/_next/static/chunks/node_modules_next_dist_1e8vcs8._.js:776
[  261835ms] [LOG] [Fast Refresh] done in 47ms @ http://localhost:3000/_next/static/chunks/node_modules_next_dist_1e8vcs8._.js:776
[  261882ms] [LOG] [Fast Refresh] done in 47ms @ http://localhost:3000/_next/static/chunks/node_modules_next_dist_1e8vcs8._.js:776
[  261929ms] [LOG] [Fast Refresh] done in 47ms @ http://localhost:3000/_next/static/chunks/node_modules_next_dist_1e8vcs8._.js:776
[  261976ms] [LOG] [Fast Refresh] done in 47ms @ http://localhost:3000/_next/static/chunks/node_modules_next_dist_1e8vcs8._.js:776
[  262023ms] [LOG] [Fast Refresh] done in 47ms @ http://localhost:3000/_next/static/chunks/node_modules_next_dist_1e8vcs8._.js:776
[  262070ms] [LOG] [Fast Refresh] done in 47ms @ http://localhost:3000/_next/static/chunks/node_modules_next_dist_1e8vcs8._.js:776
[  262118ms] [LOG] [Fast Refresh] done in 47ms @ http://localhost:3000/_next/static/chunks/node_modules_next_dist_1e8vcs8._.js:776
[  262165ms] [LOG] [Fast Refresh] done in 47ms @ http://localhost:3000/_next/static/chunks/node_modules_next_dist_1e8vcs8._.js:776
[  262212ms] [LOG] [Fast Refresh] done in 47ms @ http://localhost:3000/_next/static/chunks/node_modules_next_dist_1e8vcs8._.js:776
[  262260ms] [LOG] [Fast Refresh] done in 47ms @ http://localhost:3000/_next/static/chunks/node_modules_next_dist_1e8vcs8._.js:776
[  262307ms] [LOG] [Fast Refresh] done in 47ms @ http://localhost:3000/_next/static/chunks/node_modules_next_dist_1e8vcs8._.js:776
[  262355ms] [LOG] [Fast Refresh] done in 47ms @ http://localhost:3000/_next/static/chunks/node_modules_next_dist_1e8vcs8._.js:776
[  262402ms] [LOG] [Fast Refresh] done in 47ms @ http://localhost:3000/_next/static/chunks/node_modules_next_dist_1e8vcs8._.js:776
[  262447ms] [LOG] [Fast Refresh] done in 47ms @ http://localhost:3000/_next/static/chunks/node_modules_next_dist_1e8vcs8._.js:776
[  262493ms] [LOG] [Fast Refresh] done in 47ms @ http://localhost:3000/_next/static/chunks/node_modules_next_dist_1e8vcs8._.js:776
[  262540ms] [LOG] [Fast Refresh] done in 47ms @ http://localhost:3000/_next/static/chunks/node_modules_next_dist_1e8vcs8._.js:776
[  262587ms] [LOG] [Fast Refresh] done in 47ms @ http://localhost:3000/_next/static/chunks/node_modules_next_dist_1e8vcs8._.js:776
[  262636ms] [LOG] [Fast Refresh] done in 47ms @ http://localhost:3000/_next/static/chunks/node_modules_next_dist_1e8vcs8._.js:776
[  262686ms] [LOG] [Fast Refresh] done in 47ms @ http://localhost:3000/_next/static/chunks/node_modules_next_dist_1e8vcs8._.js:776
[  262734ms] [LOG] [Fast Refresh] done in 47ms @ http://localhost:3000/_next/static/chunks/node_modules_next_dist_1e8vcs8._.js:776
[  262781ms] [LOG] [Fast Refresh] done in 47ms @ http://localhost:3000/_next/static/chunks/node_modules_next_dist_1e8vcs8._.js:776
[  262829ms] [LOG] [Fast Refresh] done in 47ms @ http://localhost:3000/_next/static/chunks/node_modules_next_dist_1e8vcs8._.js:776
[  262877ms] [LOG] [Fast Refresh] done in 47ms @ http://localhost:3000/_next/static/chunks/node_modules_next_dist_1e8vcs8._.js:776
[  262923ms] [LOG] [Fast Refresh] done in 47ms @ http://localhost:3000/_next/static/chunks/node_modules_next_dist_1e8vcs8._.js:776
[  262970ms] [LOG] [Fast Refresh] done in 47ms @ http://localhost:3000/_next/static/chunks/node_modules_next_dist_1e8vcs8._.js:776
[  263017ms] [LOG] [Fast Refresh] done in 47ms @ http://localhost:3000/_next/static/chunks/node_modules_next_dist_1e8vcs8._.js:776
[  263064ms] [LOG] [Fast Refresh] done in 47ms @ http://localhost:3000/_next/static/chunks/node_modules_next_dist_1e8vcs8._.js:776
[  263111ms] [LOG] [Fast Refresh] done in 47ms @ http://localhost:3000/_next/static/chunks/node_modules_next_dist_1e8vcs8._.js:776
[  263157ms] [LOG] [Fast Refresh] done in 47ms @ http://localhost:3000/_next/static/chunks/node_modules_next_dist_1e8vcs8._.js:776
[  263204ms] [LOG] [Fast Refresh] done in 47ms @ http://localhost:3000/_next/static/chunks/node_modules_next_dist_1e8vcs8._.js:776
[  263252ms] [LOG] [Fast Refresh] done in 47ms @ http://localhost:3000/_next/static/chunks/node_modules_next_dist_1e8vcs8._.js:776
[  263303ms] [LOG] [Fast Refresh] done in 47ms @ http://localhost:3000/_next/static/chunks/node_modules_next_dist_1e8vcs8._.js:776
[  263352ms] [LOG] [Fast Refresh] done in 47ms @ http://localhost:3000/_next/static/chunks/node_modules_next_dist_1e8vcs8._.js:776
[  263399ms] [LOG] [Fast Refresh] done in 47ms @ http://localhost:3000/_next/static/chunks/node_modules_next_dist_1e8vcs8._.js:776
[  263448ms] [LOG] [Fast Refresh] done in 47ms @ http://localhost:3000/_next/static/chunks/node_modules_next_dist_1e8vcs8._.js:776
[  263495ms] [LOG] [Fast Refresh] done in 47ms @ http://localhost:3000/_next/static/chunks/node_modules_next_dist_1e8vcs8._.js:776
[  263541ms] [LOG] [Fast Refresh] done in 47ms @ http://localhost:3000/_next/static/chunks/node_modules_next_dist_1e8vcs8._.js:776
[  263589ms] [LOG] [Fast Refresh] done in 47ms @ http://localhost:3000/_next/static/chunks/node_modules_next_dist_1e8vcs8._.js:776
[  263637ms] [LOG] [Fast Refresh] done in 47ms @ http://localhost:3000/_next/static/chunks/node_modules_next_dist_1e8vcs8._.js:776
[  263684ms] [LOG] [Fast Refresh] done in 47ms @ http://localhost:3000/_next/static/chunks/node_modules_next_dist_1e8vcs8._.js:776
[  263732ms] [LOG] [Fast Refresh] done in 47ms @ http://localhost:3000/_next/static/chunks/node_modules_next_dist_1e8vcs8._.js:776
[  263779ms] [LOG] [Fast Refresh] done in 47ms @ http://localhost:3000/_next/static/chunks/node_modules_next_dist_1e8vcs8._.js:776
[  263827ms] [LOG] [Fast Refresh] done in 47ms @ http://localhost:3000/_next/static/chunks/node_modules_next_dist_1e8vcs8._.js:776
[  263874ms] [LOG] [Fast Refresh] done in 47ms @ http://localhost:3000/_next/static/chunks/node_modules_next_dist_1e8vcs8._.js:776
[  263920ms] [LOG] [Fast Refresh] done in 47ms @ http://localhost:3000/_next/static/chunks/node_modules_next_dist_1e8vcs8._.js:776
[  263967ms] [LOG] [Fast Refresh] done in 47ms @ http://localhost:3000/_next/static/chunks/node_modules_next_dist_1e8vcs8._.js:776
[  264014ms] [LOG] [Fast Refresh] done in 47ms @ http://localhost:3000/_next/static/chunks/node_modules_next_dist_1e8vcs8._.js:776
[  264061ms] [LOG] [Fast Refresh] done in 47ms @ http://localhost:3000/_next/static/chunks/node_modules_next_dist_1e8vcs8._.js:776
[  264108ms] [LOG] [Fast Refresh] done in 47ms @ http://localhost:3000/_next/static/chunks/node_modules_next_dist_1e8vcs8._.js:776
[  264156ms] [LOG] [Fast Refresh] done in 47ms @ http://localhost:3000/_next/static/chunks/node_modules_next_dist_1e8vcs8._.js:776
[  264203ms] [LOG] [Fast Refresh] done in 47ms @ http://localhost:3000/_next/static/chunks/node_modules_next_dist_1e8vcs8._.js:776
[  264250ms] [LOG] [Fast Refresh] done in 47ms @ http://localhost:3000/_next/static/chunks/node_modules_next_dist_1e8vcs8._.js:776
[  264297ms] [LOG] [Fast Refresh] done in 47ms @ http://localhost:3000/_next/static/chunks/node_modules_next_dist_1e8vcs8._.js:776
[  264344ms] [LOG] [Fast Refresh] done in 47ms @ http://localhost:3000/_next/static/chunks/node_modules_next_dist_1e8vcs8._.js:776
[  264391ms] [LOG] [Fast Refresh] done in 47ms @ http://localhost:3000/_next/static/chunks/node_modules_next_dist_1e8vcs8._.js:776
[  264438ms] [LOG] [Fast Refresh] done in 47ms @ http://localhost:3000/_next/static/chunks/node_modules_next_dist_1e8vcs8._.js:776
[  264486ms] [LOG] [Fast Refresh] done in 47ms @ http://localhost:3000/_next/static/chunks/node_modules_next_dist_1e8vcs8._.js:776
[  264533ms] [LOG] [Fast Refresh] done in 47ms @ http://localhost:3000/_next/static/chunks/node_modules_next_dist_1e8vcs8._.js:776
[  264580ms] [LOG] [Fast Refresh] done in 47ms @ http://localhost:3000/_next/static/chunks/node_modules_next_dist_1e8vcs8._.js:776
[  264626ms] [LOG] [Fast Refresh] done in 47ms @ http://localhost:3000/_next/static/chunks/node_modules_next_dist_1e8vcs8._.js:776
[  264674ms] [LOG] [Fast Refresh] done in 47ms @ http://localhost:3000/_next/static/chunks/node_modules_next_dist_1e8vcs8._.js:776
[  264720ms] [LOG] [Fast Refresh] done in 47ms @ http://localhost:3000/_next/static/chunks/node_modules_next_dist_1e8vcs8._.js:776
[  264768ms] [LOG] [Fast Refresh] done in 47ms @ http://localhost:3000/_next/static/chunks/node_modules_next_dist_1e8vcs8._.js:776
[  264814ms] [LOG] [Fast Refresh] done in 47ms @ http://localhost:3000/_next/static/chunks/node_modules_next_dist_1e8vcs8._.js:776
[  264862ms] [LOG] [Fast Refresh] done in 47ms @ http://localhost:3000/_next/static/chunks/node_modules_next_dist_1e8vcs8._.js:776
[  264910ms] [LOG] [Fast Refresh] done in 47ms @ http://localhost:3000/_next/static/chunks/node_modules_next_dist_1e8vcs8._.js:776
[  264956ms] [LOG] [Fast Refresh] done in 47ms @ http://localhost:3000/_next/static/chunks/node_modules_next_dist_1e8vcs8._.js:776
[  265003ms] [LOG] [Fast Refresh] done in 47ms @ http://localhost:3000/_next/static/chunks/node_modules_next_dist_1e8vcs8._.js:776
[  265050ms] [LOG] [Fast Refresh] done in 47ms @ http://localhost:3000/_next/static/chunks/node_modules_next_dist_1e8vcs8._.js:776
[  265097ms] [LOG] [Fast Refresh] done in 47ms @ http://localhost:3000/_next/static/chunks/node_modules_next_dist_1e8vcs8._.js:776
[  265145ms] [LOG] [Fast Refresh] done in 47ms @ http://localhost:3000/_next/static/chunks/node_modules_next_dist_1e8vcs8._.js:776
[  265192ms] [LOG] [Fast Refresh] done in 47ms @ http://localhost:3000/_next/static/chunks/node_modules_next_dist_1e8vcs8._.js:776
[  265240ms] [LOG] [Fast Refresh] done in 47ms @ http://localhost:3000/_next/static/chunks/node_modules_next_dist_1e8vcs8._.js:776
[  265288ms] [LOG] [Fast Refresh] done in 47ms @ http://localhost:3000/_next/static/chunks/node_modules_next_dist_1e8vcs8._.js:776
[  265334ms] [LOG] [Fast Refresh] done in 47ms @ http://localhost:3000/_next/static/chunks/node_modules_next_dist_1e8vcs8._.js:776
[  265381ms] [LOG] [Fast Refresh] done in 47ms @ http://localhost:3000/_next/static/chunks/node_modules_next_dist_1e8vcs8._.js:776
[  265427ms] [LOG] [Fast Refresh] done in 47ms @ http://localhost:3000/_next/static/chunks/node_modules_next_dist_1e8vcs8._.js:776
[  265474ms] [LOG] [Fast Refresh] done in 47ms @ http://localhost:3000/_next/static/chunks/node_modules_next_dist_1e8vcs8._.js:776
[  265519ms] [LOG] [Fast Refresh] done in 47ms @ http://localhost:3000/_next/static/chunks/node_modules_next_dist_1e8vcs8._.js:776
[  265567ms] [LOG] [Fast Refresh] done in 47ms @ http://localhost:3000/_next/static/chunks/node_modules_next_dist_1e8vcs8._.js:776
[  265614ms] [LOG] [Fast Refresh] done in 47ms @ http://localhost:3000/_next/static/chunks/node_modules_next_dist_1e8vcs8._.js:776
[  265662ms] [LOG] [Fast Refresh] done in 47ms @ http://localhost:3000/_next/static/chunks/node_modules_next_dist_1e8vcs8._.js:776
[  265710ms] [LOG] [Fast Refresh] done in 47ms @ http://localhost:3000/_next/static/chunks/node_modules_next_dist_1e8vcs8._.js:776
[  265758ms] [LOG] [Fast Refresh] done in 47ms @ http://localhost:3000/_next/static/chunks/node_modules_next_dist_1e8vcs8._.js:776
[  265804ms] [LOG] [Fast Refresh] done in 47ms @ http://localhost:3000/_next/static/chunks/node_modules_next_dist_1e8vcs8._.js:776
[  265851ms] [LOG] [Fast Refresh] done in 47ms @ http://localhost:3000/_next/static/chunks/node_modules_next_dist_1e8vcs8._.js:776
[  265897ms] [LOG] [Fast Refresh] done in 47ms @ http://localhost:3000/_next/static/chunks/node_modules_next_dist_1e8vcs8._.js:776
[  265945ms] [LOG] [Fast Refresh] done in 47ms @ http://localhost:3000/_next/static/chunks/node_modules_next_dist_1e8vcs8._.js:776
[  265994ms] [LOG] [Fast Refresh] done in 47ms @ http://localhost:3000/_next/static/chunks/node_modules_next_dist_1e8vcs8._.js:776
[  266041ms] [LOG] [Fast Refresh] done in 47ms @ http://localhost:3000/_next/static/chunks/node_modules_next_dist_1e8vcs8._.js:776
[  266088ms] [LOG] [Fast Refresh] done in 47ms @ http://localhost:3000/_next/static/chunks/node_modules_next_dist_1e8vcs8._.js:776
[  266135ms] [LOG] [Fast Refresh] done in 47ms @ http://localhost:3000/_next/static/chunks/node_modules_next_dist_1e8vcs8._.js:776
[  266182ms] [LOG] [Fast Refresh] done in 47ms @ http://localhost:3000/_next/static/chunks/node_modules_next_dist_1e8vcs8._.js:776
[  266229ms] [LOG] [Fast Refresh] done in 47ms @ http://localhost:3000/_next/static/chunks/node_modules_next_dist_1e8vcs8._.js:776
[  266276ms] [LOG] [Fast Refresh] done in 47ms @ http://localhost:3000/_next/static/chunks/node_modules_next_dist_1e8vcs8._.js:776
[  266323ms] [LOG] [Fast Refresh] done in 47ms @ http://localhost:3000/_next/static/chunks/node_modules_next_dist_1e8vcs8._.js:776
[  266370ms] [LOG] [Fast Refresh] done in 47ms @ http://localhost:3000/_next/static/chunks/node_modules_next_dist_1e8vcs8._.js:776
[  266417ms] [LOG] [Fast Refresh] done in 47ms @ http://localhost:3000/_next/static/chunks/node_modules_next_dist_1e8vcs8._.js:776
[  266465ms] [LOG] [Fast Refresh] done in 47ms @ http://localhost:3000/_next/static/chunks/node_modules_next_dist_1e8vcs8._.js:776
[  266512ms] [LOG] [Fast Refresh] done in 47ms @ http://localhost:3000/_next/static/chunks/node_modules_next_dist_1e8vcs8._.js:776
[  266560ms] [LOG] [Fast Refresh] done in 47ms @ http://localhost:3000/_next/static/chunks/node_modules_next_dist_1e8vcs8._.js:776
[  266607ms] [LOG] [Fast Refresh] done in 47ms @ http://localhost:3000/_next/static/chunks/node_modules_next_dist_1e8vcs8._.js:776
[  266653ms] [LOG] [Fast Refresh] done in 47ms @ http://localhost:3000/_next/static/chunks/node_modules_next_dist_1e8vcs8._.js:776
[  266700ms] [LOG] [Fast Refresh] done in 47ms @ http://localhost:3000/_next/static/chunks/node_modules_next_dist_1e8vcs8._.js:776
[  266748ms] [LOG] [Fast Refresh] done in 47ms @ http://localhost:3000/_next/static/chunks/node_modules_next_dist_1e8vcs8._.js:776
[  266795ms] [LOG] [Fast Refresh] done in 47ms @ http://localhost:3000/_next/static/chunks/node_modules_next_dist_1e8vcs8._.js:776
[  266843ms] [LOG] [Fast Refresh] done in 47ms @ http://localhost:3000/_next/static/chunks/node_modules_next_dist_1e8vcs8._.js:776
[  266890ms] [LOG] [Fast Refresh] done in 47ms @ http://localhost:3000/_next/static/chunks/node_modules_next_dist_1e8vcs8._.js:776
[  266938ms] [LOG] [Fast Refresh] done in 47ms @ http://localhost:3000/_next/static/chunks/node_modules_next_dist_1e8vcs8._.js:776
[  266986ms] [LOG] [Fast Refresh] done in 47ms @ http://localhost:3000/_next/static/chunks/node_modules_next_dist_1e8vcs8._.js:776
[  267033ms] [LOG] [Fast Refresh] done in 47ms @ http://localhost:3000/_next/static/chunks/node_modules_next_dist_1e8vcs8._.js:776
[  267081ms] [LOG] [Fast Refresh] done in 47ms @ http://localhost:3000/_next/static/chunks/node_modules_next_dist_1e8vcs8._.js:776
[  267128ms] [LOG] [Fast Refresh] done in 47ms @ http://localhost:3000/_next/static/chunks/node_modules_next_dist_1e8vcs8._.js:776
[  267175ms] [LOG] [Fast Refresh] done in 47ms @ http://localhost:3000/_next/static/chunks/node_modules_next_dist_1e8vcs8._.js:776
[  267223ms] [LOG] [Fast Refresh] done in 47ms @ http://localhost:3000/_next/static/chunks/node_modules_next_dist_1e8vcs8._.js:776
[  267270ms] [LOG] [Fast Refresh] done in 47ms @ http://localhost:3000/_next/static/chunks/node_modules_next_dist_1e8vcs8._.js:776
[  267317ms] [LOG] [Fast Refresh] done in 47ms @ http://localhost:3000/_next/static/chunks/node_modules_next_dist_1e8vcs8._.js:776
[  267364ms] [LOG] [Fast Refresh] done in 47ms @ http://localhost:3000/_next/static/chunks/node_modules_next_dist_1e8vcs8._.js:776
[  267411ms] [LOG] [Fast Refresh] done in 47ms @ http://localhost:3000/_next/static/chunks/node_modules_next_dist_1e8vcs8._.js:776
[  267458ms] [LOG] [Fast Refresh] done in 47ms @ http://localhost:3000/_next/static/chunks/node_modules_next_dist_1e8vcs8._.js:776
[  267503ms] [LOG] [Fast Refresh] done in 47ms @ http://localhost:3000/_next/static/chunks/node_modules_next_dist_1e8vcs8._.js:776
[  267550ms] [LOG] [Fast Refresh] done in 47ms @ http://localhost:3000/_next/static/chunks/node_modules_next_dist_1e8vcs8._.js:776
[  267596ms] [LOG] [Fast Refresh] done in 47ms @ http://localhost:3000/_next/static/chunks/node_modules_next_dist_1e8vcs8._.js:776
[  267643ms] [LOG] [Fast Refresh] done in 47ms @ http://localhost:3000/_next/static/chunks/node_modules_next_dist_1e8vcs8._.js:776
[  267690ms] [LOG] [Fast Refresh] done in 47ms @ http://localhost:3000/_next/static/chunks/node_modules_next_dist_1e8vcs8._.js:776
[  267736ms] [LOG] [Fast Refresh] done in 47ms @ http://localhost:3000/_next/static/chunks/node_modules_next_dist_1e8vcs8._.js:776
[  267784ms] [LOG] [Fast Refresh] done in 47ms @ http://localhost:3000/_next/static/chunks/node_modules_next_dist_1e8vcs8._.js:776
[  267831ms] [LOG] [Fast Refresh] done in 47ms @ http://localhost:3000/_next/static/chunks/node_modules_next_dist_1e8vcs8._.js:776
[  267878ms] [LOG] [Fast Refresh] done in 47ms @ http://localhost:3000/_next/static/chunks/node_modules_next_dist_1e8vcs8._.js:776
[  267924ms] [LOG] [Fast Refresh] done in 47ms @ http://localhost:3000/_next/static/chunks/node_modules_next_dist_1e8vcs8._.js:776
[  267971ms] [LOG] [Fast Refresh] done in 47ms @ http://localhost:3000/_next/static/chunks/node_modules_next_dist_1e8vcs8._.js:776
[  268017ms] [LOG] [Fast Refresh] done in 47ms @ http://localhost:3000/_next/static/chunks/node_modules_next_dist_1e8vcs8._.js:776
[  268066ms] [LOG] [Fast Refresh] done in 47ms @ http://localhost:3000/_next/static/chunks/node_modules_next_dist_1e8vcs8._.js:776
[  268112ms] [LOG] [Fast Refresh] done in 47ms @ http://localhost:3000/_next/static/chunks/node_modules_next_dist_1e8vcs8._.js:776
[  268160ms] [LOG] [Fast Refresh] done in 47ms @ http://localhost:3000/_next/static/chunks/node_modules_next_dist_1e8vcs8._.js:776
[  268206ms] [LOG] [Fast Refresh] done in 47ms @ http://localhost:3000/_next/static/chunks/node_modules_next_dist_1e8vcs8._.js:776
[  268253ms] [LOG] [Fast Refresh] done in 47ms @ http://localhost:3000/_next/static/chunks/node_modules_next_dist_1e8vcs8._.js:776
[  268301ms] [LOG] [Fast Refresh] done in 47ms @ http://localhost:3000/_next/static/chunks/node_modules_next_dist_1e8vcs8._.js:776
[  268347ms] [LOG] [Fast Refresh] done in 47ms @ http://localhost:3000/_next/static/chunks/node_modules_next_dist_1e8vcs8._.js:776
[  268393ms] [LOG] [Fast Refresh] done in 47ms @ http://localhost:3000/_next/static/chunks/node_modules_next_dist_1e8vcs8._.js:776
[  268440ms] [LOG] [Fast Refresh] done in 47ms @ http://localhost:3000/_next/static/chunks/node_modules_next_dist_1e8vcs8._.js:776
[  268487ms] [LOG] [Fast Refresh] done in 47ms @ http://localhost:3000/_next/static/chunks/node_modules_next_dist_1e8vcs8._.js:776
[  268535ms] [LOG] [Fast Refresh] done in 47ms @ http://localhost:3000/_next/static/chunks/node_modules_next_dist_1e8vcs8._.js:776
[  268574ms] [LOG] [Fast Refresh] done in 47ms @ http://localhost:3000/_next/static/chunks/node_modules_next_dist_1e8vcs8._.js:776
[  268620ms] [LOG] [Fast Refresh] done in 47ms @ http://localhost:3000/_next/static/chunks/node_modules_next_dist_1e8vcs8._.js:776
[  268667ms] [LOG] [Fast Refresh] done in 47ms @ http://localhost:3000/_next/static/chunks/node_modules_next_dist_1e8vcs8._.js:776
[  268714ms] [LOG] [Fast Refresh] done in 47ms @ http://localhost:3000/_next/static/chunks/node_modules_next_dist_1e8vcs8._.js:776
[  268770ms] [LOG] [Fast Refresh] done in 47ms @ http://localhost:3000/_next/static/chunks/node_modules_next_dist_1e8vcs8._.js:776
[  268828ms] [LOG] [Fast Refresh] done in 47ms @ http://localhost:3000/_next/static/chunks/node_modules_next_dist_1e8vcs8._.js:776
[  268876ms] [LOG] [Fast Refresh] done in 47ms @ http://localhost:3000/_next/static/chunks/node_modules_next_dist_1e8vcs8._.js:776
[  268924ms] [LOG] [Fast Refresh] done in 47ms @ http://localhost:3000/_next/static/chunks/node_modules_next_dist_1e8vcs8._.js:776
[  268971ms] [LOG] [Fast Refresh] done in 47ms @ http://localhost:3000/_next/static/chunks/node_modules_next_dist_1e8vcs8._.js:776
[  269018ms] [LOG] [Fast Refresh] done in 47ms @ http://localhost:3000/_next/static/chunks/node_modules_next_dist_1e8vcs8._.js:776
[  269065ms] [LOG] [Fast Refresh] done in 47ms @ http://localhost:3000/_next/static/chunks/node_modules_next_dist_1e8vcs8._.js:776
[  269112ms] [LOG] [Fast Refresh] done in 47ms @ http://localhost:3000/_next/static/chunks/node_modules_next_dist_1e8vcs8._.js:776
[  269160ms] [LOG] [Fast Refresh] done in 47ms @ http://localhost:3000/_next/static/chunks/node_modules_next_dist_1e8vcs8._.js:776
[  269207ms] [LOG] [Fast Refresh] done in 47ms @ http://localhost:3000/_next/static/chunks/node_modules_next_dist_1e8vcs8._.js:776
[  269255ms] [LOG] [Fast Refresh] done in 47ms @ http://localhost:3000/_next/static/chunks/node_modules_next_dist_1e8vcs8._.js:776
[  269302ms] [LOG] [Fast Refresh] done in 47ms @ http://localhost:3000/_next/static/chunks/node_modules_next_dist_1e8vcs8._.js:776
[  269348ms] [LOG] [Fast Refresh] done in 47ms @ http://localhost:3000/_next/static/chunks/node_modules_next_dist_1e8vcs8._.js:776
[  269394ms] [LOG] [Fast Refresh] done in 47ms @ http://localhost:3000/_next/static/chunks/node_modules_next_dist_1e8vcs8._.js:776
[  269443ms] [LOG] [Fast Refresh] done in 47ms @ http://localhost:3000/_next/static/chunks/node_modules_next_dist_1e8vcs8._.js:776
[  269490ms] [LOG] [Fast Refresh] done in 47ms @ http://localhost:3000/_next/static/chunks/node_modules_next_dist_1e8vcs8._.js:776
[  269537ms] [LOG] [Fast Refresh] done in 47ms @ http://localhost:3000/_next/static/chunks/node_modules_next_dist_1e8vcs8._.js:776
[  269585ms] [LOG] [Fast Refresh] done in 47ms @ http://localhost:3000/_next/static/chunks/node_modules_next_dist_1e8vcs8._.js:776
[  269632ms] [LOG] [Fast Refresh] done in 47ms @ http://localhost:3000/_next/static/chunks/node_modules_next_dist_1e8vcs8._.js:776
[  269679ms] [LOG] [Fast Refresh] done in 47ms @ http://localhost:3000/_next/static/chunks/node_modules_next_dist_1e8vcs8._.js:776
[  269726ms] [LOG] [Fast Refresh] done in 47ms @ http://localhost:3000/_next/static/chunks/node_modules_next_dist_1e8vcs8._.js:776
[  269772ms] [LOG] [Fast Refresh] done in 47ms @ http://localhost:3000/_next/static/chunks/node_modules_next_dist_1e8vcs8._.js:776
[  269820ms] [LOG] [Fast Refresh] done in 47ms @ http://localhost:3000/_next/static/chunks/node_modules_next_dist_1e8vcs8._.js:776
[  269867ms] [LOG] [Fast Refresh] done in 47ms @ http://localhost:3000/_next/static/chunks/node_modules_next_dist_1e8vcs8._.js:776
[  269914ms] [LOG] [Fast Refresh] done in 47ms @ http://localhost:3000/_next/static/chunks/node_modules_next_dist_1e8vcs8._.js:776
[  269961ms] [LOG] [Fast Refresh] done in 47ms @ http://localhost:3000/_next/static/chunks/node_modules_next_dist_1e8vcs8._.js:776
[  270007ms] [LOG] [Fast Refresh] done in 47ms @ http://localhost:3000/_next/static/chunks/node_modules_next_dist_1e8vcs8._.js:776
[  270056ms] [LOG] [Fast Refresh] done in 47ms @ http://localhost:3000/_next/static/chunks/node_modules_next_dist_1e8vcs8._.js:776
[  270104ms] [LOG] [Fast Refresh] done in 47ms @ http://localhost:3000/_next/static/chunks/node_modules_next_dist_1e8vcs8._.js:776
[  270151ms] [LOG] [Fast Refresh] done in 47ms @ http://localhost:3000/_next/static/chunks/node_modules_next_dist_1e8vcs8._.js:776
[  270199ms] [LOG] [Fast Refresh] done in 47ms @ http://localhost:3000/_next/static/chunks/node_modules_next_dist_1e8vcs8._.js:776
[  270246ms] [LOG] [Fast Refresh] done in 47ms @ http://localhost:3000/_next/static/chunks/node_modules_next_dist_1e8vcs8._.js:776
[  270293ms] [LOG] [Fast Refresh] done in 47ms @ http://localhost:3000/_next/static/chunks/node_modules_next_dist_1e8vcs8._.js:776
[  270341ms] [LOG] [Fast Refresh] done in 47ms @ http://localhost:3000/_next/static/chunks/node_modules_next_dist_1e8vcs8._.js:776
[  270390ms] [LOG] [Fast Refresh] done in 47ms @ http://localhost:3000/_next/static/chunks/node_modules_next_dist_1e8vcs8._.js:776
[  270437ms] [LOG] [Fast Refresh] done in 47ms @ http://localhost:3000/_next/static/chunks/node_modules_next_dist_1e8vcs8._.js:776
[  270483ms] [LOG] [Fast Refresh] done in 47ms @ http://localhost:3000/_next/static/chunks/node_modules_next_dist_1e8vcs8._.js:776
[  270530ms] [LOG] [Fast Refresh] done in 47ms @ http://localhost:3000/_next/static/chunks/node_modules_next_dist_1e8vcs8._.js:776
[  270576ms] [LOG] [Fast Refresh] done in 47ms @ http://localhost:3000/_next/static/chunks/node_modules_next_dist_1e8vcs8._.js:776
[  270624ms] [LOG] [Fast Refresh] done in 47ms @ http://localhost:3000/_next/static/chunks/node_modules_next_dist_1e8vcs8._.js:776
[  270671ms] [LOG] [Fast Refresh] done in 47ms @ http://localhost:3000/_next/static/chunks/node_modules_next_dist_1e8vcs8._.js:776
[  270718ms] [LOG] [Fast Refresh] done in 47ms @ http://localhost:3000/_next/static/chunks/node_modules_next_dist_1e8vcs8._.js:776
[  270765ms] [LOG] [Fast Refresh] done in 47ms @ http://localhost:3000/_next/static/chunks/node_modules_next_dist_1e8vcs8._.js:776
[  270813ms] [LOG] [Fast Refresh] done in 47ms @ http://localhost:3000/_next/static/chunks/node_modules_next_dist_1e8vcs8._.js:776
[  270860ms] [LOG] [Fast Refresh] done in 47ms @ http://localhost:3000/_next/static/chunks/node_modules_next_dist_1e8vcs8._.js:776
[  270909ms] [LOG] [Fast Refresh] done in 47ms @ http://localhost:3000/_next/static/chunks/node_modules_next_dist_1e8vcs8._.js:776
[  270958ms] [LOG] [Fast Refresh] done in 47ms @ http://localhost:3000/_next/static/chunks/node_modules_next_dist_1e8vcs8._.js:776
[  271006ms] [LOG] [Fast Refresh] done in 47ms @ http://localhost:3000/_next/static/chunks/node_modules_next_dist_1e8vcs8._.js:776
[  271052ms] [LOG] [Fast Refresh] done in 47ms @ http://localhost:3000/_next/static/chunks/node_modules_next_dist_1e8vcs8._.js:776
[  271099ms] [LOG] [Fast Refresh] done in 47ms @ http://localhost:3000/_next/static/chunks/node_modules_next_dist_1e8vcs8._.js:776
[  271147ms] [LOG] [Fast Refresh] done in 47ms @ http://localhost:3000/_next/static/chunks/node_modules_next_dist_1e8vcs8._.js:776
[  271194ms] [LOG] [Fast Refresh] done in 47ms @ http://localhost:3000/_next/static/chunks/node_modules_next_dist_1e8vcs8._.js:776
[  271241ms] [LOG] [Fast Refresh] done in 47ms @ http://localhost:3000/_next/static/chunks/node_modules_next_dist_1e8vcs8._.js:776
[  271288ms] [LOG] [Fast Refresh] done in 47ms @ http://localhost:3000/_next/static/chunks/node_modules_next_dist_1e8vcs8._.js:776
[  271335ms] [LOG] [Fast Refresh] done in 47ms @ http://localhost:3000/_next/static/chunks/node_modules_next_dist_1e8vcs8._.js:776
[  271382ms] [LOG] [Fast Refresh] done in 47ms @ http://localhost:3000/_next/static/chunks/node_modules_next_dist_1e8vcs8._.js:776
[  271429ms] [LOG] [Fast Refresh] done in 47ms @ http://localhost:3000/_next/static/chunks/node_modules_next_dist_1e8vcs8._.js:776
[  271476ms] [LOG] [Fast Refresh] done in 47ms @ http://localhost:3000/_next/static/chunks/node_modules_next_dist_1e8vcs8._.js:776
[  271524ms] [LOG] [Fast Refresh] done in 47ms @ http://localhost:3000/_next/static/chunks/node_modules_next_dist_1e8vcs8._.js:776
[  271571ms] [LOG] [Fast Refresh] done in 47ms @ http://localhost:3000/_next/static/chunks/node_modules_next_dist_1e8vcs8._.js:776
[  271617ms] [LOG] [Fast Refresh] done in 47ms @ http://localhost:3000/_next/static/chunks/node_modules_next_dist_1e8vcs8._.js:776
[  271663ms] [LOG] [Fast Refresh] done in 47ms @ http://localhost:3000/_next/static/chunks/node_modules_next_dist_1e8vcs8._.js:776
[  271710ms] [LOG] [Fast Refresh] done in 47ms @ http://localhost:3000/_next/static/chunks/node_modules_next_dist_1e8vcs8._.js:776
[  271757ms] [LOG] [Fast Refresh] done in 47ms @ http://localhost:3000/_next/static/chunks/node_modules_next_dist_1e8vcs8._.js:776
[  271805ms] [LOG] [Fast Refresh] done in 47ms @ http://localhost:3000/_next/static/chunks/node_modules_next_dist_1e8vcs8._.js:776
[  271852ms] [LOG] [Fast Refresh] done in 47ms @ http://localhost:3000/_next/static/chunks/node_modules_next_dist_1e8vcs8._.js:776
[  271900ms] [LOG] [Fast Refresh] done in 47ms @ http://localhost:3000/_next/static/chunks/node_modules_next_dist_1e8vcs8._.js:776
[  271947ms] [LOG] [Fast Refresh] done in 47ms @ http://localhost:3000/_next/static/chunks/node_modules_next_dist_1e8vcs8._.js:776
[  271994ms] [LOG] [Fast Refresh] done in 47ms @ http://localhost:3000/_next/static/chunks/node_modules_next_dist_1e8vcs8._.js:776
[  272040ms] [LOG] [Fast Refresh] done in 47ms @ http://localhost:3000/_next/static/chunks/node_modules_next_dist_1e8vcs8._.js:776
[  272088ms] [LOG] [Fast Refresh] done in 47ms @ http://localhost:3000/_next/static/chunks/node_modules_next_dist_1e8vcs8._.js:776
[  272136ms] [LOG] [Fast Refresh] done in 47ms @ http://localhost:3000/_next/static/chunks/node_modules_next_dist_1e8vcs8._.js:776
[  272182ms] [LOG] [Fast Refresh] done in 47ms @ http://localhost:3000/_next/static/chunks/node_modules_next_dist_1e8vcs8._.js:776
[  272228ms] [LOG] [Fast Refresh] done in 47ms @ http://localhost:3000/_next/static/chunks/node_modules_next_dist_1e8vcs8._.js:776
[  272276ms] [LOG] [Fast Refresh] done in 47ms @ http://localhost:3000/_next/static/chunks/node_modules_next_dist_1e8vcs8._.js:776
[  272324ms] [LOG] [Fast Refresh] done in 47ms @ http://localhost:3000/_next/static/chunks/node_modules_next_dist_1e8vcs8._.js:776
[  272370ms] [LOG] [Fast Refresh] done in 47ms @ http://localhost:3000/_next/static/chunks/node_modules_next_dist_1e8vcs8._.js:776
[  272417ms] [LOG] [Fast Refresh] done in 47ms @ http://localhost:3000/_next/static/chunks/node_modules_next_dist_1e8vcs8._.js:776
[  272465ms] [LOG] [Fast Refresh] done in 47ms @ http://localhost:3000/_next/static/chunks/node_modules_next_dist_1e8vcs8._.js:776
[  272512ms] [LOG] [Fast Refresh] done in 47ms @ http://localhost:3000/_next/static/chunks/node_modules_next_dist_1e8vcs8._.js:776
[  272559ms] [LOG] [Fast Refresh] done in 47ms @ http://localhost:3000/_next/static/chunks/node_modules_next_dist_1e8vcs8._.js:776
[  272607ms] [LOG] [Fast Refresh] done in 47ms @ http://localhost:3000/_next/static/chunks/node_modules_next_dist_1e8vcs8._.js:776
[  272654ms] [LOG] [Fast Refresh] done in 47ms @ http://localhost:3000/_next/static/chunks/node_modules_next_dist_1e8vcs8._.js:776
[  272701ms] [LOG] [Fast Refresh] done in 47ms @ http://localhost:3000/_next/static/chunks/node_modules_next_dist_1e8vcs8._.js:776
[  272749ms] [LOG] [Fast Refresh] done in 47ms @ http://localhost:3000/_next/static/chunks/node_modules_next_dist_1e8vcs8._.js:776
[  272795ms] [LOG] [Fast Refresh] done in 47ms @ http://localhost:3000/_next/static/chunks/node_modules_next_dist_1e8vcs8._.js:776
[  272843ms] [LOG] [Fast Refresh] done in 47ms @ http://localhost:3000/_next/static/chunks/node_modules_next_dist_1e8vcs8._.js:776
[  272891ms] [LOG] [Fast Refresh] done in 47ms @ http://localhost:3000/_next/static/chunks/node_modules_next_dist_1e8vcs8._.js:776
[  272938ms] [LOG] [Fast Refresh] done in 47ms @ http://localhost:3000/_next/static/chunks/node_modules_next_dist_1e8vcs8._.js:776
[  272985ms] [LOG] [Fast Refresh] done in 47ms @ http://localhost:3000/_next/static/chunks/node_modules_next_dist_1e8vcs8._.js:776
[  273032ms] [LOG] [Fast Refresh] done in 47ms @ http://localhost:3000/_next/static/chunks/node_modules_next_dist_1e8vcs8._.js:776
[  273079ms] [LOG] [Fast Refresh] done in 47ms @ http://localhost:3000/_next/static/chunks/node_modules_next_dist_1e8vcs8._.js:776
[  273126ms] [LOG] [Fast Refresh] done in 47ms @ http://localhost:3000/_next/static/chunks/node_modules_next_dist_1e8vcs8._.js:776
[  273173ms] [LOG] [Fast Refresh] done in 47ms @ http://localhost:3000/_next/static/chunks/node_modules_next_dist_1e8vcs8._.js:776
[  273220ms] [LOG] [Fast Refresh] done in 47ms @ http://localhost:3000/_next/static/chunks/node_modules_next_dist_1e8vcs8._.js:776
[  273267ms] [LOG] [Fast Refresh] done in 47ms @ http://localhost:3000/_next/static/chunks/node_modules_next_dist_1e8vcs8._.js:776
[  273314ms] [LOG] [Fast Refresh] done in 47ms @ http://localhost:3000/_next/static/chunks/node_modules_next_dist_1e8vcs8._.js:776
[  273361ms] [LOG] [Fast Refresh] done in 47ms @ http://localhost:3000/_next/static/chunks/node_modules_next_dist_1e8vcs8._.js:776
[  273408ms] [LOG] [Fast Refresh] done in 47ms @ http://localhost:3000/_next/static/chunks/node_modules_next_dist_1e8vcs8._.js:776
[  273455ms] [LOG] [Fast Refresh] done in 47ms @ http://localhost:3000/_next/static/chunks/node_modules_next_dist_1e8vcs8._.js:776
[  273502ms] [LOG] [Fast Refresh] done in 47ms @ http://localhost:3000/_next/static/chunks/node_modules_next_dist_1e8vcs8._.js:776
[  273549ms] [LOG] [Fast Refresh] done in 47ms @ http://localhost:3000/_next/static/chunks/node_modules_next_dist_1e8vcs8._.js:776
[  273596ms] [LOG] [Fast Refresh] done in 47ms @ http://localhost:3000/_next/static/chunks/node_modules_next_dist_1e8vcs8._.js:776
[  273643ms] [LOG] [Fast Refresh] done in 47ms @ http://localhost:3000/_next/static/chunks/node_modules_next_dist_1e8vcs8._.js:776
[  273690ms] [LOG] [Fast Refresh] done in 47ms @ http://localhost:3000/_next/static/chunks/node_modules_next_dist_1e8vcs8._.js:776
[  273738ms] [LOG] [Fast Refresh] done in 47ms @ http://localhost:3000/_next/static/chunks/node_modules_next_dist_1e8vcs8._.js:776
[  273784ms] [LOG] [Fast Refresh] done in 47ms @ http://localhost:3000/_next/static/chunks/node_modules_next_dist_1e8vcs8._.js:776
[  273831ms] [LOG] [Fast Refresh] done in 47ms @ http://localhost:3000/_next/static/chunks/node_modules_next_dist_1e8vcs8._.js:776
[  273879ms] [LOG] [Fast Refresh] done in 47ms @ http://localhost:3000/_next/static/chunks/node_modules_next_dist_1e8vcs8._.js:776
[  273926ms] [LOG] [Fast Refresh] done in 47ms @ http://localhost:3000/_next/static/chunks/node_modules_next_dist_1e8vcs8._.js:776
[  273973ms] [LOG] [Fast Refresh] done in 47ms @ http://localhost:3000/_next/static/chunks/node_modules_next_dist_1e8vcs8._.js:776
[  274021ms] [LOG] [Fast Refresh] done in 47ms @ http://localhost:3000/_next/static/chunks/node_modules_next_dist_1e8vcs8._.js:776
[  274068ms] [LOG] [Fast Refresh] done in 47ms @ http://localhost:3000/_next/static/chunks/node_modules_next_dist_1e8vcs8._.js:776
[  274115ms] [LOG] [Fast Refresh] done in 47ms @ http://localhost:3000/_next/static/chunks/node_modules_next_dist_1e8vcs8._.js:776
[  274161ms] [LOG] [Fast Refresh] done in 47ms @ http://localhost:3000/_next/static/chunks/node_modules_next_dist_1e8vcs8._.js:776
[  274209ms] [LOG] [Fast Refresh] done in 47ms @ http://localhost:3000/_next/static/chunks/node_modules_next_dist_1e8vcs8._.js:776
[  274255ms] [LOG] [Fast Refresh] done in 47ms @ http://localhost:3000/_next/static/chunks/node_modules_next_dist_1e8vcs8._.js:776
[  274302ms] [LOG] [Fast Refresh] done in 47ms @ http://localhost:3000/_next/static/chunks/node_modules_next_dist_1e8vcs8._.js:776
[  274349ms] [LOG] [Fast Refresh] done in 47ms @ http://localhost:3000/_next/static/chunks/node_modules_next_dist_1e8vcs8._.js:776
[  274396ms] [LOG] [Fast Refresh] done in 47ms @ http://localhost:3000/_next/static/chunks/node_modules_next_dist_1e8vcs8._.js:776
[  274444ms] [LOG] [Fast Refresh] done in 47ms @ http://localhost:3000/_next/static/chunks/node_modules_next_dist_1e8vcs8._.js:776
[  274491ms] [LOG] [Fast Refresh] done in 47ms @ http://localhost:3000/_next/static/chunks/node_modules_next_dist_1e8vcs8._.js:776
[  274538ms] [LOG] [Fast Refresh] done in 47ms @ http://localhost:3000/_next/static/chunks/node_modules_next_dist_1e8vcs8._.js:776
[  274584ms] [LOG] [Fast Refresh] done in 47ms @ http://localhost:3000/_next/static/chunks/node_modules_next_dist_1e8vcs8._.js:776
[  274631ms] [LOG] [Fast Refresh] done in 47ms @ http://localhost:3000/_next/static/chunks/node_modules_next_dist_1e8vcs8._.js:776
[  274677ms] [LOG] [Fast Refresh] done in 47ms @ http://localhost:3000/_next/static/chunks/node_modules_next_dist_1e8vcs8._.js:776
[  274725ms] [LOG] [Fast Refresh] done in 47ms @ http://localhost:3000/_next/static/chunks/node_modules_next_dist_1e8vcs8._.js:776
[  274772ms] [LOG] [Fast Refresh] done in 47ms @ http://localhost:3000/_next/static/chunks/node_modules_next_dist_1e8vcs8._.js:776
[  274819ms] [LOG] [Fast Refresh] done in 47ms @ http://localhost:3000/_next/static/chunks/node_modules_next_dist_1e8vcs8._.js:776
[  274866ms] [LOG] [Fast Refresh] done in 47ms @ http://localhost:3000/_next/static/chunks/node_modules_next_dist_1e8vcs8._.js:776
[  274913ms] [LOG] [Fast Refresh] done in 47ms @ http://localhost:3000/_next/static/chunks/node_modules_next_dist_1e8vcs8._.js:776
[  274961ms] [LOG] [Fast Refresh] done in 47ms @ http://localhost:3000/_next/static/chunks/node_modules_next_dist_1e8vcs8._.js:776
[  275008ms] [LOG] [Fast Refresh] done in 47ms @ http://localhost:3000/_next/static/chunks/node_modules_next_dist_1e8vcs8._.js:776
[  275055ms] [LOG] [Fast Refresh] done in 47ms @ http://localhost:3000/_next/static/chunks/node_modules_next_dist_1e8vcs8._.js:776
[  275102ms] [LOG] [Fast Refresh] done in 47ms @ http://localhost:3000/_next/static/chunks/node_modules_next_dist_1e8vcs8._.js:776
[  275149ms] [LOG] [Fast Refresh] done in 47ms @ http://localhost:3000/_next/static/chunks/node_modules_next_dist_1e8vcs8._.js:776
[  275197ms] [LOG] [Fast Refresh] done in 47ms @ http://localhost:3000/_next/static/chunks/node_modules_next_dist_1e8vcs8._.js:776
[  275243ms] [LOG] [Fast Refresh] done in 47ms @ http://localhost:3000/_next/static/chunks/node_modules_next_dist_1e8vcs8._.js:776
[  275289ms] [LOG] [Fast Refresh] done in 47ms @ http://localhost:3000/_next/static/chunks/node_modules_next_dist_1e8vcs8._.js:776
[  275338ms] [LOG] [Fast Refresh] done in 47ms @ http://localhost:3000/_next/static/chunks/node_modules_next_dist_1e8vcs8._.js:776
[  275388ms] [LOG] [Fast Refresh] done in 47ms @ http://localhost:3000/_next/static/chunks/node_modules_next_dist_1e8vcs8._.js:776
[  275435ms] [LOG] [Fast Refresh] done in 47ms @ http://localhost:3000/_next/static/chunks/node_modules_next_dist_1e8vcs8._.js:776
[  275483ms] [LOG] [Fast Refresh] done in 47ms @ http://localhost:3000/_next/static/chunks/node_modules_next_dist_1e8vcs8._.js:776
[  275531ms] [LOG] [Fast Refresh] done in 47ms @ http://localhost:3000/_next/static/chunks/node_modules_next_dist_1e8vcs8._.js:776
[  275577ms] [LOG] [Fast Refresh] done in 47ms @ http://localhost:3000/_next/static/chunks/node_modules_next_dist_1e8vcs8._.js:776
[  275628ms] [LOG] [Fast Refresh] done in 47ms @ http://localhost:3000/_next/static/chunks/node_modules_next_dist_1e8vcs8._.js:776
[  275680ms] [LOG] [Fast Refresh] done in 47ms @ http://localhost:3000/_next/static/chunks/node_modules_next_dist_1e8vcs8._.js:776
[  275728ms] [LOG] [Fast Refresh] done in 47ms @ http://localhost:3000/_next/static/chunks/node_modules_next_dist_1e8vcs8._.js:776
[  275775ms] [LOG] [Fast Refresh] done in 47ms @ http://localhost:3000/_next/static/chunks/node_modules_next_dist_1e8vcs8._.js:776
[  275824ms] [LOG] [Fast Refresh] done in 47ms @ http://localhost:3000/_next/static/chunks/node_modules_next_dist_1e8vcs8._.js:776
[  275872ms] [LOG] [Fast Refresh] done in 47ms @ http://localhost:3000/_next/static/chunks/node_modules_next_dist_1e8vcs8._.js:776
[  275921ms] [LOG] [Fast Refresh] done in 47ms @ http://localhost:3000/_next/static/chunks/node_modules_next_dist_1e8vcs8._.js:776
[  275969ms] [LOG] [Fast Refresh] done in 47ms @ http://localhost:3000/_next/static/chunks/node_modules_next_dist_1e8vcs8._.js:776
[  276014ms] [LOG] [Fast Refresh] done in 47ms @ http://localhost:3000/_next/static/chunks/node_modules_next_dist_1e8vcs8._.js:776
[  276060ms] [LOG] [Fast Refresh] done in 47ms @ http://localhost:3000/_next/static/chunks/node_modules_next_dist_1e8vcs8._.js:776
[  276109ms] [LOG] [Fast Refresh] done in 47ms @ http://localhost:3000/_next/static/chunks/node_modules_next_dist_1e8vcs8._.js:776
[  276155ms] [LOG] [Fast Refresh] done in 47ms @ http://localhost:3000/_next/static/chunks/node_modules_next_dist_1e8vcs8._.js:776
[  276202ms] [LOG] [Fast Refresh] done in 47ms @ http://localhost:3000/_next/static/chunks/node_modules_next_dist_1e8vcs8._.js:776
[  276251ms] [LOG] [Fast Refresh] done in 47ms @ http://localhost:3000/_next/static/chunks/node_modules_next_dist_1e8vcs8._.js:776
[  276299ms] [LOG] [Fast Refresh] done in 47ms @ http://localhost:3000/_next/static/chunks/node_modules_next_dist_1e8vcs8._.js:776
[  276346ms] [LOG] [Fast Refresh] done in 47ms @ http://localhost:3000/_next/static/chunks/node_modules_next_dist_1e8vcs8._.js:776
[  276393ms] [LOG] [Fast Refresh] done in 47ms @ http://localhost:3000/_next/static/chunks/node_modules_next_dist_1e8vcs8._.js:776
[  276443ms] [LOG] [Fast Refresh] done in 47ms @ http://localhost:3000/_next/static/chunks/node_modules_next_dist_1e8vcs8._.js:776
[  276488ms] [LOG] [Fast Refresh] done in 47ms @ http://localhost:3000/_next/static/chunks/node_modules_next_dist_1e8vcs8._.js:776
[  276545ms] [LOG] [Fast Refresh] done in 47ms @ http://localhost:3000/_next/static/chunks/node_modules_next_dist_1e8vcs8._.js:776
[  276622ms] [LOG] [Fast Refresh] done in 47ms @ http://localhost:3000/_next/static/chunks/node_modules_next_dist_1e8vcs8._.js:776
[  276669ms] [LOG] [Fast Refresh] done in 47ms @ http://localhost:3000/_next/static/chunks/node_modules_next_dist_1e8vcs8._.js:776
[  276717ms] [LOG] [Fast Refresh] done in 47ms @ http://localhost:3000/_next/static/chunks/node_modules_next_dist_1e8vcs8._.js:776
[  276764ms] [LOG] [Fast Refresh] done in 47ms @ http://localhost:3000/_next/static/chunks/node_modules_next_dist_1e8vcs8._.js:776
[  276811ms] [LOG] [Fast Refresh] done in 47ms @ http://localhost:3000/_next/static/chunks/node_modules_next_dist_1e8vcs8._.js:776
[  276860ms] [LOG] [Fast Refresh] done in 47ms @ http://localhost:3000/_next/static/chunks/node_modules_next_dist_1e8vcs8._.js:776
[  276907ms] [LOG] [Fast Refresh] done in 47ms @ http://localhost:3000/_next/static/chunks/node_modules_next_dist_1e8vcs8._.js:776
[  276955ms] [LOG] [Fast Refresh] done in 47ms @ http://localhost:3000/_next/static/chunks/node_modules_next_dist_1e8vcs8._.js:776
[  277001ms] [LOG] [Fast Refresh] done in 47ms @ http://localhost:3000/_next/static/chunks/node_modules_next_dist_1e8vcs8._.js:776
[  277048ms] [LOG] [Fast Refresh] done in 47ms @ http://localhost:3000/_next/static/chunks/node_modules_next_dist_1e8vcs8._.js:776
[  277095ms] [LOG] [Fast Refresh] done in 47ms @ http://localhost:3000/_next/static/chunks/node_modules_next_dist_1e8vcs8._.js:776
[  277143ms] [LOG] [Fast Refresh] done in 47ms @ http://localhost:3000/_next/static/chunks/node_modules_next_dist_1e8vcs8._.js:776
[  277190ms] [LOG] [Fast Refresh] done in 47ms @ http://localhost:3000/_next/static/chunks/node_modules_next_dist_1e8vcs8._.js:776
[  277237ms] [LOG] [Fast Refresh] done in 47ms @ http://localhost:3000/_next/static/chunks/node_modules_next_dist_1e8vcs8._.js:776
[  277285ms] [LOG] [Fast Refresh] done in 47ms @ http://localhost:3000/_next/static/chunks/node_modules_next_dist_1e8vcs8._.js:776
[  277332ms] [LOG] [Fast Refresh] done in 47ms @ http://localhost:3000/_next/static/chunks/node_modules_next_dist_1e8vcs8._.js:776
[  277380ms] [LOG] [Fast Refresh] done in 47ms @ http://localhost:3000/_next/static/chunks/node_modules_next_dist_1e8vcs8._.js:776
[  277426ms] [LOG] [Fast Refresh] done in 47ms @ http://localhost:3000/_next/static/chunks/node_modules_next_dist_1e8vcs8._.js:776
[  277473ms] [LOG] [Fast Refresh] done in 47ms @ http://localhost:3000/_next/static/chunks/node_modules_next_dist_1e8vcs8._.js:776
[  277520ms] [LOG] [Fast Refresh] done in 47ms @ http://localhost:3000/_next/static/chunks/node_modules_next_dist_1e8vcs8._.js:776
[  277568ms] [LOG] [Fast Refresh] done in 47ms @ http://localhost:3000/_next/static/chunks/node_modules_next_dist_1e8vcs8._.js:776
[  277615ms] [LOG] [Fast Refresh] done in 47ms @ http://localhost:3000/_next/static/chunks/node_modules_next_dist_1e8vcs8._.js:776
[  277662ms] [LOG] [Fast Refresh] done in 47ms @ http://localhost:3000/_next/static/chunks/node_modules_next_dist_1e8vcs8._.js:776
[  277709ms] [LOG] [Fast Refresh] done in 47ms @ http://localhost:3000/_next/static/chunks/node_modules_next_dist_1e8vcs8._.js:776
[  277757ms] [LOG] [Fast Refresh] done in 47ms @ http://localhost:3000/_next/static/chunks/node_modules_next_dist_1e8vcs8._.js:776
[  277804ms] [LOG] [Fast Refresh] done in 47ms @ http://localhost:3000/_next/static/chunks/node_modules_next_dist_1e8vcs8._.js:776
[  277852ms] [LOG] [Fast Refresh] done in 47ms @ http://localhost:3000/_next/static/chunks/node_modules_next_dist_1e8vcs8._.js:776
[  277898ms] [LOG] [Fast Refresh] done in 47ms @ http://localhost:3000/_next/static/chunks/node_modules_next_dist_1e8vcs8._.js:776
[  277944ms] [LOG] [Fast Refresh] done in 47ms @ http://localhost:3000/_next/static/chunks/node_modules_next_dist_1e8vcs8._.js:776
[  277992ms] [LOG] [Fast Refresh] done in 47ms @ http://localhost:3000/_next/static/chunks/node_modules_next_dist_1e8vcs8._.js:776
[  278040ms] [LOG] [Fast Refresh] done in 47ms @ http://localhost:3000/_next/static/chunks/node_modules_next_dist_1e8vcs8._.js:776
[  278086ms] [LOG] [Fast Refresh] done in 47ms @ http://localhost:3000/_next/static/chunks/node_modules_next_dist_1e8vcs8._.js:776
[  278132ms] [LOG] [Fast Refresh] done in 47ms @ http://localhost:3000/_next/static/chunks/node_modules_next_dist_1e8vcs8._.js:776
[  278179ms] [LOG] [Fast Refresh] done in 47ms @ http://localhost:3000/_next/static/chunks/node_modules_next_dist_1e8vcs8._.js:776
[  278226ms] [LOG] [Fast Refresh] done in 47ms @ http://localhost:3000/_next/static/chunks/node_modules_next_dist_1e8vcs8._.js:776
[  278273ms] [LOG] [Fast Refresh] done in 47ms @ http://localhost:3000/_next/static/chunks/node_modules_next_dist_1e8vcs8._.js:776
[  278319ms] [LOG] [Fast Refresh] done in 47ms @ http://localhost:3000/_next/static/chunks/node_modules_next_dist_1e8vcs8._.js:776
[  278366ms] [LOG] [Fast Refresh] done in 47ms @ http://localhost:3000/_next/static/chunks/node_modules_next_dist_1e8vcs8._.js:776
[  278414ms] [LOG] [Fast Refresh] done in 47ms @ http://localhost:3000/_next/static/chunks/node_modules_next_dist_1e8vcs8._.js:776
[  278461ms] [LOG] [Fast Refresh] done in 47ms @ http://localhost:3000/_next/static/chunks/node_modules_next_dist_1e8vcs8._.js:776
[  278509ms] [LOG] [Fast Refresh] done in 47ms @ http://localhost:3000/_next/static/chunks/node_modules_next_dist_1e8vcs8._.js:776
[  278556ms] [LOG] [Fast Refresh] done in 47ms @ http://localhost:3000/_next/static/chunks/node_modules_next_dist_1e8vcs8._.js:776
[  278602ms] [LOG] [Fast Refresh] done in 47ms @ http://localhost:3000/_next/static/chunks/node_modules_next_dist_1e8vcs8._.js:776
[  278649ms] [LOG] [Fast Refresh] done in 47ms @ http://localhost:3000/_next/static/chunks/node_modules_next_dist_1e8vcs8._.js:776
[  278697ms] [LOG] [Fast Refresh] done in 47ms @ http://localhost:3000/_next/static/chunks/node_modules_next_dist_1e8vcs8._.js:776
[  278743ms] [LOG] [Fast Refresh] done in 47ms @ http://localhost:3000/_next/static/chunks/node_modules_next_dist_1e8vcs8._.js:776
[  278790ms] [LOG] [Fast Refresh] done in 47ms @ http://localhost:3000/_next/static/chunks/node_modules_next_dist_1e8vcs8._.js:776
[  278836ms] [LOG] [Fast Refresh] done in 47ms @ http://localhost:3000/_next/static/chunks/node_modules_next_dist_1e8vcs8._.js:776
[  278883ms] [LOG] [Fast Refresh] done in 47ms @ http://localhost:3000/_next/static/chunks/node_modules_next_dist_1e8vcs8._.js:776
[  278931ms] [LOG] [Fast Refresh] done in 47ms @ http://localhost:3000/_next/static/chunks/node_modules_next_dist_1e8vcs8._.js:776
[  278976ms] [LOG] [Fast Refresh] done in 47ms @ http://localhost:3000/_next/static/chunks/node_modules_next_dist_1e8vcs8._.js:776
[  279023ms] [LOG] [Fast Refresh] done in 47ms @ http://localhost:3000/_next/static/chunks/node_modules_next_dist_1e8vcs8._.js:776
[  279070ms] [LOG] [Fast Refresh] done in 47ms @ http://localhost:3000/_next/static/chunks/node_modules_next_dist_1e8vcs8._.js:776
[  279117ms] [LOG] [Fast Refresh] done in 47ms @ http://localhost:3000/_next/static/chunks/node_modules_next_dist_1e8vcs8._.js:776
[  279163ms] [LOG] [Fast Refresh] done in 47ms @ http://localhost:3000/_next/static/chunks/node_modules_next_dist_1e8vcs8._.js:776
[  279210ms] [LOG] [Fast Refresh] done in 47ms @ http://localhost:3000/_next/static/chunks/node_modules_next_dist_1e8vcs8._.js:776
[  279258ms] [LOG] [Fast Refresh] done in 47ms @ http://localhost:3000/_next/static/chunks/node_modules_next_dist_1e8vcs8._.js:776
[  279304ms] [LOG] [Fast Refresh] done in 47ms @ http://localhost:3000/_next/static/chunks/node_modules_next_dist_1e8vcs8._.js:776
[  279351ms] [LOG] [Fast Refresh] done in 47ms @ http://localhost:3000/_next/static/chunks/node_modules_next_dist_1e8vcs8._.js:776
[  279398ms] [LOG] [Fast Refresh] done in 47ms @ http://localhost:3000/_next/static/chunks/node_modules_next_dist_1e8vcs8._.js:776
[  279445ms] [LOG] [Fast Refresh] done in 47ms @ http://localhost:3000/_next/static/chunks/node_modules_next_dist_1e8vcs8._.js:776
[  279493ms] [LOG] [Fast Refresh] done in 47ms @ http://localhost:3000/_next/static/chunks/node_modules_next_dist_1e8vcs8._.js:776
[  279539ms] [LOG] [Fast Refresh] done in 47ms @ http://localhost:3000/_next/static/chunks/node_modules_next_dist_1e8vcs8._.js:776
[  279585ms] [LOG] [Fast Refresh] done in 47ms @ http://localhost:3000/_next/static/chunks/node_modules_next_dist_1e8vcs8._.js:776
[  279632ms] [LOG] [Fast Refresh] done in 47ms @ http://localhost:3000/_next/static/chunks/node_modules_next_dist_1e8vcs8._.js:776
[  279679ms] [LOG] [Fast Refresh] done in 47ms @ http://localhost:3000/_next/static/chunks/node_modules_next_dist_1e8vcs8._.js:776
[  279726ms] [LOG] [Fast Refresh] done in 47ms @ http://localhost:3000/_next/static/chunks/node_modules_next_dist_1e8vcs8._.js:776
[  279774ms] [LOG] [Fast Refresh] done in 47ms @ http://localhost:3000/_next/static/chunks/node_modules_next_dist_1e8vcs8._.js:776
[  279822ms] [LOG] [Fast Refresh] done in 47ms @ http://localhost:3000/_next/static/chunks/node_modules_next_dist_1e8vcs8._.js:776
[  279869ms] [LOG] [Fast Refresh] done in 47ms @ http://localhost:3000/_next/static/chunks/node_modules_next_dist_1e8vcs8._.js:776
[  279916ms] [LOG] [Fast Refresh] done in 47ms @ http://localhost:3000/_next/static/chunks/node_modules_next_dist_1e8vcs8._.js:776
[  279964ms] [LOG] [Fast Refresh] done in 47ms @ http://localhost:3000/_next/static/chunks/node_modules_next_dist_1e8vcs8._.js:776
[  280010ms] [LOG] [Fast Refresh] done in 47ms @ http://localhost:3000/_next/static/chunks/node_modules_next_dist_1e8vcs8._.js:776
[  280057ms] [LOG] [Fast Refresh] done in 47ms @ http://localhost:3000/_next/static/chunks/node_modules_next_dist_1e8vcs8._.js:776
[  280103ms] [LOG] [Fast Refresh] done in 47ms @ http://localhost:3000/_next/static/chunks/node_modules_next_dist_1e8vcs8._.js:776
[  280151ms] [LOG] [Fast Refresh] done in 47ms @ http://localhost:3000/_next/static/chunks/node_modules_next_dist_1e8vcs8._.js:776
[  280198ms] [LOG] [Fast Refresh] done in 47ms @ http://localhost:3000/_next/static/chunks/node_modules_next_dist_1e8vcs8._.js:776
[  280243ms] [LOG] [Fast Refresh] done in 47ms @ http://localhost:3000/_next/static/chunks/node_modules_next_dist_1e8vcs8._.js:776
[  280290ms] [LOG] [Fast Refresh] done in 47ms @ http://localhost:3000/_next/static/chunks/node_modules_next_dist_1e8vcs8._.js:776
[  280338ms] [LOG] [Fast Refresh] done in 47ms @ http://localhost:3000/_next/static/chunks/node_modules_next_dist_1e8vcs8._.js:776
[  280385ms] [LOG] [Fast Refresh] done in 47ms @ http://localhost:3000/_next/static/chunks/node_modules_next_dist_1e8vcs8._.js:776
[  280432ms] [LOG] [Fast Refresh] done in 47ms @ http://localhost:3000/_next/static/chunks/node_modules_next_dist_1e8vcs8._.js:776
[  280479ms] [LOG] [Fast Refresh] done in 47ms @ http://localhost:3000/_next/static/chunks/node_modules_next_dist_1e8vcs8._.js:776
[  280526ms] [LOG] [Fast Refresh] done in 47ms @ http://localhost:3000/_next/static/chunks/node_modules_next_dist_1e8vcs8._.js:776
[  280573ms] [LOG] [Fast Refresh] done in 47ms @ http://localhost:3000/_next/static/chunks/node_modules_next_dist_1e8vcs8._.js:776
[  280621ms] [LOG] [Fast Refresh] done in 47ms @ http://localhost:3000/_next/static/chunks/node_modules_next_dist_1e8vcs8._.js:776
[  280669ms] [LOG] [Fast Refresh] done in 47ms @ http://localhost:3000/_next/static/chunks/node_modules_next_dist_1e8vcs8._.js:776
[  280715ms] [LOG] [Fast Refresh] done in 47ms @ http://localhost:3000/_next/static/chunks/node_modules_next_dist_1e8vcs8._.js:776
[  280762ms] [LOG] [Fast Refresh] done in 47ms @ http://localhost:3000/_next/static/chunks/node_modules_next_dist_1e8vcs8._.js:776
[  280802ms] [LOG] [Fast Refresh] done in 47ms @ http://localhost:3000/_next/static/chunks/node_modules_next_dist_1e8vcs8._.js:776
[  280850ms] [LOG] [Fast Refresh] done in 47ms @ http://localhost:3000/_next/static/chunks/node_modules_next_dist_1e8vcs8._.js:776
[  280897ms] [LOG] [Fast Refresh] done in 47ms @ http://localhost:3000/_next/static/chunks/node_modules_next_dist_1e8vcs8._.js:776
[  280943ms] [LOG] [Fast Refresh] done in 47ms @ http://localhost:3000/_next/static/chunks/node_modules_next_dist_1e8vcs8._.js:776
[  280991ms] [LOG] [Fast Refresh] done in 47ms @ http://localhost:3000/_next/static/chunks/node_modules_next_dist_1e8vcs8._.js:776
[  281039ms] [LOG] [Fast Refresh] done in 47ms @ http://localhost:3000/_next/static/chunks/node_modules_next_dist_1e8vcs8._.js:776
[  281085ms] [LOG] [Fast Refresh] done in 47ms @ http://localhost:3000/_next/static/chunks/node_modules_next_dist_1e8vcs8._.js:776
[  281133ms] [LOG] [Fast Refresh] done in 47ms @ http://localhost:3000/_next/static/chunks/node_modules_next_dist_1e8vcs8._.js:776
[  281180ms] [LOG] [Fast Refresh] done in 47ms @ http://localhost:3000/_next/static/chunks/node_modules_next_dist_1e8vcs8._.js:776
[  281228ms] [LOG] [Fast Refresh] done in 47ms @ http://localhost:3000/_next/static/chunks/node_modules_next_dist_1e8vcs8._.js:776
[  281276ms] [LOG] [Fast Refresh] done in 47ms @ http://localhost:3000/_next/static/chunks/node_modules_next_dist_1e8vcs8._.js:776
[  281323ms] [LOG] [Fast Refresh] done in 47ms @ http://localhost:3000/_next/static/chunks/node_modules_next_dist_1e8vcs8._.js:776
[  281371ms] [LOG] [Fast Refresh] done in 47ms @ http://localhost:3000/_next/static/chunks/node_modules_next_dist_1e8vcs8._.js:776
[  281419ms] [LOG] [Fast Refresh] done in 47ms @ http://localhost:3000/_next/static/chunks/node_modules_next_dist_1e8vcs8._.js:776
[  281466ms] [LOG] [Fast Refresh] done in 47ms @ http://localhost:3000/_next/static/chunks/node_modules_next_dist_1e8vcs8._.js:776
[  281513ms] [LOG] [Fast Refresh] done in 47ms @ http://localhost:3000/_next/static/chunks/node_modules_next_dist_1e8vcs8._.js:776
[  281560ms] [LOG] [Fast Refresh] done in 47ms @ http://localhost:3000/_next/static/chunks/node_modules_next_dist_1e8vcs8._.js:776
[  281607ms] [LOG] [Fast Refresh] done in 47ms @ http://localhost:3000/_next/static/chunks/node_modules_next_dist_1e8vcs8._.js:776
[  281653ms] [LOG] [Fast Refresh] done in 47ms @ http://localhost:3000/_next/static/chunks/node_modules_next_dist_1e8vcs8._.js:776
[  281701ms] [LOG] [Fast Refresh] done in 47ms @ http://localhost:3000/_next/static/chunks/node_modules_next_dist_1e8vcs8._.js:776
[  281752ms] [LOG] [Fast Refresh] done in 47ms @ http://localhost:3000/_next/static/chunks/node_modules_next_dist_1e8vcs8._.js:776
[  281803ms] [LOG] [Fast Refresh] done in 47ms @ http://localhost:3000/_next/static/chunks/node_modules_next_dist_1e8vcs8._.js:776
[  281850ms] [LOG] [Fast Refresh] done in 47ms @ http://localhost:3000/_next/static/chunks/node_modules_next_dist_1e8vcs8._.js:776
[  281899ms] [LOG] [Fast Refresh] done in 47ms @ http://localhost:3000/_next/static/chunks/node_modules_next_dist_1e8vcs8._.js:776
[  281948ms] [LOG] [Fast Refresh] done in 47ms @ http://localhost:3000/_next/static/chunks/node_modules_next_dist_1e8vcs8._.js:776
[  281996ms] [LOG] [Fast Refresh] done in 47ms @ http://localhost:3000/_next/static/chunks/node_modules_next_dist_1e8vcs8._.js:776
[  282043ms] [LOG] [Fast Refresh] done in 47ms @ http://localhost:3000/_next/static/chunks/node_modules_next_dist_1e8vcs8._.js:776
[  282090ms] [LOG] [Fast Refresh] done in 47ms @ http://localhost:3000/_next/static/chunks/node_modules_next_dist_1e8vcs8._.js:776
[  282136ms] [LOG] [Fast Refresh] done in 47ms @ http://localhost:3000/_next/static/chunks/node_modules_next_dist_1e8vcs8._.js:776
[  282184ms] [LOG] [Fast Refresh] done in 47ms @ http://localhost:3000/_next/static/chunks/node_modules_next_dist_1e8vcs8._.js:776
[  282231ms] [LOG] [Fast Refresh] done in 47ms @ http://localhost:3000/_next/static/chunks/node_modules_next_dist_1e8vcs8._.js:776
[  282279ms] [LOG] [Fast Refresh] done in 47ms @ http://localhost:3000/_next/static/chunks/node_modules_next_dist_1e8vcs8._.js:776
[  282326ms] [LOG] [Fast Refresh] done in 47ms @ http://localhost:3000/_next/static/chunks/node_modules_next_dist_1e8vcs8._.js:776
[  282373ms] [LOG] [Fast Refresh] done in 47ms @ http://localhost:3000/_next/static/chunks/node_modules_next_dist_1e8vcs8._.js:776
[  282420ms] [LOG] [Fast Refresh] done in 47ms @ http://localhost:3000/_next/static/chunks/node_modules_next_dist_1e8vcs8._.js:776
[  282467ms] [LOG] [Fast Refresh] done in 47ms @ http://localhost:3000/_next/static/chunks/node_modules_next_dist_1e8vcs8._.js:776
[  282514ms] [LOG] [Fast Refresh] done in 47ms @ http://localhost:3000/_next/static/chunks/node_modules_next_dist_1e8vcs8._.js:776
[  282562ms] [LOG] [Fast Refresh] done in 47ms @ http://localhost:3000/_next/static/chunks/node_modules_next_dist_1e8vcs8._.js:776
[  282609ms] [LOG] [Fast Refresh] done in 47ms @ http://localhost:3000/_next/static/chunks/node_modules_next_dist_1e8vcs8._.js:776
[  282656ms] [LOG] [Fast Refresh] done in 47ms @ http://localhost:3000/_next/static/chunks/node_modules_next_dist_1e8vcs8._.js:776
[  282703ms] [LOG] [Fast Refresh] done in 47ms @ http://localhost:3000/_next/static/chunks/node_modules_next_dist_1e8vcs8._.js:776
[  282751ms] [LOG] [Fast Refresh] done in 47ms @ http://localhost:3000/_next/static/chunks/node_modules_next_dist_1e8vcs8._.js:776
[  282798ms] [LOG] [Fast Refresh] done in 47ms @ http://localhost:3000/_next/static/chunks/node_modules_next_dist_1e8vcs8._.js:776
[  282845ms] [LOG] [Fast Refresh] done in 47ms @ http://localhost:3000/_next/static/chunks/node_modules_next_dist_1e8vcs8._.js:776
[  282892ms] [LOG] [Fast Refresh] done in 47ms @ http://localhost:3000/_next/static/chunks/node_modules_next_dist_1e8vcs8._.js:776
[  282939ms] [LOG] [Fast Refresh] done in 47ms @ http://localhost:3000/_next/static/chunks/node_modules_next_dist_1e8vcs8._.js:776
[  282986ms] [LOG] [Fast Refresh] done in 47ms @ http://localhost:3000/_next/static/chunks/node_modules_next_dist_1e8vcs8._.js:776
[  283033ms] [LOG] [Fast Refresh] done in 47ms @ http://localhost:3000/_next/static/chunks/node_modules_next_dist_1e8vcs8._.js:776
[  283080ms] [LOG] [Fast Refresh] done in 47ms @ http://localhost:3000/_next/static/chunks/node_modules_next_dist_1e8vcs8._.js:776
[  283127ms] [LOG] [Fast Refresh] done in 47ms @ http://localhost:3000/_next/static/chunks/node_modules_next_dist_1e8vcs8._.js:776
[  283172ms] [LOG] [Fast Refresh] done in 47ms @ http://localhost:3000/_next/static/chunks/node_modules_next_dist_1e8vcs8._.js:776
[  283218ms] [LOG] [Fast Refresh] done in 47ms @ http://localhost:3000/_next/static/chunks/node_modules_next_dist_1e8vcs8._.js:776
[  283266ms] [LOG] [Fast Refresh] done in 47ms @ http://localhost:3000/_next/static/chunks/node_modules_next_dist_1e8vcs8._.js:776
[  283312ms] [LOG] [Fast Refresh] done in 47ms @ http://localhost:3000/_next/static/chunks/node_modules_next_dist_1e8vcs8._.js:776
[  283359ms] [LOG] [Fast Refresh] done in 47ms @ http://localhost:3000/_next/static/chunks/node_modules_next_dist_1e8vcs8._.js:776
[  283407ms] [LOG] [Fast Refresh] done in 47ms @ http://localhost:3000/_next/static/chunks/node_modules_next_dist_1e8vcs8._.js:776
[  283456ms] [LOG] [Fast Refresh] done in 47ms @ http://localhost:3000/_next/static/chunks/node_modules_next_dist_1e8vcs8._.js:776
[  283502ms] [LOG] [Fast Refresh] done in 47ms @ http://localhost:3000/_next/static/chunks/node_modules_next_dist_1e8vcs8._.js:776
[  283550ms] [LOG] [Fast Refresh] done in 47ms @ http://localhost:3000/_next/static/chunks/node_modules_next_dist_1e8vcs8._.js:776
[  283596ms] [LOG] [Fast Refresh] done in 47ms @ http://localhost:3000/_next/static/chunks/node_modules_next_dist_1e8vcs8._.js:776
[  283643ms] [LOG] [Fast Refresh] done in 47ms @ http://localhost:3000/_next/static/chunks/node_modules_next_dist_1e8vcs8._.js:776
[  283689ms] [LOG] [Fast Refresh] done in 47ms @ http://localhost:3000/_next/static/chunks/node_modules_next_dist_1e8vcs8._.js:776
[  283736ms] [LOG] [Fast Refresh] done in 47ms @ http://localhost:3000/_next/static/chunks/node_modules_next_dist_1e8vcs8._.js:776
[  283784ms] [LOG] [Fast Refresh] done in 47ms @ http://localhost:3000/_next/static/chunks/node_modules_next_dist_1e8vcs8._.js:776
[  283831ms] [LOG] [Fast Refresh] done in 47ms @ http://localhost:3000/_next/static/chunks/node_modules_next_dist_1e8vcs8._.js:776
[  283879ms] [LOG] [Fast Refresh] done in 47ms @ http://localhost:3000/_next/static/chunks/node_modules_next_dist_1e8vcs8._.js:776
[  283926ms] [LOG] [Fast Refresh] done in 47ms @ http://localhost:3000/_next/static/chunks/node_modules_next_dist_1e8vcs8._.js:776
[  283973ms] [LOG] [Fast Refresh] done in 47ms @ http://localhost:3000/_next/static/chunks/node_modules_next_dist_1e8vcs8._.js:776
[  284022ms] [LOG] [Fast Refresh] done in 47ms @ http://localhost:3000/_next/static/chunks/node_modules_next_dist_1e8vcs8._.js:776
[  284068ms] [LOG] [Fast Refresh] done in 47ms @ http://localhost:3000/_next/static/chunks/node_modules_next_dist_1e8vcs8._.js:776
[  284116ms] [LOG] [Fast Refresh] done in 47ms @ http://localhost:3000/_next/static/chunks/node_modules_next_dist_1e8vcs8._.js:776
[  284163ms] [LOG] [Fast Refresh] done in 47ms @ http://localhost:3000/_next/static/chunks/node_modules_next_dist_1e8vcs8._.js:776
[  284210ms] [LOG] [Fast Refresh] done in 47ms @ http://localhost:3000/_next/static/chunks/node_modules_next_dist_1e8vcs8._.js:776
[  284257ms] [LOG] [Fast Refresh] done in 47ms @ http://localhost:3000/_next/static/chunks/node_modules_next_dist_1e8vcs8._.js:776
[  284305ms] [LOG] [Fast Refresh] done in 47ms @ http://localhost:3000/_next/static/chunks/node_modules_next_dist_1e8vcs8._.js:776
[  284351ms] [LOG] [Fast Refresh] done in 47ms @ http://localhost:3000/_next/static/chunks/node_modules_next_dist_1e8vcs8._.js:776
[  284399ms] [LOG] [Fast Refresh] done in 47ms @ http://localhost:3000/_next/static/chunks/node_modules_next_dist_1e8vcs8._.js:776
[  284446ms] [LOG] [Fast Refresh] done in 47ms @ http://localhost:3000/_next/static/chunks/node_modules_next_dist_1e8vcs8._.js:776
[  284494ms] [LOG] [Fast Refresh] done in 47ms @ http://localhost:3000/_next/static/chunks/node_modules_next_dist_1e8vcs8._.js:776
[  284541ms] [LOG] [Fast Refresh] done in 47ms @ http://localhost:3000/_next/static/chunks/node_modules_next_dist_1e8vcs8._.js:776
[  284588ms] [LOG] [Fast Refresh] done in 47ms @ http://localhost:3000/_next/static/chunks/node_modules_next_dist_1e8vcs8._.js:776
[  284635ms] [LOG] [Fast Refresh] done in 47ms @ http://localhost:3000/_next/static/chunks/node_modules_next_dist_1e8vcs8._.js:776
[  284681ms] [LOG] [Fast Refresh] done in 47ms @ http://localhost:3000/_next/static/chunks/node_modules_next_dist_1e8vcs8._.js:776
[  284729ms] [LOG] [Fast Refresh] done in 47ms @ http://localhost:3000/_next/static/chunks/node_modules_next_dist_1e8vcs8._.js:776
[  284776ms] [LOG] [Fast Refresh] done in 47ms @ http://localhost:3000/_next/static/chunks/node_modules_next_dist_1e8vcs8._.js:776
[  284823ms] [LOG] [Fast Refresh] done in 47ms @ http://localhost:3000/_next/static/chunks/node_modules_next_dist_1e8vcs8._.js:776
[  284870ms] [LOG] [Fast Refresh] done in 47ms @ http://localhost:3000/_next/static/chunks/node_modules_next_dist_1e8vcs8._.js:776
[  284917ms] [LOG] [Fast Refresh] done in 47ms @ http://localhost:3000/_next/static/chunks/node_modules_next_dist_1e8vcs8._.js:776
[  284964ms] [LOG] [Fast Refresh] done in 47ms @ http://localhost:3000/_next/static/chunks/node_modules_next_dist_1e8vcs8._.js:776
[  285011ms] [LOG] [Fast Refresh] done in 47ms @ http://localhost:3000/_next/static/chunks/node_modules_next_dist_1e8vcs8._.js:776
[  285058ms] [LOG] [Fast Refresh] done in 47ms @ http://localhost:3000/_next/static/chunks/node_modules_next_dist_1e8vcs8._.js:776
[  285104ms] [LOG] [Fast Refresh] done in 47ms @ http://localhost:3000/_next/static/chunks/node_modules_next_dist_1e8vcs8._.js:776
[  285150ms] [LOG] [Fast Refresh] done in 47ms @ http://localhost:3000/_next/static/chunks/node_modules_next_dist_1e8vcs8._.js:776
[  285197ms] [LOG] [Fast Refresh] done in 47ms @ http://localhost:3000/_next/static/chunks/node_modules_next_dist_1e8vcs8._.js:776
[  285245ms] [LOG] [Fast Refresh] done in 47ms @ http://localhost:3000/_next/static/chunks/node_modules_next_dist_1e8vcs8._.js:776
[  285292ms] [LOG] [Fast Refresh] done in 47ms @ http://localhost:3000/_next/static/chunks/node_modules_next_dist_1e8vcs8._.js:776
[  285339ms] [LOG] [Fast Refresh] done in 47ms @ http://localhost:3000/_next/static/chunks/node_modules_next_dist_1e8vcs8._.js:776
[  285386ms] [LOG] [Fast Refresh] done in 47ms @ http://localhost:3000/_next/static/chunks/node_modules_next_dist_1e8vcs8._.js:776
[  285433ms] [LOG] [Fast Refresh] done in 47ms @ http://localhost:3000/_next/static/chunks/node_modules_next_dist_1e8vcs8._.js:776
[  285480ms] [LOG] [Fast Refresh] done in 47ms @ http://localhost:3000/_next/static/chunks/node_modules_next_dist_1e8vcs8._.js:776
[  285528ms] [LOG] [Fast Refresh] done in 47ms @ http://localhost:3000/_next/static/chunks/node_modules_next_dist_1e8vcs8._.js:776
[  285576ms] [LOG] [Fast Refresh] done in 47ms @ http://localhost:3000/_next/static/chunks/node_modules_next_dist_1e8vcs8._.js:776
[  285622ms] [LOG] [Fast Refresh] done in 47ms @ http://localhost:3000/_next/static/chunks/node_modules_next_dist_1e8vcs8._.js:776
[  285669ms] [LOG] [Fast Refresh] done in 47ms @ http://localhost:3000/_next/static/chunks/node_modules_next_dist_1e8vcs8._.js:776
[  285716ms] [LOG] [Fast Refresh] done in 47ms @ http://localhost:3000/_next/static/chunks/node_modules_next_dist_1e8vcs8._.js:776
[  285763ms] [LOG] [Fast Refresh] done in 47ms @ http://localhost:3000/_next/static/chunks/node_modules_next_dist_1e8vcs8._.js:776
[  285810ms] [LOG] [Fast Refresh] done in 47ms @ http://localhost:3000/_next/static/chunks/node_modules_next_dist_1e8vcs8._.js:776
[  285858ms] [LOG] [Fast Refresh] done in 47ms @ http://localhost:3000/_next/static/chunks/node_modules_next_dist_1e8vcs8._.js:776
[  285906ms] [LOG] [Fast Refresh] done in 47ms @ http://localhost:3000/_next/static/chunks/node_modules_next_dist_1e8vcs8._.js:776
[  285954ms] [LOG] [Fast Refresh] done in 47ms @ http://localhost:3000/_next/static/chunks/node_modules_next_dist_1e8vcs8._.js:776
[  285999ms] [LOG] [Fast Refresh] done in 47ms @ http://localhost:3000/_next/static/chunks/node_modules_next_dist_1e8vcs8._.js:776
[  286046ms] [LOG] [Fast Refresh] done in 47ms @ http://localhost:3000/_next/static/chunks/node_modules_next_dist_1e8vcs8._.js:776
[  286092ms] [LOG] [Fast Refresh] done in 47ms @ http://localhost:3000/_next/static/chunks/node_modules_next_dist_1e8vcs8._.js:776
[  286139ms] [LOG] [Fast Refresh] done in 47ms @ http://localhost:3000/_next/static/chunks/node_modules_next_dist_1e8vcs8._.js:776
[  286186ms] [LOG] [Fast Refresh] done in 47ms @ http://localhost:3000/_next/static/chunks/node_modules_next_dist_1e8vcs8._.js:776
[  286235ms] [LOG] [Fast Refresh] done in 47ms @ http://localhost:3000/_next/static/chunks/node_modules_next_dist_1e8vcs8._.js:776
[  286292ms] [LOG] [Fast Refresh] done in 47ms @ http://localhost:3000/_next/static/chunks/node_modules_next_dist_1e8vcs8._.js:776
[  286339ms] [LOG] [Fast Refresh] done in 47ms @ http://localhost:3000/_next/static/chunks/node_modules_next_dist_1e8vcs8._.js:776
[  286386ms] [LOG] [Fast Refresh] done in 47ms @ http://localhost:3000/_next/static/chunks/node_modules_next_dist_1e8vcs8._.js:776
[  286433ms] [LOG] [Fast Refresh] done in 47ms @ http://localhost:3000/_next/static/chunks/node_modules_next_dist_1e8vcs8._.js:776
[  286480ms] [LOG] [Fast Refresh] done in 47ms @ http://localhost:3000/_next/static/chunks/node_modules_next_dist_1e8vcs8._.js:776
[  286527ms] [LOG] [Fast Refresh] done in 47ms @ http://localhost:3000/_next/static/chunks/node_modules_next_dist_1e8vcs8._.js:776
[  286574ms] [LOG] [Fast Refresh] done in 47ms @ http://localhost:3000/_next/static/chunks/node_modules_next_dist_1e8vcs8._.js:776
[  286621ms] [LOG] [Fast Refresh] done in 47ms @ http://localhost:3000/_next/static/chunks/node_modules_next_dist_1e8vcs8._.js:776
[  286669ms] [LOG] [Fast Refresh] done in 47ms @ http://localhost:3000/_next/static/chunks/node_modules_next_dist_1e8vcs8._.js:776
[  286716ms] [LOG] [Fast Refresh] done in 47ms @ http://localhost:3000/_next/static/chunks/node_modules_next_dist_1e8vcs8._.js:776
[  286763ms] [LOG] [Fast Refresh] done in 47ms @ http://localhost:3000/_next/static/chunks/node_modules_next_dist_1e8vcs8._.js:776
[  286810ms] [LOG] [Fast Refresh] done in 47ms @ http://localhost:3000/_next/static/chunks/node_modules_next_dist_1e8vcs8._.js:776
[  286856ms] [LOG] [Fast Refresh] done in 47ms @ http://localhost:3000/_next/static/chunks/node_modules_next_dist_1e8vcs8._.js:776
[  286903ms] [LOG] [Fast Refresh] done in 47ms @ http://localhost:3000/_next/static/chunks/node_modules_next_dist_1e8vcs8._.js:776
[  286951ms] [LOG] [Fast Refresh] done in 47ms @ http://localhost:3000/_next/static/chunks/node_modules_next_dist_1e8vcs8._.js:776
[  286998ms] [LOG] [Fast Refresh] done in 47ms @ http://localhost:3000/_next/static/chunks/node_modules_next_dist_1e8vcs8._.js:776
[  287045ms] [LOG] [Fast Refresh] done in 47ms @ http://localhost:3000/_next/static/chunks/node_modules_next_dist_1e8vcs8._.js:776
[  287093ms] [LOG] [Fast Refresh] done in 47ms @ http://localhost:3000/_next/static/chunks/node_modules_next_dist_1e8vcs8._.js:776
[  287140ms] [LOG] [Fast Refresh] done in 47ms @ http://localhost:3000/_next/static/chunks/node_modules_next_dist_1e8vcs8._.js:776
[  287188ms] [LOG] [Fast Refresh] done in 47ms @ http://localhost:3000/_next/static/chunks/node_modules_next_dist_1e8vcs8._.js:776
[  287235ms] [LOG] [Fast Refresh] done in 47ms @ http://localhost:3000/_next/static/chunks/node_modules_next_dist_1e8vcs8._.js:776
[  287287ms] [LOG] [Fast Refresh] done in 47ms @ http://localhost:3000/_next/static/chunks/node_modules_next_dist_1e8vcs8._.js:776
[  287335ms] [LOG] [Fast Refresh] done in 47ms @ http://localhost:3000/_next/static/chunks/node_modules_next_dist_1e8vcs8._.js:776
[  287382ms] [LOG] [Fast Refresh] done in 47ms @ http://localhost:3000/_next/static/chunks/node_modules_next_dist_1e8vcs8._.js:776
[  287430ms] [LOG] [Fast Refresh] done in 47ms @ http://localhost:3000/_next/static/chunks/node_modules_next_dist_1e8vcs8._.js:776
[  287478ms] [LOG] [Fast Refresh] done in 47ms @ http://localhost:3000/_next/static/chunks/node_modules_next_dist_1e8vcs8._.js:776
[  287526ms] [LOG] [Fast Refresh] done in 47ms @ http://localhost:3000/_next/static/chunks/node_modules_next_dist_1e8vcs8._.js:776
[  287572ms] [LOG] [Fast Refresh] done in 47ms @ http://localhost:3000/_next/static/chunks/node_modules_next_dist_1e8vcs8._.js:776
[  287620ms] [LOG] [Fast Refresh] done in 47ms @ http://localhost:3000/_next/static/chunks/node_modules_next_dist_1e8vcs8._.js:776
[  287667ms] [LOG] [Fast Refresh] done in 47ms @ http://localhost:3000/_next/static/chunks/node_modules_next_dist_1e8vcs8._.js:776
[  287718ms] [LOG] [Fast Refresh] done in 47ms @ http://localhost:3000/_next/static/chunks/node_modules_next_dist_1e8vcs8._.js:776
[  287774ms] [LOG] [Fast Refresh] done in 47ms @ http://localhost:3000/_next/static/chunks/node_modules_next_dist_1e8vcs8._.js:776
[  287821ms] [LOG] [Fast Refresh] done in 47ms @ http://localhost:3000/_next/static/chunks/node_modules_next_dist_1e8vcs8._.js:776
[  287868ms] [LOG] [Fast Refresh] done in 47ms @ http://localhost:3000/_next/static/chunks/node_modules_next_dist_1e8vcs8._.js:776
[  287916ms] [LOG] [Fast Refresh] done in 47ms @ http://localhost:3000/_next/static/chunks/node_modules_next_dist_1e8vcs8._.js:776
[  287964ms] [LOG] [Fast Refresh] done in 47ms @ http://localhost:3000/_next/static/chunks/node_modules_next_dist_1e8vcs8._.js:776
[  288011ms] [LOG] [Fast Refresh] done in 47ms @ http://localhost:3000/_next/static/chunks/node_modules_next_dist_1e8vcs8._.js:776
[  288059ms] [LOG] [Fast Refresh] done in 47ms @ http://localhost:3000/_next/static/chunks/node_modules_next_dist_1e8vcs8._.js:776
[  288107ms] [LOG] [Fast Refresh] done in 47ms @ http://localhost:3000/_next/static/chunks/node_modules_next_dist_1e8vcs8._.js:776
[  288153ms] [LOG] [Fast Refresh] done in 47ms @ http://localhost:3000/_next/static/chunks/node_modules_next_dist_1e8vcs8._.js:776
[  288199ms] [LOG] [Fast Refresh] done in 47ms @ http://localhost:3000/_next/static/chunks/node_modules_next_dist_1e8vcs8._.js:776
[  288246ms] [LOG] [Fast Refresh] done in 47ms @ http://localhost:3000/_next/static/chunks/node_modules_next_dist_1e8vcs8._.js:776
[  288293ms] [LOG] [Fast Refresh] done in 47ms @ http://localhost:3000/_next/static/chunks/node_modules_next_dist_1e8vcs8._.js:776
[  288341ms] [LOG] [Fast Refresh] done in 47ms @ http://localhost:3000/_next/static/chunks/node_modules_next_dist_1e8vcs8._.js:776
[  288389ms] [LOG] [Fast Refresh] done in 47ms @ http://localhost:3000/_next/static/chunks/node_modules_next_dist_1e8vcs8._.js:776
[  288436ms] [LOG] [Fast Refresh] done in 47ms @ http://localhost:3000/_next/static/chunks/node_modules_next_dist_1e8vcs8._.js:776
[  288484ms] [LOG] [Fast Refresh] done in 47ms @ http://localhost:3000/_next/static/chunks/node_modules_next_dist_1e8vcs8._.js:776
[  288531ms] [LOG] [Fast Refresh] done in 47ms @ http://localhost:3000/_next/static/chunks/node_modules_next_dist_1e8vcs8._.js:776
[  288576ms] [LOG] [Fast Refresh] done in 47ms @ http://localhost:3000/_next/static/chunks/node_modules_next_dist_1e8vcs8._.js:776
[  288622ms] [LOG] [Fast Refresh] done in 47ms @ http://localhost:3000/_next/static/chunks/node_modules_next_dist_1e8vcs8._.js:776
[  288670ms] [LOG] [Fast Refresh] done in 47ms @ http://localhost:3000/_next/static/chunks/node_modules_next_dist_1e8vcs8._.js:776
[  288716ms] [LOG] [Fast Refresh] done in 47ms @ http://localhost:3000/_next/static/chunks/node_modules_next_dist_1e8vcs8._.js:776
[  288762ms] [LOG] [Fast Refresh] done in 47ms @ http://localhost:3000/_next/static/chunks/node_modules_next_dist_1e8vcs8._.js:776
[  288810ms] [LOG] [Fast Refresh] done in 47ms @ http://localhost:3000/_next/static/chunks/node_modules_next_dist_1e8vcs8._.js:776
[  288857ms] [LOG] [Fast Refresh] done in 47ms @ http://localhost:3000/_next/static/chunks/node_modules_next_dist_1e8vcs8._.js:776
[  288904ms] [LOG] [Fast Refresh] done in 47ms @ http://localhost:3000/_next/static/chunks/node_modules_next_dist_1e8vcs8._.js:776
[  288955ms] [LOG] [Fast Refresh] done in 47ms @ http://localhost:3000/_next/static/chunks/node_modules_next_dist_1e8vcs8._.js:776
[  289003ms] [LOG] [Fast Refresh] done in 47ms @ http://localhost:3000/_next/static/chunks/node_modules_next_dist_1e8vcs8._.js:776
[  289051ms] [LOG] [Fast Refresh] done in 47ms @ http://localhost:3000/_next/static/chunks/node_modules_next_dist_1e8vcs8._.js:776
[  289098ms] [LOG] [Fast Refresh] done in 47ms @ http://localhost:3000/_next/static/chunks/node_modules_next_dist_1e8vcs8._.js:776
[  289145ms] [LOG] [Fast Refresh] done in 47ms @ http://localhost:3000/_next/static/chunks/node_modules_next_dist_1e8vcs8._.js:776
[  289194ms] [LOG] [Fast Refresh] done in 47ms @ http://localhost:3000/_next/static/chunks/node_modules_next_dist_1e8vcs8._.js:776
[  289242ms] [LOG] [Fast Refresh] done in 47ms @ http://localhost:3000/_next/static/chunks/node_modules_next_dist_1e8vcs8._.js:776
[  289290ms] [LOG] [Fast Refresh] done in 47ms @ http://localhost:3000/_next/static/chunks/node_modules_next_dist_1e8vcs8._.js:776
[  289339ms] [LOG] [Fast Refresh] done in 47ms @ http://localhost:3000/_next/static/chunks/node_modules_next_dist_1e8vcs8._.js:776
[  289385ms] [LOG] [Fast Refresh] done in 47ms @ http://localhost:3000/_next/static/chunks/node_modules_next_dist_1e8vcs8._.js:776
[  289434ms] [LOG] [Fast Refresh] done in 47ms @ http://localhost:3000/_next/static/chunks/node_modules_next_dist_1e8vcs8._.js:776
[  289481ms] [LOG] [Fast Refresh] done in 47ms @ http://localhost:3000/_next/static/chunks/node_modules_next_dist_1e8vcs8._.js:776
[  289528ms] [LOG] [Fast Refresh] done in 47ms @ http://localhost:3000/_next/static/chunks/node_modules_next_dist_1e8vcs8._.js:776
[  289576ms] [LOG] [Fast Refresh] done in 47ms @ http://localhost:3000/_next/static/chunks/node_modules_next_dist_1e8vcs8._.js:776
[  289623ms] [LOG] [Fast Refresh] done in 47ms @ http://localhost:3000/_next/static/chunks/node_modules_next_dist_1e8vcs8._.js:776
[  289670ms] [LOG] [Fast Refresh] done in 47ms @ http://localhost:3000/_next/static/chunks/node_modules_next_dist_1e8vcs8._.js:776
[  289716ms] [LOG] [Fast Refresh] done in 47ms @ http://localhost:3000/_next/static/chunks/node_modules_next_dist_1e8vcs8._.js:776
[  289764ms] [LOG] [Fast Refresh] done in 47ms @ http://localhost:3000/_next/static/chunks/node_modules_next_dist_1e8vcs8._.js:776
[  289810ms] [LOG] [Fast Refresh] done in 47ms @ http://localhost:3000/_next/static/chunks/node_modules_next_dist_1e8vcs8._.js:776
[  289859ms] [LOG] [Fast Refresh] done in 47ms @ http://localhost:3000/_next/static/chunks/node_modules_next_dist_1e8vcs8._.js:776
[  289906ms] [LOG] [Fast Refresh] done in 47ms @ http://localhost:3000/_next/static/chunks/node_modules_next_dist_1e8vcs8._.js:776
[  289953ms] [LOG] [Fast Refresh] done in 47ms @ http://localhost:3000/_next/static/chunks/node_modules_next_dist_1e8vcs8._.js:776
[  290001ms] [LOG] [Fast Refresh] done in 47ms @ http://localhost:3000/_next/static/chunks/node_modules_next_dist_1e8vcs8._.js:776
[  290049ms] [LOG] [Fast Refresh] done in 47ms @ http://localhost:3000/_next/static/chunks/node_modules_next_dist_1e8vcs8._.js:776
[  290096ms] [LOG] [Fast Refresh] done in 47ms @ http://localhost:3000/_next/static/chunks/node_modules_next_dist_1e8vcs8._.js:776
[  290142ms] [LOG] [Fast Refresh] done in 47ms @ http://localhost:3000/_next/static/chunks/node_modules_next_dist_1e8vcs8._.js:776
[  290190ms] [LOG] [Fast Refresh] done in 47ms @ http://localhost:3000/_next/static/chunks/node_modules_next_dist_1e8vcs8._.js:776
[  290237ms] [LOG] [Fast Refresh] done in 47ms @ http://localhost:3000/_next/static/chunks/node_modules_next_dist_1e8vcs8._.js:776
[  290285ms] [LOG] [Fast Refresh] done in 47ms @ http://localhost:3000/_next/static/chunks/node_modules_next_dist_1e8vcs8._.js:776
[  290331ms] [LOG] [Fast Refresh] done in 47ms @ http://localhost:3000/_next/static/chunks/node_modules_next_dist_1e8vcs8._.js:776
[  290378ms] [LOG] [Fast Refresh] done in 47ms @ http://localhost:3000/_next/static/chunks/node_modules_next_dist_1e8vcs8._.js:776
[  290425ms] [LOG] [Fast Refresh] done in 47ms @ http://localhost:3000/_next/static/chunks/node_modules_next_dist_1e8vcs8._.js:776
[  290473ms] [LOG] [Fast Refresh] done in 47ms @ http://localhost:3000/_next/static/chunks/node_modules_next_dist_1e8vcs8._.js:776
[  290520ms] [LOG] [Fast Refresh] done in 47ms @ http://localhost:3000/_next/static/chunks/node_modules_next_dist_1e8vcs8._.js:776
[  290569ms] [LOG] [Fast Refresh] done in 47ms @ http://localhost:3000/_next/static/chunks/node_modules_next_dist_1e8vcs8._.js:776
[  290616ms] [LOG] [Fast Refresh] done in 47ms @ http://localhost:3000/_next/static/chunks/node_modules_next_dist_1e8vcs8._.js:776
[  290663ms] [LOG] [Fast Refresh] done in 47ms @ http://localhost:3000/_next/static/chunks/node_modules_next_dist_1e8vcs8._.js:776
[  290709ms] [LOG] [Fast Refresh] done in 47ms @ http://localhost:3000/_next/static/chunks/node_modules_next_dist_1e8vcs8._.js:776
[  290757ms] [LOG] [Fast Refresh] done in 47ms @ http://localhost:3000/_next/static/chunks/node_modules_next_dist_1e8vcs8._.js:776
[  290804ms] [LOG] [Fast Refresh] done in 47ms @ http://localhost:3000/_next/static/chunks/node_modules_next_dist_1e8vcs8._.js:776
[  290851ms] [LOG] [Fast Refresh] done in 47ms @ http://localhost:3000/_next/static/chunks/node_modules_next_dist_1e8vcs8._.js:776
[  290898ms] [LOG] [Fast Refresh] done in 47ms @ http://localhost:3000/_next/static/chunks/node_modules_next_dist_1e8vcs8._.js:776
[  290946ms] [LOG] [Fast Refresh] done in 47ms @ http://localhost:3000/_next/static/chunks/node_modules_next_dist_1e8vcs8._.js:776
[  290993ms] [LOG] [Fast Refresh] done in 47ms @ http://localhost:3000/_next/static/chunks/node_modules_next_dist_1e8vcs8._.js:776
[  291040ms] [LOG] [Fast Refresh] done in 47ms @ http://localhost:3000/_next/static/chunks/node_modules_next_dist_1e8vcs8._.js:776
[  291088ms] [LOG] [Fast Refresh] done in 47ms @ http://localhost:3000/_next/static/chunks/node_modules_next_dist_1e8vcs8._.js:776
[  291135ms] [LOG] [Fast Refresh] done in 47ms @ http://localhost:3000/_next/static/chunks/node_modules_next_dist_1e8vcs8._.js:776
[  291182ms] [LOG] [Fast Refresh] done in 47ms @ http://localhost:3000/_next/static/chunks/node_modules_next_dist_1e8vcs8._.js:776
[  291229ms] [LOG] [Fast Refresh] done in 47ms @ http://localhost:3000/_next/static/chunks/node_modules_next_dist_1e8vcs8._.js:776
[  291276ms] [LOG] [Fast Refresh] done in 47ms @ http://localhost:3000/_next/static/chunks/node_modules_next_dist_1e8vcs8._.js:776
[  291323ms] [LOG] [Fast Refresh] done in 47ms @ http://localhost:3000/_next/static/chunks/node_modules_next_dist_1e8vcs8._.js:776
[  291368ms] [LOG] [Fast Refresh] done in 47ms @ http://localhost:3000/_next/static/chunks/node_modules_next_dist_1e8vcs8._.js:776
[  291416ms] [LOG] [Fast Refresh] done in 47ms @ http://localhost:3000/_next/static/chunks/node_modules_next_dist_1e8vcs8._.js:776
[  291463ms] [LOG] [Fast Refresh] done in 47ms @ http://localhost:3000/_next/static/chunks/node_modules_next_dist_1e8vcs8._.js:776
[  291511ms] [LOG] [Fast Refresh] done in 47ms @ http://localhost:3000/_next/static/chunks/node_modules_next_dist_1e8vcs8._.js:776
[  291558ms] [LOG] [Fast Refresh] done in 47ms @ http://localhost:3000/_next/static/chunks/node_modules_next_dist_1e8vcs8._.js:776
[  291605ms] [LOG] [Fast Refresh] done in 47ms @ http://localhost:3000/_next/static/chunks/node_modules_next_dist_1e8vcs8._.js:776
[  291651ms] [LOG] [Fast Refresh] done in 47ms @ http://localhost:3000/_next/static/chunks/node_modules_next_dist_1e8vcs8._.js:776
[  291697ms] [LOG] [Fast Refresh] done in 47ms @ http://localhost:3000/_next/static/chunks/node_modules_next_dist_1e8vcs8._.js:776
[  291744ms] [LOG] [Fast Refresh] done in 47ms @ http://localhost:3000/_next/static/chunks/node_modules_next_dist_1e8vcs8._.js:776
[  291791ms] [LOG] [Fast Refresh] done in 47ms @ http://localhost:3000/_next/static/chunks/node_modules_next_dist_1e8vcs8._.js:776
[  291839ms] [LOG] [Fast Refresh] done in 47ms @ http://localhost:3000/_next/static/chunks/node_modules_next_dist_1e8vcs8._.js:776
[  291887ms] [LOG] [Fast Refresh] done in 47ms @ http://localhost:3000/_next/static/chunks/node_modules_next_dist_1e8vcs8._.js:776
[  291933ms] [LOG] [Fast Refresh] done in 47ms @ http://localhost:3000/_next/static/chunks/node_modules_next_dist_1e8vcs8._.js:776
[  291980ms] [LOG] [Fast Refresh] done in 47ms @ http://localhost:3000/_next/static/chunks/node_modules_next_dist_1e8vcs8._.js:776
[  292027ms] [LOG] [Fast Refresh] done in 47ms @ http://localhost:3000/_next/static/chunks/node_modules_next_dist_1e8vcs8._.js:776
[  292073ms] [LOG] [Fast Refresh] done in 47ms @ http://localhost:3000/_next/static/chunks/node_modules_next_dist_1e8vcs8._.js:776
[  292120ms] [LOG] [Fast Refresh] done in 47ms @ http://localhost:3000/_next/static/chunks/node_modules_next_dist_1e8vcs8._.js:776
[  292167ms] [LOG] [Fast Refresh] done in 47ms @ http://localhost:3000/_next/static/chunks/node_modules_next_dist_1e8vcs8._.js:776
[  292213ms] [LOG] [Fast Refresh] done in 47ms @ http://localhost:3000/_next/static/chunks/node_modules_next_dist_1e8vcs8._.js:776
[  292259ms] [LOG] [Fast Refresh] done in 47ms @ http://localhost:3000/_next/static/chunks/node_modules_next_dist_1e8vcs8._.js:776
[  292306ms] [LOG] [Fast Refresh] done in 47ms @ http://localhost:3000/_next/static/chunks/node_modules_next_dist_1e8vcs8._.js:776
[  292355ms] [LOG] [Fast Refresh] done in 47ms @ http://localhost:3000/_next/static/chunks/node_modules_next_dist_1e8vcs8._.js:776
[  292401ms] [LOG] [Fast Refresh] done in 47ms @ http://localhost:3000/_next/static/chunks/node_modules_next_dist_1e8vcs8._.js:776
[  292449ms] [LOG] [Fast Refresh] done in 47ms @ http://localhost:3000/_next/static/chunks/node_modules_next_dist_1e8vcs8._.js:776
[  292496ms] [LOG] [Fast Refresh] done in 47ms @ http://localhost:3000/_next/static/chunks/node_modules_next_dist_1e8vcs8._.js:776
[  292543ms] [LOG] [Fast Refresh] done in 47ms @ http://localhost:3000/_next/static/chunks/node_modules_next_dist_1e8vcs8._.js:776
[  292590ms] [LOG] [Fast Refresh] done in 47ms @ http://localhost:3000/_next/static/chunks/node_modules_next_dist_1e8vcs8._.js:776
[  292637ms] [LOG] [Fast Refresh] done in 47ms @ http://localhost:3000/_next/static/chunks/node_modules_next_dist_1e8vcs8._.js:776
[  292685ms] [LOG] [Fast Refresh] done in 47ms @ http://localhost:3000/_next/static/chunks/node_modules_next_dist_1e8vcs8._.js:776
[  292732ms] [LOG] [Fast Refresh] done in 47ms @ http://localhost:3000/_next/static/chunks/node_modules_next_dist_1e8vcs8._.js:776
[  292779ms] [LOG] [Fast Refresh] done in 47ms @ http://localhost:3000/_next/static/chunks/node_modules_next_dist_1e8vcs8._.js:776
[  292826ms] [LOG] [Fast Refresh] done in 47ms @ http://localhost:3000/_next/static/chunks/node_modules_next_dist_1e8vcs8._.js:776
[  292874ms] [LOG] [Fast Refresh] done in 47ms @ http://localhost:3000/_next/static/chunks/node_modules_next_dist_1e8vcs8._.js:776
[  292921ms] [LOG] [Fast Refresh] done in 47ms @ http://localhost:3000/_next/static/chunks/node_modules_next_dist_1e8vcs8._.js:776
[  292968ms] [LOG] [Fast Refresh] done in 47ms @ http://localhost:3000/_next/static/chunks/node_modules_next_dist_1e8vcs8._.js:776
[  293015ms] [LOG] [Fast Refresh] done in 47ms @ http://localhost:3000/_next/static/chunks/node_modules_next_dist_1e8vcs8._.js:776
[  293062ms] [LOG] [Fast Refresh] done in 47ms @ http://localhost:3000/_next/static/chunks/node_modules_next_dist_1e8vcs8._.js:776
[  293110ms] [LOG] [Fast Refresh] done in 47ms @ http://localhost:3000/_next/static/chunks/node_modules_next_dist_1e8vcs8._.js:776
[  293156ms] [LOG] [Fast Refresh] done in 47ms @ http://localhost:3000/_next/static/chunks/node_modules_next_dist_1e8vcs8._.js:776
[  293205ms] [LOG] [Fast Refresh] done in 47ms @ http://localhost:3000/_next/static/chunks/node_modules_next_dist_1e8vcs8._.js:776
[  293249ms] [LOG] [Fast Refresh] done in 47ms @ http://localhost:3000/_next/static/chunks/node_modules_next_dist_1e8vcs8._.js:776
[  293295ms] [LOG] [Fast Refresh] done in 47ms @ http://localhost:3000/_next/static/chunks/node_modules_next_dist_1e8vcs8._.js:776
[  293342ms] [LOG] [Fast Refresh] done in 47ms @ http://localhost:3000/_next/static/chunks/node_modules_next_dist_1e8vcs8._.js:776
[  293389ms] [LOG] [Fast Refresh] done in 47ms @ http://localhost:3000/_next/static/chunks/node_modules_next_dist_1e8vcs8._.js:776
[  293436ms] [LOG] [Fast Refresh] done in 47ms @ http://localhost:3000/_next/static/chunks/node_modules_next_dist_1e8vcs8._.js:776
[  293483ms] [LOG] [Fast Refresh] done in 47ms @ http://localhost:3000/_next/static/chunks/node_modules_next_dist_1e8vcs8._.js:776
[  293531ms] [LOG] [Fast Refresh] done in 47ms @ http://localhost:3000/_next/static/chunks/node_modules_next_dist_1e8vcs8._.js:776
[  293578ms] [LOG] [Fast Refresh] done in 47ms @ http://localhost:3000/_next/static/chunks/node_modules_next_dist_1e8vcs8._.js:776
[  293625ms] [LOG] [Fast Refresh] done in 47ms @ http://localhost:3000/_next/static/chunks/node_modules_next_dist_1e8vcs8._.js:776
[  293673ms] [LOG] [Fast Refresh] done in 47ms @ http://localhost:3000/_next/static/chunks/node_modules_next_dist_1e8vcs8._.js:776
[  293721ms] [LOG] [Fast Refresh] done in 47ms @ http://localhost:3000/_next/static/chunks/node_modules_next_dist_1e8vcs8._.js:776
[  293768ms] [LOG] [Fast Refresh] done in 47ms @ http://localhost:3000/_next/static/chunks/node_modules_next_dist_1e8vcs8._.js:776
[  293816ms] [LOG] [Fast Refresh] done in 47ms @ http://localhost:3000/_next/static/chunks/node_modules_next_dist_1e8vcs8._.js:776
[  293863ms] [LOG] [Fast Refresh] done in 47ms @ http://localhost:3000/_next/static/chunks/node_modules_next_dist_1e8vcs8._.js:776
[  293910ms] [LOG] [Fast Refresh] done in 47ms @ http://localhost:3000/_next/static/chunks/node_modules_next_dist_1e8vcs8._.js:776
[  293959ms] [LOG] [Fast Refresh] done in 47ms @ http://localhost:3000/_next/static/chunks/node_modules_next_dist_1e8vcs8._.js:776
[  294006ms] [LOG] [Fast Refresh] done in 47ms @ http://localhost:3000/_next/static/chunks/node_modules_next_dist_1e8vcs8._.js:776
[  294050ms] [LOG] [Fast Refresh] done in 47ms @ http://localhost:3000/_next/static/chunks/node_modules_next_dist_1e8vcs8._.js:776
[  294097ms] [LOG] [Fast Refresh] done in 47ms @ http://localhost:3000/_next/static/chunks/node_modules_next_dist_1e8vcs8._.js:776
[  294144ms] [LOG] [Fast Refresh] done in 47ms @ http://localhost:3000/_next/static/chunks/node_modules_next_dist_1e8vcs8._.js:776
[  294191ms] [LOG] [Fast Refresh] done in 47ms @ http://localhost:3000/_next/static/chunks/node_modules_next_dist_1e8vcs8._.js:776
[  294238ms] [LOG] [Fast Refresh] done in 47ms @ http://localhost:3000/_next/static/chunks/node_modules_next_dist_1e8vcs8._.js:776
[  294285ms] [LOG] [Fast Refresh] done in 47ms @ http://localhost:3000/_next/static/chunks/node_modules_next_dist_1e8vcs8._.js:776
[  294331ms] [LOG] [Fast Refresh] done in 47ms @ http://localhost:3000/_next/static/chunks/node_modules_next_dist_1e8vcs8._.js:776
[  294378ms] [LOG] [Fast Refresh] done in 47ms @ http://localhost:3000/_next/static/chunks/node_modules_next_dist_1e8vcs8._.js:776
[  294419ms] [LOG] [Fast Refresh] done in 47ms @ http://localhost:3000/_next/static/chunks/node_modules_next_dist_1e8vcs8._.js:776
[  294467ms] [LOG] [Fast Refresh] done in 47ms @ http://localhost:3000/_next/static/chunks/node_modules_next_dist_1e8vcs8._.js:776
[  294513ms] [LOG] [Fast Refresh] done in 47ms @ http://localhost:3000/_next/static/chunks/node_modules_next_dist_1e8vcs8._.js:776
[  294561ms] [LOG] [Fast Refresh] done in 47ms @ http://localhost:3000/_next/static/chunks/node_modules_next_dist_1e8vcs8._.js:776
[  294609ms] [LOG] [Fast Refresh] done in 47ms @ http://localhost:3000/_next/static/chunks/node_modules_next_dist_1e8vcs8._.js:776
[  294656ms] [LOG] [Fast Refresh] done in 47ms @ http://localhost:3000/_next/static/chunks/node_modules_next_dist_1e8vcs8._.js:776
[  294703ms] [LOG] [Fast Refresh] done in 47ms @ http://localhost:3000/_next/static/chunks/node_modules_next_dist_1e8vcs8._.js:776
[  294750ms] [LOG] [Fast Refresh] done in 47ms @ http://localhost:3000/_next/static/chunks/node_modules_next_dist_1e8vcs8._.js:776
[  294798ms] [LOG] [Fast Refresh] done in 47ms @ http://localhost:3000/_next/static/chunks/node_modules_next_dist_1e8vcs8._.js:776
[  294845ms] [LOG] [Fast Refresh] done in 47ms @ http://localhost:3000/_next/static/chunks/node_modules_next_dist_1e8vcs8._.js:776
[  294892ms] [LOG] [Fast Refresh] done in 47ms @ http://localhost:3000/_next/static/chunks/node_modules_next_dist_1e8vcs8._.js:776
[  294940ms] [LOG] [Fast Refresh] done in 47ms @ http://localhost:3000/_next/static/chunks/node_modules_next_dist_1e8vcs8._.js:776
[  294988ms] [LOG] [Fast Refresh] done in 47ms @ http://localhost:3000/_next/static/chunks/node_modules_next_dist_1e8vcs8._.js:776
[  295035ms] [LOG] [Fast Refresh] done in 47ms @ http://localhost:3000/_next/static/chunks/node_modules_next_dist_1e8vcs8._.js:776
[  295082ms] [LOG] [Fast Refresh] done in 47ms @ http://localhost:3000/_next/static/chunks/node_modules_next_dist_1e8vcs8._.js:776
[  295129ms] [LOG] [Fast Refresh] done in 47ms @ http://localhost:3000/_next/static/chunks/node_modules_next_dist_1e8vcs8._.js:776
[  295176ms] [LOG] [Fast Refresh] done in 47ms @ http://localhost:3000/_next/static/chunks/node_modules_next_dist_1e8vcs8._.js:776
[  295225ms] [LOG] [Fast Refresh] done in 47ms @ http://localhost:3000/_next/static/chunks/node_modules_next_dist_1e8vcs8._.js:776
[  295273ms] [LOG] [Fast Refresh] done in 47ms @ http://localhost:3000/_next/static/chunks/node_modules_next_dist_1e8vcs8._.js:776
[  295320ms] [LOG] [Fast Refresh] done in 47ms @ http://localhost:3000/_next/static/chunks/node_modules_next_dist_1e8vcs8._.js:776
[  295367ms] [LOG] [Fast Refresh] done in 47ms @ http://localhost:3000/_next/static/chunks/node_modules_next_dist_1e8vcs8._.js:776
[  295414ms] [LOG] [Fast Refresh] done in 47ms @ http://localhost:3000/_next/static/chunks/node_modules_next_dist_1e8vcs8._.js:776
[  295461ms] [LOG] [Fast Refresh] done in 47ms @ http://localhost:3000/_next/static/chunks/node_modules_next_dist_1e8vcs8._.js:776
[  295509ms] [LOG] [Fast Refresh] done in 47ms @ http://localhost:3000/_next/static/chunks/node_modules_next_dist_1e8vcs8._.js:776
[  295556ms] [LOG] [Fast Refresh] done in 47ms @ http://localhost:3000/_next/static/chunks/node_modules_next_dist_1e8vcs8._.js:776
[  295604ms] [LOG] [Fast Refresh] done in 47ms @ http://localhost:3000/_next/static/chunks/node_modules_next_dist_1e8vcs8._.js:776
[  295651ms] [LOG] [Fast Refresh] done in 47ms @ http://localhost:3000/_next/static/chunks/node_modules_next_dist_1e8vcs8._.js:776
[  295698ms] [LOG] [Fast Refresh] done in 47ms @ http://localhost:3000/_next/static/chunks/node_modules_next_dist_1e8vcs8._.js:776
[  295746ms] [LOG] [Fast Refresh] done in 47ms @ http://localhost:3000/_next/static/chunks/node_modules_next_dist_1e8vcs8._.js:776
[  295792ms] [LOG] [Fast Refresh] done in 47ms @ http://localhost:3000/_next/static/chunks/node_modules_next_dist_1e8vcs8._.js:776
[  295838ms] [LOG] [Fast Refresh] done in 47ms @ http://localhost:3000/_next/static/chunks/node_modules_next_dist_1e8vcs8._.js:776
[  295886ms] [LOG] [Fast Refresh] done in 47ms @ http://localhost:3000/_next/static/chunks/node_modules_next_dist_1e8vcs8._.js:776
[  295927ms] [LOG] [Fast Refresh] done in 47ms @ http://localhost:3000/_next/static/chunks/node_modules_next_dist_1e8vcs8._.js:776
[  295972ms] [LOG] [Fast Refresh] done in 47ms @ http://localhost:3000/_next/static/chunks/node_modules_next_dist_1e8vcs8._.js:776
[  296020ms] [LOG] [Fast Refresh] done in 47ms @ http://localhost:3000/_next/static/chunks/node_modules_next_dist_1e8vcs8._.js:776
[  296068ms] [LOG] [Fast Refresh] done in 47ms @ http://localhost:3000/_next/static/chunks/node_modules_next_dist_1e8vcs8._.js:776
[  296114ms] [LOG] [Fast Refresh] done in 47ms @ http://localhost:3000/_next/static/chunks/node_modules_next_dist_1e8vcs8._.js:776
[  296162ms] [LOG] [Fast Refresh] done in 47ms @ http://localhost:3000/_next/static/chunks/node_modules_next_dist_1e8vcs8._.js:776
[  296206ms] [LOG] [Fast Refresh] done in 47ms @ http://localhost:3000/_next/static/chunks/node_modules_next_dist_1e8vcs8._.js:776
[  296253ms] [LOG] [Fast Refresh] done in 47ms @ http://localhost:3000/_next/static/chunks/node_modules_next_dist_1e8vcs8._.js:776
[  296300ms] [LOG] [Fast Refresh] done in 47ms @ http://localhost:3000/_next/static/chunks/node_modules_next_dist_1e8vcs8._.js:776
[  296348ms] [LOG] [Fast Refresh] done in 47ms @ http://localhost:3000/_next/static/chunks/node_modules_next_dist_1e8vcs8._.js:776
[  296395ms] [LOG] [Fast Refresh] done in 47ms @ http://localhost:3000/_next/static/chunks/node_modules_next_dist_1e8vcs8._.js:776
[  296442ms] [LOG] [Fast Refresh] done in 47ms @ http://localhost:3000/_next/static/chunks/node_modules_next_dist_1e8vcs8._.js:776
[  296489ms] [LOG] [Fast Refresh] done in 47ms @ http://localhost:3000/_next/static/chunks/node_modules_next_dist_1e8vcs8._.js:776
[  296528ms] [LOG] [Fast Refresh] done in 47ms @ http://localhost:3000/_next/static/chunks/node_modules_next_dist_1e8vcs8._.js:776
[  296572ms] [LOG] [Fast Refresh] done in 47ms @ http://localhost:3000/_next/static/chunks/node_modules_next_dist_1e8vcs8._.js:776
[  296619ms] [LOG] [Fast Refresh] done in 47ms @ http://localhost:3000/_next/static/chunks/node_modules_next_dist_1e8vcs8._.js:776
[  296666ms] [LOG] [Fast Refresh] done in 47ms @ http://localhost:3000/_next/static/chunks/node_modules_next_dist_1e8vcs8._.js:776
[  296714ms] [LOG] [Fast Refresh] done in 47ms @ http://localhost:3000/_next/static/chunks/node_modules_next_dist_1e8vcs8._.js:776
[  296761ms] [LOG] [Fast Refresh] done in 47ms @ http://localhost:3000/_next/static/chunks/node_modules_next_dist_1e8vcs8._.js:776
[  296809ms] [LOG] [Fast Refresh] done in 47ms @ http://localhost:3000/_next/static/chunks/node_modules_next_dist_1e8vcs8._.js:776
[  296857ms] [LOG] [Fast Refresh] done in 47ms @ http://localhost:3000/_next/static/chunks/node_modules_next_dist_1e8vcs8._.js:776
[  296906ms] [LOG] [Fast Refresh] done in 47ms @ http://localhost:3000/_next/static/chunks/node_modules_next_dist_1e8vcs8._.js:776
[  296953ms] [LOG] [Fast Refresh] done in 47ms @ http://localhost:3000/_next/static/chunks/node_modules_next_dist_1e8vcs8._.js:776
[  296999ms] [LOG] [Fast Refresh] done in 47ms @ http://localhost:3000/_next/static/chunks/node_modules_next_dist_1e8vcs8._.js:776
[  297047ms] [LOG] [Fast Refresh] done in 47ms @ http://localhost:3000/_next/static/chunks/node_modules_next_dist_1e8vcs8._.js:776
[  297093ms] [LOG] [Fast Refresh] done in 47ms @ http://localhost:3000/_next/static/chunks/node_modules_next_dist_1e8vcs8._.js:776
[  297140ms] [LOG] [Fast Refresh] done in 47ms @ http://localhost:3000/_next/static/chunks/node_modules_next_dist_1e8vcs8._.js:776
[  297186ms] [LOG] [Fast Refresh] done in 47ms @ http://localhost:3000/_next/static/chunks/node_modules_next_dist_1e8vcs8._.js:776
[  297234ms] [LOG] [Fast Refresh] done in 47ms @ http://localhost:3000/_next/static/chunks/node_modules_next_dist_1e8vcs8._.js:776
[  297281ms] [LOG] [Fast Refresh] done in 47ms @ http://localhost:3000/_next/static/chunks/node_modules_next_dist_1e8vcs8._.js:776
[  297328ms] [LOG] [Fast Refresh] done in 47ms @ http://localhost:3000/_next/static/chunks/node_modules_next_dist_1e8vcs8._.js:776
[  297376ms] [LOG] [Fast Refresh] done in 47ms @ http://localhost:3000/_next/static/chunks/node_modules_next_dist_1e8vcs8._.js:776
[  297423ms] [LOG] [Fast Refresh] done in 47ms @ http://localhost:3000/_next/static/chunks/node_modules_next_dist_1e8vcs8._.js:776
[  297467ms] [LOG] [Fast Refresh] done in 47ms @ http://localhost:3000/_next/static/chunks/node_modules_next_dist_1e8vcs8._.js:776
[  297514ms] [LOG] [Fast Refresh] done in 47ms @ http://localhost:3000/_next/static/chunks/node_modules_next_dist_1e8vcs8._.js:776
[  297561ms] [LOG] [Fast Refresh] done in 47ms @ http://localhost:3000/_next/static/chunks/node_modules_next_dist_1e8vcs8._.js:776
[  297607ms] [LOG] [Fast Refresh] done in 47ms @ http://localhost:3000/_next/static/chunks/node_modules_next_dist_1e8vcs8._.js:776
[  297654ms] [LOG] [Fast Refresh] done in 47ms @ http://localhost:3000/_next/static/chunks/node_modules_next_dist_1e8vcs8._.js:776
[  297701ms] [LOG] [Fast Refresh] done in 47ms @ http://localhost:3000/_next/static/chunks/node_modules_next_dist_1e8vcs8._.js:776
[  297748ms] [LOG] [Fast Refresh] done in 47ms @ http://localhost:3000/_next/static/chunks/node_modules_next_dist_1e8vcs8._.js:776
[  297795ms] [LOG] [Fast Refresh] done in 47ms @ http://localhost:3000/_next/static/chunks/node_modules_next_dist_1e8vcs8._.js:776
[  297841ms] [LOG] [Fast Refresh] done in 47ms @ http://localhost:3000/_next/static/chunks/node_modules_next_dist_1e8vcs8._.js:776
[  297889ms] [LOG] [Fast Refresh] done in 47ms @ http://localhost:3000/_next/static/chunks/node_modules_next_dist_1e8vcs8._.js:776
[  297943ms] [LOG] [Fast Refresh] done in 47ms @ http://localhost:3000/_next/static/chunks/node_modules_next_dist_1e8vcs8._.js:776
[  297993ms] [LOG] [Fast Refresh] done in 47ms @ http://localhost:3000/_next/static/chunks/node_modules_next_dist_1e8vcs8._.js:776
[  298042ms] [LOG] [Fast Refresh] done in 47ms @ http://localhost:3000/_next/static/chunks/node_modules_next_dist_1e8vcs8._.js:776
[  298092ms] [LOG] [Fast Refresh] done in 47ms @ http://localhost:3000/_next/static/chunks/node_modules_next_dist_1e8vcs8._.js:776
[  298140ms] [LOG] [Fast Refresh] done in 47ms @ http://localhost:3000/_next/static/chunks/node_modules_next_dist_1e8vcs8._.js:776
[  298187ms] [LOG] [Fast Refresh] done in 47ms @ http://localhost:3000/_next/static/chunks/node_modules_next_dist_1e8vcs8._.js:776
[  298235ms] [LOG] [Fast Refresh] done in 47ms @ http://localhost:3000/_next/static/chunks/node_modules_next_dist_1e8vcs8._.js:776
[  298281ms] [LOG] [Fast Refresh] done in 47ms @ http://localhost:3000/_next/static/chunks/node_modules_next_dist_1e8vcs8._.js:776
[  298329ms] [LOG] [Fast Refresh] done in 47ms @ http://localhost:3000/_next/static/chunks/node_modules_next_dist_1e8vcs8._.js:776
[  298375ms] [LOG] [Fast Refresh] done in 47ms @ http://localhost:3000/_next/static/chunks/node_modules_next_dist_1e8vcs8._.js:776
[  298423ms] [LOG] [Fast Refresh] done in 47ms @ http://localhost:3000/_next/static/chunks/node_modules_next_dist_1e8vcs8._.js:776
[  298473ms] [LOG] [Fast Refresh] done in 47ms @ http://localhost:3000/_next/static/chunks/node_modules_next_dist_1e8vcs8._.js:776
[  298520ms] [LOG] [Fast Refresh] done in 47ms @ http://localhost:3000/_next/static/chunks/node_modules_next_dist_1e8vcs8._.js:776
[  298567ms] [LOG] [Fast Refresh] done in 47ms @ http://localhost:3000/_next/static/chunks/node_modules_next_dist_1e8vcs8._.js:776
[  298614ms] [LOG] [Fast Refresh] done in 47ms @ http://localhost:3000/_next/static/chunks/node_modules_next_dist_1e8vcs8._.js:776
[  298661ms] [LOG] [Fast Refresh] done in 47ms @ http://localhost:3000/_next/static/chunks/node_modules_next_dist_1e8vcs8._.js:776
[  298709ms] [LOG] [Fast Refresh] done in 47ms @ http://localhost:3000/_next/static/chunks/node_modules_next_dist_1e8vcs8._.js:776
[  298756ms] [LOG] [Fast Refresh] done in 47ms @ http://localhost:3000/_next/static/chunks/node_modules_next_dist_1e8vcs8._.js:776
[  298802ms] [LOG] [Fast Refresh] done in 47ms @ http://localhost:3000/_next/static/chunks/node_modules_next_dist_1e8vcs8._.js:776
[  298850ms] [LOG] [Fast Refresh] done in 47ms @ http://localhost:3000/_next/static/chunks/node_modules_next_dist_1e8vcs8._.js:776
[  298898ms] [LOG] [Fast Refresh] done in 47ms @ http://localhost:3000/_next/static/chunks/node_modules_next_dist_1e8vcs8._.js:776
[  298946ms] [LOG] [Fast Refresh] done in 47ms @ http://localhost:3000/_next/static/chunks/node_modules_next_dist_1e8vcs8._.js:776
[  298992ms] [LOG] [Fast Refresh] done in 47ms @ http://localhost:3000/_next/static/chunks/node_modules_next_dist_1e8vcs8._.js:776
[  299039ms] [LOG] [Fast Refresh] done in 47ms @ http://localhost:3000/_next/static/chunks/node_modules_next_dist_1e8vcs8._.js:776
[  299086ms] [LOG] [Fast Refresh] done in 47ms @ http://localhost:3000/_next/static/chunks/node_modules_next_dist_1e8vcs8._.js:776
[  299134ms] [LOG] [Fast Refresh] done in 47ms @ http://localhost:3000/_next/static/chunks/node_modules_next_dist_1e8vcs8._.js:776
[  299181ms] [LOG] [Fast Refresh] done in 47ms @ http://localhost:3000/_next/static/chunks/node_modules_next_dist_1e8vcs8._.js:776
[  299228ms] [LOG] [Fast Refresh] done in 47ms @ http://localhost:3000/_next/static/chunks/node_modules_next_dist_1e8vcs8._.js:776
[  299275ms] [LOG] [Fast Refresh] done in 47ms @ http://localhost:3000/_next/static/chunks/node_modules_next_dist_1e8vcs8._.js:776
[  299322ms] [LOG] [Fast Refresh] done in 47ms @ http://localhost:3000/_next/static/chunks/node_modules_next_dist_1e8vcs8._.js:776
[  299370ms] [LOG] [Fast Refresh] done in 47ms @ http://localhost:3000/_next/static/chunks/node_modules_next_dist_1e8vcs8._.js:776
[  299416ms] [LOG] [Fast Refresh] done in 47ms @ http://localhost:3000/_next/static/chunks/node_modules_next_dist_1e8vcs8._.js:776
[  299464ms] [LOG] [Fast Refresh] done in 47ms @ http://localhost:3000/_next/static/chunks/node_modules_next_dist_1e8vcs8._.js:776
[  299512ms] [LOG] [Fast Refresh] done in 47ms @ http://localhost:3000/_next/static/chunks/node_modules_next_dist_1e8vcs8._.js:776
[  299560ms] [LOG] [Fast Refresh] done in 47ms @ http://localhost:3000/_next/static/chunks/node_modules_next_dist_1e8vcs8._.js:776
[  299607ms] [LOG] [Fast Refresh] done in 47ms @ http://localhost:3000/_next/static/chunks/node_modules_next_dist_1e8vcs8._.js:776
[  299655ms] [LOG] [Fast Refresh] done in 47ms @ http://localhost:3000/_next/static/chunks/node_modules_next_dist_1e8vcs8._.js:776
[  299701ms] [LOG] [Fast Refresh] done in 47ms @ http://localhost:3000/_next/static/chunks/node_modules_next_dist_1e8vcs8._.js:776
[  299747ms] [LOG] [Fast Refresh] done in 47ms @ http://localhost:3000/_next/static/chunks/node_modules_next_dist_1e8vcs8._.js:776
[  299794ms] [LOG] [Fast Refresh] done in 47ms @ http://localhost:3000/_next/static/chunks/node_modules_next_dist_1e8vcs8._.js:776
[  299842ms] [LOG] [Fast Refresh] done in 47ms @ http://localhost:3000/_next/static/chunks/node_modules_next_dist_1e8vcs8._.js:776
[  299889ms] [LOG] [Fast Refresh] done in 47ms @ http://localhost:3000/_next/static/chunks/node_modules_next_dist_1e8vcs8._.js:776
[  299936ms] [LOG] [Fast Refresh] done in 47ms @ http://localhost:3000/_next/static/chunks/node_modules_next_dist_1e8vcs8._.js:776
[  299983ms] [LOG] [Fast Refresh] done in 47ms @ http://localhost:3000/_next/static/chunks/node_modules_next_dist_1e8vcs8._.js:776
[  300030ms] [LOG] [Fast Refresh] done in 47ms @ http://localhost:3000/_next/static/chunks/node_modules_next_dist_1e8vcs8._.js:776
[  300076ms] [LOG] [Fast Refresh] done in 47ms @ http://localhost:3000/_next/static/chunks/node_modules_next_dist_1e8vcs8._.js:776
[  300123ms] [LOG] [Fast Refresh] done in 47ms @ http://localhost:3000/_next/static/chunks/node_modules_next_dist_1e8vcs8._.js:776
[  300169ms] [LOG] [Fast Refresh] done in 47ms @ http://localhost:3000/_next/static/chunks/node_modules_next_dist_1e8vcs8._.js:776
[  300216ms] [LOG] [Fast Refresh] done in 47ms @ http://localhost:3000/_next/static/chunks/node_modules_next_dist_1e8vcs8._.js:776
[  300263ms] [LOG] [Fast Refresh] done in 47ms @ http://localhost:3000/_next/static/chunks/node_modules_next_dist_1e8vcs8._.js:776
[  300310ms] [LOG] [Fast Refresh] done in 47ms @ http://localhost:3000/_next/static/chunks/node_modules_next_dist_1e8vcs8._.js:776
[  300357ms] [LOG] [Fast Refresh] done in 47ms @ http://localhost:3000/_next/static/chunks/node_modules_next_dist_1e8vcs8._.js:776
[  300405ms] [LOG] [Fast Refresh] done in 47ms @ http://localhost:3000/_next/static/chunks/node_modules_next_dist_1e8vcs8._.js:776
[  300452ms] [LOG] [Fast Refresh] done in 47ms @ http://localhost:3000/_next/static/chunks/node_modules_next_dist_1e8vcs8._.js:776
[  300500ms] [LOG] [Fast Refresh] done in 47ms @ http://localhost:3000/_next/static/chunks/node_modules_next_dist_1e8vcs8._.js:776
[  300548ms] [LOG] [Fast Refresh] done in 47ms @ http://localhost:3000/_next/static/chunks/node_modules_next_dist_1e8vcs8._.js:776
[  300593ms] [LOG] [Fast Refresh] done in 47ms @ http://localhost:3000/_next/static/chunks/node_modules_next_dist_1e8vcs8._.js:776
[  300640ms] [LOG] [Fast Refresh] done in 47ms @ http://localhost:3000/_next/static/chunks/node_modules_next_dist_1e8vcs8._.js:776
[  300687ms] [LOG] [Fast Refresh] done in 47ms @ http://localhost:3000/_next/static/chunks/node_modules_next_dist_1e8vcs8._.js:776
[  300734ms] [LOG] [Fast Refresh] done in 47ms @ http://localhost:3000/_next/static/chunks/node_modules_next_dist_1e8vcs8._.js:776
[  300781ms] [LOG] [Fast Refresh] done in 47ms @ http://localhost:3000/_next/static/chunks/node_modules_next_dist_1e8vcs8._.js:776
[  300828ms] [LOG] [Fast Refresh] done in 47ms @ http://localhost:3000/_next/static/chunks/node_modules_next_dist_1e8vcs8._.js:776
[  300875ms] [LOG] [Fast Refresh] done in 47ms @ http://localhost:3000/_next/static/chunks/node_modules_next_dist_1e8vcs8._.js:776
[  300922ms] [LOG] [Fast Refresh] done in 47ms @ http://localhost:3000/_next/static/chunks/node_modules_next_dist_1e8vcs8._.js:776
[  300970ms] [LOG] [Fast Refresh] done in 47ms @ http://localhost:3000/_next/static/chunks/node_modules_next_dist_1e8vcs8._.js:776
[  301018ms] [LOG] [Fast Refresh] done in 47ms @ http://localhost:3000/_next/static/chunks/node_modules_next_dist_1e8vcs8._.js:776
[  301064ms] [LOG] [Fast Refresh] done in 47ms @ http://localhost:3000/_next/static/chunks/node_modules_next_dist_1e8vcs8._.js:776
[  301111ms] [LOG] [Fast Refresh] done in 47ms @ http://localhost:3000/_next/static/chunks/node_modules_next_dist_1e8vcs8._.js:776
[  301160ms] [LOG] [Fast Refresh] done in 47ms @ http://localhost:3000/_next/static/chunks/node_modules_next_dist_1e8vcs8._.js:776
[  301209ms] [LOG] [Fast Refresh] done in 47ms @ http://localhost:3000/_next/static/chunks/node_modules_next_dist_1e8vcs8._.js:776
[  301256ms] [LOG] [Fast Refresh] done in 47ms @ http://localhost:3000/_next/static/chunks/node_modules_next_dist_1e8vcs8._.js:776
[  301303ms] [LOG] [Fast Refresh] done in 47ms @ http://localhost:3000/_next/static/chunks/node_modules_next_dist_1e8vcs8._.js:776
[  301350ms] [LOG] [Fast Refresh] done in 47ms @ http://localhost:3000/_next/static/chunks/node_modules_next_dist_1e8vcs8._.js:776
[  301397ms] [LOG] [Fast Refresh] done in 47ms @ http://localhost:3000/_next/static/chunks/node_modules_next_dist_1e8vcs8._.js:776
[  301444ms] [LOG] [Fast Refresh] done in 47ms @ http://localhost:3000/_next/static/chunks/node_modules_next_dist_1e8vcs8._.js:776
[  301491ms] [LOG] [Fast Refresh] done in 47ms @ http://localhost:3000/_next/static/chunks/node_modules_next_dist_1e8vcs8._.js:776
[  301539ms] [LOG] [Fast Refresh] done in 47ms @ http://localhost:3000/_next/static/chunks/node_modules_next_dist_1e8vcs8._.js:776
[  301585ms] [LOG] [Fast Refresh] done in 47ms @ http://localhost:3000/_next/static/chunks/node_modules_next_dist_1e8vcs8._.js:776
[  301633ms] [LOG] [Fast Refresh] done in 47ms @ http://localhost:3000/_next/static/chunks/node_modules_next_dist_1e8vcs8._.js:776
[  301679ms] [LOG] [Fast Refresh] done in 47ms @ http://localhost:3000/_next/static/chunks/node_modules_next_dist_1e8vcs8._.js:776
[  301726ms] [LOG] [Fast Refresh] done in 47ms @ http://localhost:3000/_next/static/chunks/node_modules_next_dist_1e8vcs8._.js:776
[  301774ms] [LOG] [Fast Refresh] done in 47ms @ http://localhost:3000/_next/static/chunks/node_modules_next_dist_1e8vcs8._.js:776
[  301822ms] [LOG] [Fast Refresh] done in 47ms @ http://localhost:3000/_next/static/chunks/node_modules_next_dist_1e8vcs8._.js:776
[  301869ms] [LOG] [Fast Refresh] done in 47ms @ http://localhost:3000/_next/static/chunks/node_modules_next_dist_1e8vcs8._.js:776
[  301916ms] [LOG] [Fast Refresh] done in 47ms @ http://localhost:3000/_next/static/chunks/node_modules_next_dist_1e8vcs8._.js:776
[  301963ms] [LOG] [Fast Refresh] done in 47ms @ http://localhost:3000/_next/static/chunks/node_modules_next_dist_1e8vcs8._.js:776
[  302010ms] [LOG] [Fast Refresh] done in 47ms @ http://localhost:3000/_next/static/chunks/node_modules_next_dist_1e8vcs8._.js:776
[  302056ms] [LOG] [Fast Refresh] done in 47ms @ http://localhost:3000/_next/static/chunks/node_modules_next_dist_1e8vcs8._.js:776
[  302104ms] [LOG] [Fast Refresh] done in 47ms @ http://localhost:3000/_next/static/chunks/node_modules_next_dist_1e8vcs8._.js:776
[  302151ms] [LOG] [Fast Refresh] done in 47ms @ http://localhost:3000/_next/static/chunks/node_modules_next_dist_1e8vcs8._.js:776
[  302198ms] [LOG] [Fast Refresh] done in 47ms @ http://localhost:3000/_next/static/chunks/node_modules_next_dist_1e8vcs8._.js:776
[  302245ms] [LOG] [Fast Refresh] done in 47ms @ http://localhost:3000/_next/static/chunks/node_modules_next_dist_1e8vcs8._.js:776
[  302284ms] [LOG] [Fast Refresh] done in 47ms @ http://localhost:3000/_next/static/chunks/node_modules_next_dist_1e8vcs8._.js:776
[  302331ms] [LOG] [Fast Refresh] done in 47ms @ http://localhost:3000/_next/static/chunks/node_modules_next_dist_1e8vcs8._.js:776
[  302378ms] [LOG] [Fast Refresh] done in 47ms @ http://localhost:3000/_next/static/chunks/node_modules_next_dist_1e8vcs8._.js:776
[  302425ms] [LOG] [Fast Refresh] done in 47ms @ http://localhost:3000/_next/static/chunks/node_modules_next_dist_1e8vcs8._.js:776
[  302473ms] [LOG] [Fast Refresh] done in 47ms @ http://localhost:3000/_next/static/chunks/node_modules_next_dist_1e8vcs8._.js:776
[  302519ms] [LOG] [Fast Refresh] done in 47ms @ http://localhost:3000/_next/static/chunks/node_modules_next_dist_1e8vcs8._.js:776
[  302567ms] [LOG] [Fast Refresh] done in 47ms @ http://localhost:3000/_next/static/chunks/node_modules_next_dist_1e8vcs8._.js:776
[  302614ms] [LOG] [Fast Refresh] done in 47ms @ http://localhost:3000/_next/static/chunks/node_modules_next_dist_1e8vcs8._.js:776
[  302660ms] [LOG] [Fast Refresh] done in 47ms @ http://localhost:3000/_next/static/chunks/node_modules_next_dist_1e8vcs8._.js:776
[  302708ms] [LOG] [Fast Refresh] done in 47ms @ http://localhost:3000/_next/static/chunks/node_modules_next_dist_1e8vcs8._.js:776
[  302756ms] [LOG] [Fast Refresh] done in 47ms @ http://localhost:3000/_next/static/chunks/node_modules_next_dist_1e8vcs8._.js:776
[  302803ms] [LOG] [Fast Refresh] done in 47ms @ http://localhost:3000/_next/static/chunks/node_modules_next_dist_1e8vcs8._.js:776
[  302851ms] [LOG] [Fast Refresh] done in 47ms @ http://localhost:3000/_next/static/chunks/node_modules_next_dist_1e8vcs8._.js:776
[  302897ms] [LOG] [Fast Refresh] done in 47ms @ http://localhost:3000/_next/static/chunks/node_modules_next_dist_1e8vcs8._.js:776
[  302943ms] [LOG] [Fast Refresh] done in 47ms @ http://localhost:3000/_next/static/chunks/node_modules_next_dist_1e8vcs8._.js:776
[  302989ms] [LOG] [Fast Refresh] done in 47ms @ http://localhost:3000/_next/static/chunks/node_modules_next_dist_1e8vcs8._.js:776
[  303036ms] [LOG] [Fast Refresh] done in 47ms @ http://localhost:3000/_next/static/chunks/node_modules_next_dist_1e8vcs8._.js:776
[  303083ms] [LOG] [Fast Refresh] done in 47ms @ http://localhost:3000/_next/static/chunks/node_modules_next_dist_1e8vcs8._.js:776
[  303130ms] [LOG] [Fast Refresh] done in 47ms @ http://localhost:3000/_next/static/chunks/node_modules_next_dist_1e8vcs8._.js:776
[  303176ms] [LOG] [Fast Refresh] done in 47ms @ http://localhost:3000/_next/static/chunks/node_modules_next_dist_1e8vcs8._.js:776
[  303222ms] [LOG] [Fast Refresh] done in 47ms @ http://localhost:3000/_next/static/chunks/node_modules_next_dist_1e8vcs8._.js:776
[  303269ms] [LOG] [Fast Refresh] done in 47ms @ http://localhost:3000/_next/static/chunks/node_modules_next_dist_1e8vcs8._.js:776
[  303316ms] [LOG] [Fast Refresh] done in 47ms @ http://localhost:3000/_next/static/chunks/node_modules_next_dist_1e8vcs8._.js:776
[  303363ms] [LOG] [Fast Refresh] done in 47ms @ http://localhost:3000/_next/static/chunks/node_modules_next_dist_1e8vcs8._.js:776
[  303409ms] [LOG] [Fast Refresh] done in 47ms @ http://localhost:3000/_next/static/chunks/node_modules_next_dist_1e8vcs8._.js:776
[  303456ms] [LOG] [Fast Refresh] done in 47ms @ http://localhost:3000/_next/static/chunks/node_modules_next_dist_1e8vcs8._.js:776
[  303502ms] [LOG] [Fast Refresh] done in 47ms @ http://localhost:3000/_next/static/chunks/node_modules_next_dist_1e8vcs8._.js:776
[  303549ms] [LOG] [Fast Refresh] done in 47ms @ http://localhost:3000/_next/static/chunks/node_modules_next_dist_1e8vcs8._.js:776
[  303596ms] [LOG] [Fast Refresh] done in 47ms @ http://localhost:3000/_next/static/chunks/node_modules_next_dist_1e8vcs8._.js:776
[  303642ms] [LOG] [Fast Refresh] done in 47ms @ http://localhost:3000/_next/static/chunks/node_modules_next_dist_1e8vcs8._.js:776
[  303689ms] [LOG] [Fast Refresh] done in 47ms @ http://localhost:3000/_next/static/chunks/node_modules_next_dist_1e8vcs8._.js:776
[  303735ms] [LOG] [Fast Refresh] done in 47ms @ http://localhost:3000/_next/static/chunks/node_modules_next_dist_1e8vcs8._.js:776
[  303783ms] [LOG] [Fast Refresh] done in 47ms @ http://localhost:3000/_next/static/chunks/node_modules_next_dist_1e8vcs8._.js:776
[  303852ms] [LOG] [Fast Refresh] done in 47ms @ http://localhost:3000/_next/static/chunks/node_modules_next_dist_1e8vcs8._.js:776
[  303900ms] [LOG] [Fast Refresh] done in 47ms @ http://localhost:3000/_next/static/chunks/node_modules_next_dist_1e8vcs8._.js:776
[  303948ms] [LOG] [Fast Refresh] done in 47ms @ http://localhost:3000/_next/static/chunks/node_modules_next_dist_1e8vcs8._.js:776
[  303995ms] [LOG] [Fast Refresh] done in 47ms @ http://localhost:3000/_next/static/chunks/node_modules_next_dist_1e8vcs8._.js:776
[  304042ms] [LOG] [Fast Refresh] done in 47ms @ http://localhost:3000/_next/static/chunks/node_modules_next_dist_1e8vcs8._.js:776
[  304090ms] [LOG] [Fast Refresh] done in 47ms @ http://localhost:3000/_next/static/chunks/node_modules_next_dist_1e8vcs8._.js:776
[  304137ms] [LOG] [Fast Refresh] done in 47ms @ http://localhost:3000/_next/static/chunks/node_modules_next_dist_1e8vcs8._.js:776
[  304185ms] [LOG] [Fast Refresh] done in 47ms @ http://localhost:3000/_next/static/chunks/node_modules_next_dist_1e8vcs8._.js:776
[  304232ms] [LOG] [Fast Refresh] done in 47ms @ http://localhost:3000/_next/static/chunks/node_modules_next_dist_1e8vcs8._.js:776
[  304279ms] [LOG] [Fast Refresh] done in 47ms @ http://localhost:3000/_next/static/chunks/node_modules_next_dist_1e8vcs8._.js:776
[  304325ms] [LOG] [Fast Refresh] done in 47ms @ http://localhost:3000/_next/static/chunks/node_modules_next_dist_1e8vcs8._.js:776
[  304372ms] [LOG] [Fast Refresh] done in 47ms @ http://localhost:3000/_next/static/chunks/node_modules_next_dist_1e8vcs8._.js:776
[  304419ms] [LOG] [Fast Refresh] done in 47ms @ http://localhost:3000/_next/static/chunks/node_modules_next_dist_1e8vcs8._.js:776
[  304466ms] [LOG] [Fast Refresh] done in 47ms @ http://localhost:3000/_next/static/chunks/node_modules_next_dist_1e8vcs8._.js:776
[  304513ms] [LOG] [Fast Refresh] done in 47ms @ http://localhost:3000/_next/static/chunks/node_modules_next_dist_1e8vcs8._.js:776
[  304558ms] [LOG] [Fast Refresh] done in 47ms @ http://localhost:3000/_next/static/chunks/node_modules_next_dist_1e8vcs8._.js:776
[  304606ms] [LOG] [Fast Refresh] done in 47ms @ http://localhost:3000/_next/static/chunks/node_modules_next_dist_1e8vcs8._.js:776
[  304653ms] [LOG] [Fast Refresh] done in 47ms @ http://localhost:3000/_next/static/chunks/node_modules_next_dist_1e8vcs8._.js:776
[  304699ms] [LOG] [Fast Refresh] done in 47ms @ http://localhost:3000/_next/static/chunks/node_modules_next_dist_1e8vcs8._.js:776
[  304746ms] [LOG] [Fast Refresh] done in 47ms @ http://localhost:3000/_next/static/chunks/node_modules_next_dist_1e8vcs8._.js:776
[  304792ms] [LOG] [Fast Refresh] done in 47ms @ http://localhost:3000/_next/static/chunks/node_modules_next_dist_1e8vcs8._.js:776
[  304840ms] [LOG] [Fast Refresh] done in 47ms @ http://localhost:3000/_next/static/chunks/node_modules_next_dist_1e8vcs8._.js:776
[  304887ms] [LOG] [Fast Refresh] done in 47ms @ http://localhost:3000/_next/static/chunks/node_modules_next_dist_1e8vcs8._.js:776
[  304934ms] [LOG] [Fast Refresh] done in 47ms @ http://localhost:3000/_next/static/chunks/node_modules_next_dist_1e8vcs8._.js:776
[  304981ms] [LOG] [Fast Refresh] done in 47ms @ http://localhost:3000/_next/static/chunks/node_modules_next_dist_1e8vcs8._.js:776
[  305029ms] [LOG] [Fast Refresh] done in 47ms @ http://localhost:3000/_next/static/chunks/node_modules_next_dist_1e8vcs8._.js:776
[  305076ms] [LOG] [Fast Refresh] done in 47ms @ http://localhost:3000/_next/static/chunks/node_modules_next_dist_1e8vcs8._.js:776
[  305123ms] [LOG] [Fast Refresh] done in 47ms @ http://localhost:3000/_next/static/chunks/node_modules_next_dist_1e8vcs8._.js:776
[  305170ms] [LOG] [Fast Refresh] done in 47ms @ http://localhost:3000/_next/static/chunks/node_modules_next_dist_1e8vcs8._.js:776
[  305218ms] [LOG] [Fast Refresh] done in 47ms @ http://localhost:3000/_next/static/chunks/node_modules_next_dist_1e8vcs8._.js:776
[  305265ms] [LOG] [Fast Refresh] done in 47ms @ http://localhost:3000/_next/static/chunks/node_modules_next_dist_1e8vcs8._.js:776
[  305311ms] [LOG] [Fast Refresh] done in 47ms @ http://localhost:3000/_next/static/chunks/node_modules_next_dist_1e8vcs8._.js:776
[  305363ms] [LOG] [Fast Refresh] done in 47ms @ http://localhost:3000/_next/static/chunks/node_modules_next_dist_1e8vcs8._.js:776
[  305410ms] [LOG] [Fast Refresh] done in 47ms @ http://localhost:3000/_next/static/chunks/node_modules_next_dist_1e8vcs8._.js:776
[  305453ms] [LOG] [Fast Refresh] done in 47ms @ http://localhost:3000/_next/static/chunks/node_modules_next_dist_1e8vcs8._.js:776
[  305499ms] [LOG] [Fast Refresh] done in 47ms @ http://localhost:3000/_next/static/chunks/node_modules_next_dist_1e8vcs8._.js:776
[  305547ms] [LOG] [Fast Refresh] done in 47ms @ http://localhost:3000/_next/static/chunks/node_modules_next_dist_1e8vcs8._.js:776
[  305593ms] [LOG] [Fast Refresh] done in 47ms @ http://localhost:3000/_next/static/chunks/node_modules_next_dist_1e8vcs8._.js:776
[  305639ms] [LOG] [Fast Refresh] done in 47ms @ http://localhost:3000/_next/static/chunks/node_modules_next_dist_1e8vcs8._.js:776
[  305689ms] [LOG] [Fast Refresh] done in 47ms @ http://localhost:3000/_next/static/chunks/node_modules_next_dist_1e8vcs8._.js:776
[  305736ms] [LOG] [Fast Refresh] done in 47ms @ http://localhost:3000/_next/static/chunks/node_modules_next_dist_1e8vcs8._.js:776
[  305783ms] [LOG] [Fast Refresh] done in 47ms @ http://localhost:3000/_next/static/chunks/node_modules_next_dist_1e8vcs8._.js:776
[  305831ms] [LOG] [Fast Refresh] done in 47ms @ http://localhost:3000/_next/static/chunks/node_modules_next_dist_1e8vcs8._.js:776
[  305878ms] [LOG] [Fast Refresh] done in 47ms @ http://localhost:3000/_next/static/chunks/node_modules_next_dist_1e8vcs8._.js:776
[  305926ms] [LOG] [Fast Refresh] done in 47ms @ http://localhost:3000/_next/static/chunks/node_modules_next_dist_1e8vcs8._.js:776
[  305973ms] [LOG] [Fast Refresh] done in 47ms @ http://localhost:3000/_next/static/chunks/node_modules_next_dist_1e8vcs8._.js:776
[  306025ms] [LOG] [Fast Refresh] done in 47ms @ http://localhost:3000/_next/static/chunks/node_modules_next_dist_1e8vcs8._.js:776
[  306073ms] [LOG] [Fast Refresh] done in 47ms @ http://localhost:3000/_next/static/chunks/node_modules_next_dist_1e8vcs8._.js:776
[  306119ms] [LOG] [Fast Refresh] done in 47ms @ http://localhost:3000/_next/static/chunks/node_modules_next_dist_1e8vcs8._.js:776
[  306166ms] [LOG] [Fast Refresh] done in 47ms @ http://localhost:3000/_next/static/chunks/node_modules_next_dist_1e8vcs8._.js:776
[  306214ms] [LOG] [Fast Refresh] done in 47ms @ http://localhost:3000/_next/static/chunks/node_modules_next_dist_1e8vcs8._.js:776
[  306262ms] [LOG] [Fast Refresh] done in 47ms @ http://localhost:3000/_next/static/chunks/node_modules_next_dist_1e8vcs8._.js:776
[  306309ms] [LOG] [Fast Refresh] done in 47ms @ http://localhost:3000/_next/static/chunks/node_modules_next_dist_1e8vcs8._.js:776
[  306356ms] [LOG] [Fast Refresh] done in 47ms @ http://localhost:3000/_next/static/chunks/node_modules_next_dist_1e8vcs8._.js:776
[  306404ms] [LOG] [Fast Refresh] done in 47ms @ http://localhost:3000/_next/static/chunks/node_modules_next_dist_1e8vcs8._.js:776
[  306451ms] [LOG] [Fast Refresh] done in 47ms @ http://localhost:3000/_next/static/chunks/node_modules_next_dist_1e8vcs8._.js:776
[  306497ms] [LOG] [Fast Refresh] done in 47ms @ http://localhost:3000/_next/static/chunks/node_modules_next_dist_1e8vcs8._.js:776
[  306544ms] [LOG] [Fast Refresh] done in 47ms @ http://localhost:3000/_next/static/chunks/node_modules_next_dist_1e8vcs8._.js:776
[  306591ms] [LOG] [Fast Refresh] done in 47ms @ http://localhost:3000/_next/static/chunks/node_modules_next_dist_1e8vcs8._.js:776
[  306640ms] [LOG] [Fast Refresh] done in 47ms @ http://localhost:3000/_next/static/chunks/node_modules_next_dist_1e8vcs8._.js:776
[  306688ms] [LOG] [Fast Refresh] done in 47ms @ http://localhost:3000/_next/static/chunks/node_modules_next_dist_1e8vcs8._.js:776
[  306734ms] [LOG] [Fast Refresh] done in 47ms @ http://localhost:3000/_next/static/chunks/node_modules_next_dist_1e8vcs8._.js:776
[  306781ms] [LOG] [Fast Refresh] done in 47ms @ http://localhost:3000/_next/static/chunks/node_modules_next_dist_1e8vcs8._.js:776
[  306828ms] [LOG] [Fast Refresh] done in 47ms @ http://localhost:3000/_next/static/chunks/node_modules_next_dist_1e8vcs8._.js:776
[  306875ms] [LOG] [Fast Refresh] done in 47ms @ http://localhost:3000/_next/static/chunks/node_modules_next_dist_1e8vcs8._.js:776
[  306923ms] [LOG] [Fast Refresh] done in 47ms @ http://localhost:3000/_next/static/chunks/node_modules_next_dist_1e8vcs8._.js:776
[  306971ms] [LOG] [Fast Refresh] done in 47ms @ http://localhost:3000/_next/static/chunks/node_modules_next_dist_1e8vcs8._.js:776
[  307018ms] [LOG] [Fast Refresh] done in 47ms @ http://localhost:3000/_next/static/chunks/node_modules_next_dist_1e8vcs8._.js:776
[  307066ms] [LOG] [Fast Refresh] done in 47ms @ http://localhost:3000/_next/static/chunks/node_modules_next_dist_1e8vcs8._.js:776
[  307114ms] [LOG] [Fast Refresh] done in 47ms @ http://localhost:3000/_next/static/chunks/node_modules_next_dist_1e8vcs8._.js:776
[  307161ms] [LOG] [Fast Refresh] done in 47ms @ http://localhost:3000/_next/static/chunks/node_modules_next_dist_1e8vcs8._.js:776
[  307209ms] [LOG] [Fast Refresh] done in 47ms @ http://localhost:3000/_next/static/chunks/node_modules_next_dist_1e8vcs8._.js:776
[  307256ms] [LOG] [Fast Refresh] done in 47ms @ http://localhost:3000/_next/static/chunks/node_modules_next_dist_1e8vcs8._.js:776
[  307305ms] [LOG] [Fast Refresh] done in 47ms @ http://localhost:3000/_next/static/chunks/node_modules_next_dist_1e8vcs8._.js:776
[  307351ms] [LOG] [Fast Refresh] done in 47ms @ http://localhost:3000/_next/static/chunks/node_modules_next_dist_1e8vcs8._.js:776
[  307398ms] [LOG] [Fast Refresh] done in 47ms @ http://localhost:3000/_next/static/chunks/node_modules_next_dist_1e8vcs8._.js:776
[  307445ms] [LOG] [Fast Refresh] done in 47ms @ http://localhost:3000/_next/static/chunks/node_modules_next_dist_1e8vcs8._.js:776
[  307492ms] [LOG] [Fast Refresh] done in 47ms @ http://localhost:3000/_next/static/chunks/node_modules_next_dist_1e8vcs8._.js:776
[  307540ms] [LOG] [Fast Refresh] done in 47ms @ http://localhost:3000/_next/static/chunks/node_modules_next_dist_1e8vcs8._.js:776
[  307588ms] [LOG] [Fast Refresh] done in 47ms @ http://localhost:3000/_next/static/chunks/node_modules_next_dist_1e8vcs8._.js:776
[  307633ms] [LOG] [Fast Refresh] done in 47ms @ http://localhost:3000/_next/static/chunks/node_modules_next_dist_1e8vcs8._.js:776
[  307681ms] [LOG] [Fast Refresh] done in 47ms @ http://localhost:3000/_next/static/chunks/node_modules_next_dist_1e8vcs8._.js:776
[  307728ms] [LOG] [Fast Refresh] done in 47ms @ http://localhost:3000/_next/static/chunks/node_modules_next_dist_1e8vcs8._.js:776
[  307775ms] [LOG] [Fast Refresh] done in 47ms @ http://localhost:3000/_next/static/chunks/node_modules_next_dist_1e8vcs8._.js:776
[  307822ms] [LOG] [Fast Refresh] done in 47ms @ http://localhost:3000/_next/static/chunks/node_modules_next_dist_1e8vcs8._.js:776
[  307870ms] [LOG] [Fast Refresh] done in 47ms @ http://localhost:3000/_next/static/chunks/node_modules_next_dist_1e8vcs8._.js:776
[  307921ms] [LOG] [Fast Refresh] done in 47ms @ http://localhost:3000/_next/static/chunks/node_modules_next_dist_1e8vcs8._.js:776
[  307968ms] [LOG] [Fast Refresh] done in 47ms @ http://localhost:3000/_next/static/chunks/node_modules_next_dist_1e8vcs8._.js:776
[  308014ms] [LOG] [Fast Refresh] done in 47ms @ http://localhost:3000/_next/static/chunks/node_modules_next_dist_1e8vcs8._.js:776
[  308061ms] [LOG] [Fast Refresh] done in 47ms @ http://localhost:3000/_next/static/chunks/node_modules_next_dist_1e8vcs8._.js:776
[  308109ms] [LOG] [Fast Refresh] done in 47ms @ http://localhost:3000/_next/static/chunks/node_modules_next_dist_1e8vcs8._.js:776
[  308156ms] [LOG] [Fast Refresh] done in 47ms @ http://localhost:3000/_next/static/chunks/node_modules_next_dist_1e8vcs8._.js:776
[  308203ms] [LOG] [Fast Refresh] done in 47ms @ http://localhost:3000/_next/static/chunks/node_modules_next_dist_1e8vcs8._.js:776
[  308250ms] [LOG] [Fast Refresh] done in 47ms @ http://localhost:3000/_next/static/chunks/node_modules_next_dist_1e8vcs8._.js:776
[  308297ms] [LOG] [Fast Refresh] done in 47ms @ http://localhost:3000/_next/static/chunks/node_modules_next_dist_1e8vcs8._.js:776
[  308344ms] [LOG] [Fast Refresh] done in 47ms @ http://localhost:3000/_next/static/chunks/node_modules_next_dist_1e8vcs8._.js:776
[  308392ms] [LOG] [Fast Refresh] done in 47ms @ http://localhost:3000/_next/static/chunks/node_modules_next_dist_1e8vcs8._.js:776
[  308439ms] [LOG] [Fast Refresh] done in 47ms @ http://localhost:3000/_next/static/chunks/node_modules_next_dist_1e8vcs8._.js:776
[  308486ms] [LOG] [Fast Refresh] done in 47ms @ http://localhost:3000/_next/static/chunks/node_modules_next_dist_1e8vcs8._.js:776
[  308534ms] [LOG] [Fast Refresh] done in 47ms @ http://localhost:3000/_next/static/chunks/node_modules_next_dist_1e8vcs8._.js:776
[  308581ms] [LOG] [Fast Refresh] done in 47ms @ http://localhost:3000/_next/static/chunks/node_modules_next_dist_1e8vcs8._.js:776
[  308628ms] [LOG] [Fast Refresh] done in 47ms @ http://localhost:3000/_next/static/chunks/node_modules_next_dist_1e8vcs8._.js:776
[  308675ms] [LOG] [Fast Refresh] done in 47ms @ http://localhost:3000/_next/static/chunks/node_modules_next_dist_1e8vcs8._.js:776
[  308722ms] [LOG] [Fast Refresh] done in 47ms @ http://localhost:3000/_next/static/chunks/node_modules_next_dist_1e8vcs8._.js:776
[  308769ms] [LOG] [Fast Refresh] done in 47ms @ http://localhost:3000/_next/static/chunks/node_modules_next_dist_1e8vcs8._.js:776
[  308816ms] [LOG] [Fast Refresh] done in 47ms @ http://localhost:3000/_next/static/chunks/node_modules_next_dist_1e8vcs8._.js:776
[  308863ms] [LOG] [Fast Refresh] done in 47ms @ http://localhost:3000/_next/static/chunks/node_modules_next_dist_1e8vcs8._.js:776
[  308909ms] [LOG] [Fast Refresh] done in 47ms @ http://localhost:3000/_next/static/chunks/node_modules_next_dist_1e8vcs8._.js:776
[  308956ms] [LOG] [Fast Refresh] done in 47ms @ http://localhost:3000/_next/static/chunks/node_modules_next_dist_1e8vcs8._.js:776
[  309003ms] [LOG] [Fast Refresh] done in 47ms @ http://localhost:3000/_next/static/chunks/node_modules_next_dist_1e8vcs8._.js:776
[  309051ms] [LOG] [Fast Refresh] done in 47ms @ http://localhost:3000/_next/static/chunks/node_modules_next_dist_1e8vcs8._.js:776
[  309098ms] [LOG] [Fast Refresh] done in 47ms @ http://localhost:3000/_next/static/chunks/node_modules_next_dist_1e8vcs8._.js:776
[  309145ms] [LOG] [Fast Refresh] done in 47ms @ http://localhost:3000/_next/static/chunks/node_modules_next_dist_1e8vcs8._.js:776
[  309193ms] [LOG] [Fast Refresh] done in 47ms @ http://localhost:3000/_next/static/chunks/node_modules_next_dist_1e8vcs8._.js:776
[  309240ms] [LOG] [Fast Refresh] done in 47ms @ http://localhost:3000/_next/static/chunks/node_modules_next_dist_1e8vcs8._.js:776
[  309287ms] [LOG] [Fast Refresh] done in 47ms @ http://localhost:3000/_next/static/chunks/node_modules_next_dist_1e8vcs8._.js:776
[  309334ms] [LOG] [Fast Refresh] done in 47ms @ http://localhost:3000/_next/static/chunks/node_modules_next_dist_1e8vcs8._.js:776
[  309382ms] [LOG] [Fast Refresh] done in 47ms @ http://localhost:3000/_next/static/chunks/node_modules_next_dist_1e8vcs8._.js:776
[  309428ms] [LOG] [Fast Refresh] done in 47ms @ http://localhost:3000/_next/static/chunks/node_modules_next_dist_1e8vcs8._.js:776
[  309475ms] [LOG] [Fast Refresh] done in 47ms @ http://localhost:3000/_next/static/chunks/node_modules_next_dist_1e8vcs8._.js:776
[  309522ms] [LOG] [Fast Refresh] done in 47ms @ http://localhost:3000/_next/static/chunks/node_modules_next_dist_1e8vcs8._.js:776
[  309570ms] [LOG] [Fast Refresh] done in 47ms @ http://localhost:3000/_next/static/chunks/node_modules_next_dist_1e8vcs8._.js:776
[  309616ms] [LOG] [Fast Refresh] done in 47ms @ http://localhost:3000/_next/static/chunks/node_modules_next_dist_1e8vcs8._.js:776
[  309662ms] [LOG] [Fast Refresh] done in 47ms @ http://localhost:3000/_next/static/chunks/node_modules_next_dist_1e8vcs8._.js:776
[  309708ms] [LOG] [Fast Refresh] done in 47ms @ http://localhost:3000/_next/static/chunks/node_modules_next_dist_1e8vcs8._.js:776
[  309756ms] [LOG] [Fast Refresh] done in 47ms @ http://localhost:3000/_next/static/chunks/node_modules_next_dist_1e8vcs8._.js:776
[  309803ms] [LOG] [Fast Refresh] done in 47ms @ http://localhost:3000/_next/static/chunks/node_modules_next_dist_1e8vcs8._.js:776
[  309851ms] [LOG] [Fast Refresh] done in 47ms @ http://localhost:3000/_next/static/chunks/node_modules_next_dist_1e8vcs8._.js:776
[  309899ms] [LOG] [Fast Refresh] done in 47ms @ http://localhost:3000/_next/static/chunks/node_modules_next_dist_1e8vcs8._.js:776
[  309947ms] [LOG] [Fast Refresh] done in 47ms @ http://localhost:3000/_next/static/chunks/node_modules_next_dist_1e8vcs8._.js:776
[  309994ms] [LOG] [Fast Refresh] done in 47ms @ http://localhost:3000/_next/static/chunks/node_modules_next_dist_1e8vcs8._.js:776
[  310042ms] [LOG] [Fast Refresh] done in 47ms @ http://localhost:3000/_next/static/chunks/node_modules_next_dist_1e8vcs8._.js:776
[  310089ms] [LOG] [Fast Refresh] done in 47ms @ http://localhost:3000/_next/static/chunks/node_modules_next_dist_1e8vcs8._.js:776
[  310136ms] [LOG] [Fast Refresh] done in 47ms @ http://localhost:3000/_next/static/chunks/node_modules_next_dist_1e8vcs8._.js:776
[  310183ms] [LOG] [Fast Refresh] done in 47ms @ http://localhost:3000/_next/static/chunks/node_modules_next_dist_1e8vcs8._.js:776
[  310230ms] [LOG] [Fast Refresh] done in 47ms @ http://localhost:3000/_next/static/chunks/node_modules_next_dist_1e8vcs8._.js:776
[  310278ms] [LOG] [Fast Refresh] done in 47ms @ http://localhost:3000/_next/static/chunks/node_modules_next_dist_1e8vcs8._.js:776
[  310325ms] [LOG] [Fast Refresh] done in 47ms @ http://localhost:3000/_next/static/chunks/node_modules_next_dist_1e8vcs8._.js:776
[  310374ms] [LOG] [Fast Refresh] done in 47ms @ http://localhost:3000/_next/static/chunks/node_modules_next_dist_1e8vcs8._.js:776
[  310422ms] [LOG] [Fast Refresh] done in 47ms @ http://localhost:3000/_next/static/chunks/node_modules_next_dist_1e8vcs8._.js:776
[  310465ms] [LOG] [Fast Refresh] done in 47ms @ http://localhost:3000/_next/static/chunks/node_modules_next_dist_1e8vcs8._.js:776
[  310512ms] [LOG] [Fast Refresh] done in 47ms @ http://localhost:3000/_next/static/chunks/node_modules_next_dist_1e8vcs8._.js:776
[  310560ms] [LOG] [Fast Refresh] done in 47ms @ http://localhost:3000/_next/static/chunks/node_modules_next_dist_1e8vcs8._.js:776
[  310606ms] [LOG] [Fast Refresh] done in 47ms @ http://localhost:3000/_next/static/chunks/node_modules_next_dist_1e8vcs8._.js:776
[  310653ms] [LOG] [Fast Refresh] done in 47ms @ http://localhost:3000/_next/static/chunks/node_modules_next_dist_1e8vcs8._.js:776
[  310699ms] [LOG] [Fast Refresh] done in 47ms @ http://localhost:3000/_next/static/chunks/node_modules_next_dist_1e8vcs8._.js:776
[  310746ms] [LOG] [Fast Refresh] done in 47ms @ http://localhost:3000/_next/static/chunks/node_modules_next_dist_1e8vcs8._.js:776
[  310793ms] [LOG] [Fast Refresh] done in 47ms @ http://localhost:3000/_next/static/chunks/node_modules_next_dist_1e8vcs8._.js:776
[  310841ms] [LOG] [Fast Refresh] done in 47ms @ http://localhost:3000/_next/static/chunks/node_modules_next_dist_1e8vcs8._.js:776
[  310888ms] [LOG] [Fast Refresh] done in 47ms @ http://localhost:3000/_next/static/chunks/node_modules_next_dist_1e8vcs8._.js:776
[  310935ms] [LOG] [Fast Refresh] done in 47ms @ http://localhost:3000/_next/static/chunks/node_modules_next_dist_1e8vcs8._.js:776
[  310984ms] [LOG] [Fast Refresh] done in 47ms @ http://localhost:3000/_next/static/chunks/node_modules_next_dist_1e8vcs8._.js:776
[  311032ms] [LOG] [Fast Refresh] done in 47ms @ http://localhost:3000/_next/static/chunks/node_modules_next_dist_1e8vcs8._.js:776
[  311079ms] [LOG] [Fast Refresh] done in 47ms @ http://localhost:3000/_next/static/chunks/node_modules_next_dist_1e8vcs8._.js:776
[  311125ms] [LOG] [Fast Refresh] done in 47ms @ http://localhost:3000/_next/static/chunks/node_modules_next_dist_1e8vcs8._.js:776
[  311172ms] [LOG] [Fast Refresh] done in 47ms @ http://localhost:3000/_next/static/chunks/node_modules_next_dist_1e8vcs8._.js:776
[  311218ms] [LOG] [Fast Refresh] done in 47ms @ http://localhost:3000/_next/static/chunks/node_modules_next_dist_1e8vcs8._.js:776
[  311265ms] [LOG] [Fast Refresh] done in 47ms @ http://localhost:3000/_next/static/chunks/node_modules_next_dist_1e8vcs8._.js:776
[  311311ms] [LOG] [Fast Refresh] done in 47ms @ http://localhost:3000/_next/static/chunks/node_modules_next_dist_1e8vcs8._.js:776
[  311358ms] [LOG] [Fast Refresh] done in 47ms @ http://localhost:3000/_next/static/chunks/node_modules_next_dist_1e8vcs8._.js:776
[  311406ms] [LOG] [Fast Refresh] done in 47ms @ http://localhost:3000/_next/static/chunks/node_modules_next_dist_1e8vcs8._.js:776
[  311453ms] [LOG] [Fast Refresh] done in 47ms @ http://localhost:3000/_next/static/chunks/node_modules_next_dist_1e8vcs8._.js:776
[  311499ms] [LOG] [Fast Refresh] done in 47ms @ http://localhost:3000/_next/static/chunks/node_modules_next_dist_1e8vcs8._.js:776
[  311546ms] [LOG] [Fast Refresh] done in 47ms @ http://localhost:3000/_next/static/chunks/node_modules_next_dist_1e8vcs8._.js:776
[  311592ms] [LOG] [Fast Refresh] done in 47ms @ http://localhost:3000/_next/static/chunks/node_modules_next_dist_1e8vcs8._.js:776
[  311639ms] [LOG] [Fast Refresh] done in 47ms @ http://localhost:3000/_next/static/chunks/node_modules_next_dist_1e8vcs8._.js:776
[  311685ms] [LOG] [Fast Refresh] done in 47ms @ http://localhost:3000/_next/static/chunks/node_modules_next_dist_1e8vcs8._.js:776
[  311732ms] [LOG] [Fast Refresh] done in 47ms @ http://localhost:3000/_next/static/chunks/node_modules_next_dist_1e8vcs8._.js:776
[  311779ms] [LOG] [Fast Refresh] done in 47ms @ http://localhost:3000/_next/static/chunks/node_modules_next_dist_1e8vcs8._.js:776
[  311825ms] [LOG] [Fast Refresh] done in 47ms @ http://localhost:3000/_next/static/chunks/node_modules_next_dist_1e8vcs8._.js:776
[  311872ms] [LOG] [Fast Refresh] done in 47ms @ http://localhost:3000/_next/static/chunks/node_modules_next_dist_1e8vcs8._.js:776
[  311919ms] [LOG] [Fast Refresh] done in 47ms @ http://localhost:3000/_next/static/chunks/node_modules_next_dist_1e8vcs8._.js:776
[  311966ms] [LOG] [Fast Refresh] done in 47ms @ http://localhost:3000/_next/static/chunks/node_modules_next_dist_1e8vcs8._.js:776
[  312013ms] [LOG] [Fast Refresh] done in 47ms @ http://localhost:3000/_next/static/chunks/node_modules_next_dist_1e8vcs8._.js:776
[  312059ms] [LOG] [Fast Refresh] done in 47ms @ http://localhost:3000/_next/static/chunks/node_modules_next_dist_1e8vcs8._.js:776
[  312106ms] [LOG] [Fast Refresh] done in 47ms @ http://localhost:3000/_next/static/chunks/node_modules_next_dist_1e8vcs8._.js:776
[  312153ms] [LOG] [Fast Refresh] done in 47ms @ http://localhost:3000/_next/static/chunks/node_modules_next_dist_1e8vcs8._.js:776
[  312201ms] [LOG] [Fast Refresh] done in 47ms @ http://localhost:3000/_next/static/chunks/node_modules_next_dist_1e8vcs8._.js:776
[  312247ms] [LOG] [Fast Refresh] done in 47ms @ http://localhost:3000/_next/static/chunks/node_modules_next_dist_1e8vcs8._.js:776
[  312294ms] [LOG] [Fast Refresh] done in 47ms @ http://localhost:3000/_next/static/chunks/node_modules_next_dist_1e8vcs8._.js:776
[  312342ms] [LOG] [Fast Refresh] done in 47ms @ http://localhost:3000/_next/static/chunks/node_modules_next_dist_1e8vcs8._.js:776
[  312390ms] [LOG] [Fast Refresh] done in 47ms @ http://localhost:3000/_next/static/chunks/node_modules_next_dist_1e8vcs8._.js:776
[  312437ms] [LOG] [Fast Refresh] done in 47ms @ http://localhost:3000/_next/static/chunks/node_modules_next_dist_1e8vcs8._.js:776
[  312484ms] [LOG] [Fast Refresh] done in 47ms @ http://localhost:3000/_next/static/chunks/node_modules_next_dist_1e8vcs8._.js:776
[  312531ms] [LOG] [Fast Refresh] done in 47ms @ http://localhost:3000/_next/static/chunks/node_modules_next_dist_1e8vcs8._.js:776
[  312578ms] [LOG] [Fast Refresh] done in 47ms @ http://localhost:3000/_next/static/chunks/node_modules_next_dist_1e8vcs8._.js:776
[  312625ms] [LOG] [Fast Refresh] done in 47ms @ http://localhost:3000/_next/static/chunks/node_modules_next_dist_1e8vcs8._.js:776
[  312672ms] [LOG] [Fast Refresh] done in 47ms @ http://localhost:3000/_next/static/chunks/node_modules_next_dist_1e8vcs8._.js:776
[  312719ms] [LOG] [Fast Refresh] done in 47ms @ http://localhost:3000/_next/static/chunks/node_modules_next_dist_1e8vcs8._.js:776
[  312767ms] [LOG] [Fast Refresh] done in 47ms @ http://localhost:3000/_next/static/chunks/node_modules_next_dist_1e8vcs8._.js:776
[  312813ms] [LOG] [Fast Refresh] done in 47ms @ http://localhost:3000/_next/static/chunks/node_modules_next_dist_1e8vcs8._.js:776
[  312860ms] [LOG] [Fast Refresh] done in 47ms @ http://localhost:3000/_next/static/chunks/node_modules_next_dist_1e8vcs8._.js:776
[  312908ms] [LOG] [Fast Refresh] done in 47ms @ http://localhost:3000/_next/static/chunks/node_modules_next_dist_1e8vcs8._.js:776
[  312956ms] [LOG] [Fast Refresh] done in 47ms @ http://localhost:3000/_next/static/chunks/node_modules_next_dist_1e8vcs8._.js:776
[  313003ms] [LOG] [Fast Refresh] done in 47ms @ http://localhost:3000/_next/static/chunks/node_modules_next_dist_1e8vcs8._.js:776
[  313050ms] [LOG] [Fast Refresh] done in 47ms @ http://localhost:3000/_next/static/chunks/node_modules_next_dist_1e8vcs8._.js:776
[  313096ms] [LOG] [Fast Refresh] done in 47ms @ http://localhost:3000/_next/static/chunks/node_modules_next_dist_1e8vcs8._.js:776
[  313143ms] [LOG] [Fast Refresh] done in 47ms @ http://localhost:3000/_next/static/chunks/node_modules_next_dist_1e8vcs8._.js:776
[  313191ms] [LOG] [Fast Refresh] done in 47ms @ http://localhost:3000/_next/static/chunks/node_modules_next_dist_1e8vcs8._.js:776
[  313238ms] [LOG] [Fast Refresh] done in 47ms @ http://localhost:3000/_next/static/chunks/node_modules_next_dist_1e8vcs8._.js:776
[  313283ms] [LOG] [Fast Refresh] done in 47ms @ http://localhost:3000/_next/static/chunks/node_modules_next_dist_1e8vcs8._.js:776
[  313329ms] [LOG] [Fast Refresh] done in 47ms @ http://localhost:3000/_next/static/chunks/node_modules_next_dist_1e8vcs8._.js:776
[  313376ms] [LOG] [Fast Refresh] done in 47ms @ http://localhost:3000/_next/static/chunks/node_modules_next_dist_1e8vcs8._.js:776
[  313423ms] [LOG] [Fast Refresh] done in 47ms @ http://localhost:3000/_next/static/chunks/node_modules_next_dist_1e8vcs8._.js:776
[  313470ms] [LOG] [Fast Refresh] done in 47ms @ http://localhost:3000/_next/static/chunks/node_modules_next_dist_1e8vcs8._.js:776
[  313518ms] [LOG] [Fast Refresh] done in 47ms @ http://localhost:3000/_next/static/chunks/node_modules_next_dist_1e8vcs8._.js:776
[  313565ms] [LOG] [Fast Refresh] done in 47ms @ http://localhost:3000/_next/static/chunks/node_modules_next_dist_1e8vcs8._.js:776
[  313612ms] [LOG] [Fast Refresh] done in 47ms @ http://localhost:3000/_next/static/chunks/node_modules_next_dist_1e8vcs8._.js:776
[  313658ms] [LOG] [Fast Refresh] done in 47ms @ http://localhost:3000/_next/static/chunks/node_modules_next_dist_1e8vcs8._.js:776
[  313706ms] [LOG] [Fast Refresh] done in 47ms @ http://localhost:3000/_next/static/chunks/node_modules_next_dist_1e8vcs8._.js:776
[  313753ms] [LOG] [Fast Refresh] done in 47ms @ http://localhost:3000/_next/static/chunks/node_modules_next_dist_1e8vcs8._.js:776
[  313799ms] [LOG] [Fast Refresh] done in 47ms @ http://localhost:3000/_next/static/chunks/node_modules_next_dist_1e8vcs8._.js:776
[  313845ms] [LOG] [Fast Refresh] done in 47ms @ http://localhost:3000/_next/static/chunks/node_modules_next_dist_1e8vcs8._.js:776
[  313892ms] [LOG] [Fast Refresh] done in 47ms @ http://localhost:3000/_next/static/chunks/node_modules_next_dist_1e8vcs8._.js:776
[  313938ms] [LOG] [Fast Refresh] done in 47ms @ http://localhost:3000/_next/static/chunks/node_modules_next_dist_1e8vcs8._.js:776
[  313985ms] [LOG] [Fast Refresh] done in 47ms @ http://localhost:3000/_next/static/chunks/node_modules_next_dist_1e8vcs8._.js:776
[  314032ms] [LOG] [Fast Refresh] done in 47ms @ http://localhost:3000/_next/static/chunks/node_modules_next_dist_1e8vcs8._.js:776
[  314080ms] [LOG] [Fast Refresh] done in 47ms @ http://localhost:3000/_next/static/chunks/node_modules_next_dist_1e8vcs8._.js:776
[  314127ms] [LOG] [Fast Refresh] done in 47ms @ http://localhost:3000/_next/static/chunks/node_modules_next_dist_1e8vcs8._.js:776
[  314174ms] [LOG] [Fast Refresh] done in 47ms @ http://localhost:3000/_next/static/chunks/node_modules_next_dist_1e8vcs8._.js:776
[  314221ms] [LOG] [Fast Refresh] done in 47ms @ http://localhost:3000/_next/static/chunks/node_modules_next_dist_1e8vcs8._.js:776
[  314269ms] [LOG] [Fast Refresh] done in 47ms @ http://localhost:3000/_next/static/chunks/node_modules_next_dist_1e8vcs8._.js:776
[  314316ms] [LOG] [Fast Refresh] done in 47ms @ http://localhost:3000/_next/static/chunks/node_modules_next_dist_1e8vcs8._.js:776
[  314363ms] [LOG] [Fast Refresh] done in 47ms @ http://localhost:3000/_next/static/chunks/node_modules_next_dist_1e8vcs8._.js:776
[  314411ms] [LOG] [Fast Refresh] done in 47ms @ http://localhost:3000/_next/static/chunks/node_modules_next_dist_1e8vcs8._.js:776
[  314458ms] [LOG] [Fast Refresh] done in 47ms @ http://localhost:3000/_next/static/chunks/node_modules_next_dist_1e8vcs8._.js:776
[  314506ms] [LOG] [Fast Refresh] done in 47ms @ http://localhost:3000/_next/static/chunks/node_modules_next_dist_1e8vcs8._.js:776
[  314552ms] [LOG] [Fast Refresh] done in 47ms @ http://localhost:3000/_next/static/chunks/node_modules_next_dist_1e8vcs8._.js:776
[  314600ms] [LOG] [Fast Refresh] done in 47ms @ http://localhost:3000/_next/static/chunks/node_modules_next_dist_1e8vcs8._.js:776
[  314646ms] [LOG] [Fast Refresh] done in 47ms @ http://localhost:3000/_next/static/chunks/node_modules_next_dist_1e8vcs8._.js:776
[  314694ms] [LOG] [Fast Refresh] done in 47ms @ http://localhost:3000/_next/static/chunks/node_modules_next_dist_1e8vcs8._.js:776
[  314742ms] [LOG] [Fast Refresh] done in 47ms @ http://localhost:3000/_next/static/chunks/node_modules_next_dist_1e8vcs8._.js:776
[  314789ms] [LOG] [Fast Refresh] done in 47ms @ http://localhost:3000/_next/static/chunks/node_modules_next_dist_1e8vcs8._.js:776
[  314836ms] [LOG] [Fast Refresh] done in 47ms @ http://localhost:3000/_next/static/chunks/node_modules_next_dist_1e8vcs8._.js:776
[  314884ms] [LOG] [Fast Refresh] done in 47ms @ http://localhost:3000/_next/static/chunks/node_modules_next_dist_1e8vcs8._.js:776
[  314930ms] [LOG] [Fast Refresh] done in 47ms @ http://localhost:3000/_next/static/chunks/node_modules_next_dist_1e8vcs8._.js:776
[  314978ms] [LOG] [Fast Refresh] done in 47ms @ http://localhost:3000/_next/static/chunks/node_modules_next_dist_1e8vcs8._.js:776
[  315025ms] [LOG] [Fast Refresh] done in 47ms @ http://localhost:3000/_next/static/chunks/node_modules_next_dist_1e8vcs8._.js:776
[  315072ms] [LOG] [Fast Refresh] done in 47ms @ http://localhost:3000/_next/static/chunks/node_modules_next_dist_1e8vcs8._.js:776
[  315119ms] [LOG] [Fast Refresh] done in 47ms @ http://localhost:3000/_next/static/chunks/node_modules_next_dist_1e8vcs8._.js:776
[  315166ms] [LOG] [Fast Refresh] done in 47ms @ http://localhost:3000/_next/static/chunks/node_modules_next_dist_1e8vcs8._.js:776
[  315213ms] [LOG] [Fast Refresh] done in 47ms @ http://localhost:3000/_next/static/chunks/node_modules_next_dist_1e8vcs8._.js:776
[  315260ms] [LOG] [Fast Refresh] done in 47ms @ http://localhost:3000/_next/static/chunks/node_modules_next_dist_1e8vcs8._.js:776
[  315307ms] [LOG] [Fast Refresh] done in 47ms @ http://localhost:3000/_next/static/chunks/node_modules_next_dist_1e8vcs8._.js:776
[  315356ms] [LOG] [Fast Refresh] done in 47ms @ http://localhost:3000/_next/static/chunks/node_modules_next_dist_1e8vcs8._.js:776
[  315402ms] [LOG] [Fast Refresh] done in 47ms @ http://localhost:3000/_next/static/chunks/node_modules_next_dist_1e8vcs8._.js:776
[  315450ms] [LOG] [Fast Refresh] done in 47ms @ http://localhost:3000/_next/static/chunks/node_modules_next_dist_1e8vcs8._.js:776
[  315498ms] [LOG] [Fast Refresh] done in 47ms @ http://localhost:3000/_next/static/chunks/node_modules_next_dist_1e8vcs8._.js:776
[  315545ms] [LOG] [Fast Refresh] done in 47ms @ http://localhost:3000/_next/static/chunks/node_modules_next_dist_1e8vcs8._.js:776
[  315592ms] [LOG] [Fast Refresh] done in 47ms @ http://localhost:3000/_next/static/chunks/node_modules_next_dist_1e8vcs8._.js:776
[  315639ms] [LOG] [Fast Refresh] done in 47ms @ http://localhost:3000/_next/static/chunks/node_modules_next_dist_1e8vcs8._.js:776
[  315686ms] [LOG] [Fast Refresh] done in 47ms @ http://localhost:3000/_next/static/chunks/node_modules_next_dist_1e8vcs8._.js:776
[  315732ms] [LOG] [Fast Refresh] done in 47ms @ http://localhost:3000/_next/static/chunks/node_modules_next_dist_1e8vcs8._.js:776
[  315780ms] [LOG] [Fast Refresh] done in 47ms @ http://localhost:3000/_next/static/chunks/node_modules_next_dist_1e8vcs8._.js:776
[  315827ms] [LOG] [Fast Refresh] done in 47ms @ http://localhost:3000/_next/static/chunks/node_modules_next_dist_1e8vcs8._.js:776
[  315876ms] [LOG] [Fast Refresh] done in 47ms @ http://localhost:3000/_next/static/chunks/node_modules_next_dist_1e8vcs8._.js:776
[  315924ms] [LOG] [Fast Refresh] done in 47ms @ http://localhost:3000/_next/static/chunks/node_modules_next_dist_1e8vcs8._.js:776
[  315971ms] [LOG] [Fast Refresh] done in 47ms @ http://localhost:3000/_next/static/chunks/node_modules_next_dist_1e8vcs8._.js:776
[  316018ms] [LOG] [Fast Refresh] done in 47ms @ http://localhost:3000/_next/static/chunks/node_modules_next_dist_1e8vcs8._.js:776
[  316065ms] [LOG] [Fast Refresh] done in 47ms @ http://localhost:3000/_next/static/chunks/node_modules_next_dist_1e8vcs8._.js:776
[  316112ms] [LOG] [Fast Refresh] done in 47ms @ http://localhost:3000/_next/static/chunks/node_modules_next_dist_1e8vcs8._.js:776
[  316158ms] [LOG] [Fast Refresh] done in 47ms @ http://localhost:3000/_next/static/chunks/node_modules_next_dist_1e8vcs8._.js:776
[  316205ms] [LOG] [Fast Refresh] done in 47ms @ http://localhost:3000/_next/static/chunks/node_modules_next_dist_1e8vcs8._.js:776
[  316253ms] [LOG] [Fast Refresh] done in 47ms @ http://localhost:3000/_next/static/chunks/node_modules_next_dist_1e8vcs8._.js:776
[  316300ms] [LOG] [Fast Refresh] done in 47ms @ http://localhost:3000/_next/static/chunks/node_modules_next_dist_1e8vcs8._.js:776
[  316347ms] [LOG] [Fast Refresh] done in 47ms @ http://localhost:3000/_next/static/chunks/node_modules_next_dist_1e8vcs8._.js:776
[  316394ms] [LOG] [Fast Refresh] done in 47ms @ http://localhost:3000/_next/static/chunks/node_modules_next_dist_1e8vcs8._.js:776
[  316440ms] [LOG] [Fast Refresh] done in 47ms @ http://localhost:3000/_next/static/chunks/node_modules_next_dist_1e8vcs8._.js:776
[  316488ms] [LOG] [Fast Refresh] done in 47ms @ http://localhost:3000/_next/static/chunks/node_modules_next_dist_1e8vcs8._.js:776
[  316536ms] [LOG] [Fast Refresh] done in 47ms @ http://localhost:3000/_next/static/chunks/node_modules_next_dist_1e8vcs8._.js:776
[  316583ms] [LOG] [Fast Refresh] done in 47ms @ http://localhost:3000/_next/static/chunks/node_modules_next_dist_1e8vcs8._.js:776
[  316631ms] [LOG] [Fast Refresh] done in 47ms @ http://localhost:3000/_next/static/chunks/node_modules_next_dist_1e8vcs8._.js:776
[  316679ms] [LOG] [Fast Refresh] done in 47ms @ http://localhost:3000/_next/static/chunks/node_modules_next_dist_1e8vcs8._.js:776
[  316726ms] [LOG] [Fast Refresh] done in 47ms @ http://localhost:3000/_next/static/chunks/node_modules_next_dist_1e8vcs8._.js:776
[  316774ms] [LOG] [Fast Refresh] done in 47ms @ http://localhost:3000/_next/static/chunks/node_modules_next_dist_1e8vcs8._.js:776
[  316823ms] [LOG] [Fast Refresh] done in 47ms @ http://localhost:3000/_next/static/chunks/node_modules_next_dist_1e8vcs8._.js:776
[  316871ms] [LOG] [Fast Refresh] done in 47ms @ http://localhost:3000/_next/static/chunks/node_modules_next_dist_1e8vcs8._.js:776
[  316918ms] [LOG] [Fast Refresh] done in 47ms @ http://localhost:3000/_next/static/chunks/node_modules_next_dist_1e8vcs8._.js:776
[  316966ms] [LOG] [Fast Refresh] done in 47ms @ http://localhost:3000/_next/static/chunks/node_modules_next_dist_1e8vcs8._.js:776
[  317013ms] [LOG] [Fast Refresh] done in 47ms @ http://localhost:3000/_next/static/chunks/node_modules_next_dist_1e8vcs8._.js:776
[  317060ms] [LOG] [Fast Refresh] done in 47ms @ http://localhost:3000/_next/static/chunks/node_modules_next_dist_1e8vcs8._.js:776
[  317109ms] [LOG] [Fast Refresh] done in 47ms @ http://localhost:3000/_next/static/chunks/node_modules_next_dist_1e8vcs8._.js:776
[  317159ms] [LOG] [Fast Refresh] done in 47ms @ http://localhost:3000/_next/static/chunks/node_modules_next_dist_1e8vcs8._.js:776
[  317209ms] [LOG] [Fast Refresh] done in 47ms @ http://localhost:3000/_next/static/chunks/node_modules_next_dist_1e8vcs8._.js:776
[  317257ms] [LOG] [Fast Refresh] done in 47ms @ http://localhost:3000/_next/static/chunks/node_modules_next_dist_1e8vcs8._.js:776
[  317305ms] [LOG] [Fast Refresh] done in 47ms @ http://localhost:3000/_next/static/chunks/node_modules_next_dist_1e8vcs8._.js:776
[  317355ms] [LOG] [Fast Refresh] done in 47ms @ http://localhost:3000/_next/static/chunks/node_modules_next_dist_1e8vcs8._.js:776
[  317402ms] [LOG] [Fast Refresh] done in 47ms @ http://localhost:3000/_next/static/chunks/node_modules_next_dist_1e8vcs8._.js:776
[  317449ms] [LOG] [Fast Refresh] done in 47ms @ http://localhost:3000/_next/static/chunks/node_modules_next_dist_1e8vcs8._.js:776
[  317497ms] [LOG] [Fast Refresh] done in 47ms @ http://localhost:3000/_next/static/chunks/node_modules_next_dist_1e8vcs8._.js:776
[  317544ms] [LOG] [Fast Refresh] done in 47ms @ http://localhost:3000/_next/static/chunks/node_modules_next_dist_1e8vcs8._.js:776
[  317592ms] [LOG] [Fast Refresh] done in 47ms @ http://localhost:3000/_next/static/chunks/node_modules_next_dist_1e8vcs8._.js:776
[  317639ms] [LOG] [Fast Refresh] done in 47ms @ http://localhost:3000/_next/static/chunks/node_modules_next_dist_1e8vcs8._.js:776
[  317686ms] [LOG] [Fast Refresh] done in 47ms @ http://localhost:3000/_next/static/chunks/node_modules_next_dist_1e8vcs8._.js:776
[  317733ms] [LOG] [Fast Refresh] done in 47ms @ http://localhost:3000/_next/static/chunks/node_modules_next_dist_1e8vcs8._.js:776
[  317780ms] [LOG] [Fast Refresh] done in 47ms @ http://localhost:3000/_next/static/chunks/node_modules_next_dist_1e8vcs8._.js:776
[  317830ms] [LOG] [Fast Refresh] done in 47ms @ http://localhost:3000/_next/static/chunks/node_modules_next_dist_1e8vcs8._.js:776
[  317879ms] [LOG] [Fast Refresh] done in 47ms @ http://localhost:3000/_next/static/chunks/node_modules_next_dist_1e8vcs8._.js:776
[  317926ms] [LOG] [Fast Refresh] done in 47ms @ http://localhost:3000/_next/static/chunks/node_modules_next_dist_1e8vcs8._.js:776
[  317975ms] [LOG] [Fast Refresh] done in 47ms @ http://localhost:3000/_next/static/chunks/node_modules_next_dist_1e8vcs8._.js:776
[  318022ms] [LOG] [Fast Refresh] done in 47ms @ http://localhost:3000/_next/static/chunks/node_modules_next_dist_1e8vcs8._.js:776
[  318070ms] [LOG] [Fast Refresh] done in 47ms @ http://localhost:3000/_next/static/chunks/node_modules_next_dist_1e8vcs8._.js:776
[  318118ms] [LOG] [Fast Refresh] done in 47ms @ http://localhost:3000/_next/static/chunks/node_modules_next_dist_1e8vcs8._.js:776
[  318164ms] [LOG] [Fast Refresh] done in 47ms @ http://localhost:3000/_next/static/chunks/node_modules_next_dist_1e8vcs8._.js:776
[  318211ms] [LOG] [Fast Refresh] done in 47ms @ http://localhost:3000/_next/static/chunks/node_modules_next_dist_1e8vcs8._.js:776
[  318259ms] [LOG] [Fast Refresh] done in 47ms @ http://localhost:3000/_next/static/chunks/node_modules_next_dist_1e8vcs8._.js:776
[  318306ms] [LOG] [Fast Refresh] done in 47ms @ http://localhost:3000/_next/static/chunks/node_modules_next_dist_1e8vcs8._.js:776
[  318353ms] [LOG] [Fast Refresh] done in 47ms @ http://localhost:3000/_next/static/chunks/node_modules_next_dist_1e8vcs8._.js:776
[  318401ms] [LOG] [Fast Refresh] done in 47ms @ http://localhost:3000/_next/static/chunks/node_modules_next_dist_1e8vcs8._.js:776
[  318447ms] [LOG] [Fast Refresh] done in 47ms @ http://localhost:3000/_next/static/chunks/node_modules_next_dist_1e8vcs8._.js:776
[  318494ms] [LOG] [Fast Refresh] done in 47ms @ http://localhost:3000/_next/static/chunks/node_modules_next_dist_1e8vcs8._.js:776
[  318542ms] [LOG] [Fast Refresh] done in 47ms @ http://localhost:3000/_next/static/chunks/node_modules_next_dist_1e8vcs8._.js:776
[  318589ms] [LOG] [Fast Refresh] done in 47ms @ http://localhost:3000/_next/static/chunks/node_modules_next_dist_1e8vcs8._.js:776
[  318635ms] [LOG] [Fast Refresh] done in 47ms @ http://localhost:3000/_next/static/chunks/node_modules_next_dist_1e8vcs8._.js:776
[  318682ms] [LOG] [Fast Refresh] done in 47ms @ http://localhost:3000/_next/static/chunks/node_modules_next_dist_1e8vcs8._.js:776
[  318730ms] [LOG] [Fast Refresh] done in 47ms @ http://localhost:3000/_next/static/chunks/node_modules_next_dist_1e8vcs8._.js:776
[  318777ms] [LOG] [Fast Refresh] done in 47ms @ http://localhost:3000/_next/static/chunks/node_modules_next_dist_1e8vcs8._.js:776
[  318825ms] [LOG] [Fast Refresh] done in 47ms @ http://localhost:3000/_next/static/chunks/node_modules_next_dist_1e8vcs8._.js:776
[  318872ms] [LOG] [Fast Refresh] done in 47ms @ http://localhost:3000/_next/static/chunks/node_modules_next_dist_1e8vcs8._.js:776
[  318920ms] [LOG] [Fast Refresh] done in 47ms @ http://localhost:3000/_next/static/chunks/node_modules_next_dist_1e8vcs8._.js:776
[  318967ms] [LOG] [Fast Refresh] done in 47ms @ http://localhost:3000/_next/static/chunks/node_modules_next_dist_1e8vcs8._.js:776
[  319014ms] [LOG] [Fast Refresh] done in 47ms @ http://localhost:3000/_next/static/chunks/node_modules_next_dist_1e8vcs8._.js:776
[  319061ms] [LOG] [Fast Refresh] done in 47ms @ http://localhost:3000/_next/static/chunks/node_modules_next_dist_1e8vcs8._.js:776
[  319109ms] [LOG] [Fast Refresh] done in 47ms @ http://localhost:3000/_next/static/chunks/node_modules_next_dist_1e8vcs8._.js:776
[  319155ms] [LOG] [Fast Refresh] done in 47ms @ http://localhost:3000/_next/static/chunks/node_modules_next_dist_1e8vcs8._.js:776
[  319208ms] [LOG] [Fast Refresh] done in 47ms @ http://localhost:3000/_next/static/chunks/node_modules_next_dist_1e8vcs8._.js:776
[  319257ms] [LOG] [Fast Refresh] done in 47ms @ http://localhost:3000/_next/static/chunks/node_modules_next_dist_1e8vcs8._.js:776
[  319305ms] [LOG] [Fast Refresh] done in 47ms @ http://localhost:3000/_next/static/chunks/node_modules_next_dist_1e8vcs8._.js:776
[  319352ms] [LOG] [Fast Refresh] done in 47ms @ http://localhost:3000/_next/static/chunks/node_modules_next_dist_1e8vcs8._.js:776
[  319399ms] [LOG] [Fast Refresh] done in 47ms @ http://localhost:3000/_next/static/chunks/node_modules_next_dist_1e8vcs8._.js:776
[  319446ms] [LOG] [Fast Refresh] done in 47ms @ http://localhost:3000/_next/static/chunks/node_modules_next_dist_1e8vcs8._.js:776
[  319493ms] [LOG] [Fast Refresh] done in 47ms @ http://localhost:3000/_next/static/chunks/node_modules_next_dist_1e8vcs8._.js:776
[  319539ms] [LOG] [Fast Refresh] done in 47ms @ http://localhost:3000/_next/static/chunks/node_modules_next_dist_1e8vcs8._.js:776
[  319586ms] [LOG] [Fast Refresh] done in 47ms @ http://localhost:3000/_next/static/chunks/node_modules_next_dist_1e8vcs8._.js:776
[  319632ms] [LOG] [Fast Refresh] done in 47ms @ http://localhost:3000/_next/static/chunks/node_modules_next_dist_1e8vcs8._.js:776
[  319679ms] [LOG] [Fast Refresh] done in 47ms @ http://localhost:3000/_next/static/chunks/node_modules_next_dist_1e8vcs8._.js:776
[  319726ms] [LOG] [Fast Refresh] done in 47ms @ http://localhost:3000/_next/static/chunks/node_modules_next_dist_1e8vcs8._.js:776
[  319774ms] [LOG] [Fast Refresh] done in 47ms @ http://localhost:3000/_next/static/chunks/node_modules_next_dist_1e8vcs8._.js:776
[  319822ms] [LOG] [Fast Refresh] done in 47ms @ http://localhost:3000/_next/static/chunks/node_modules_next_dist_1e8vcs8._.js:776
[  319868ms] [LOG] [Fast Refresh] done in 47ms @ http://localhost:3000/_next/static/chunks/node_modules_next_dist_1e8vcs8._.js:776
[  319916ms] [LOG] [Fast Refresh] done in 47ms @ http://localhost:3000/_next/static/chunks/node_modules_next_dist_1e8vcs8._.js:776
[  319963ms] [LOG] [Fast Refresh] done in 47ms @ http://localhost:3000/_next/static/chunks/node_modules_next_dist_1e8vcs8._.js:776
[  320011ms] [LOG] [Fast Refresh] done in 47ms @ http://localhost:3000/_next/static/chunks/node_modules_next_dist_1e8vcs8._.js:776
[  320058ms] [LOG] [Fast Refresh] done in 47ms @ http://localhost:3000/_next/static/chunks/node_modules_next_dist_1e8vcs8._.js:776
[  320107ms] [LOG] [Fast Refresh] done in 47ms @ http://localhost:3000/_next/static/chunks/node_modules_next_dist_1e8vcs8._.js:776
[  320154ms] [LOG] [Fast Refresh] done in 47ms @ http://localhost:3000/_next/static/chunks/node_modules_next_dist_1e8vcs8._.js:776
[  320200ms] [LOG] [Fast Refresh] done in 47ms @ http://localhost:3000/_next/static/chunks/node_modules_next_dist_1e8vcs8._.js:776
[  320247ms] [LOG] [Fast Refresh] done in 47ms @ http://localhost:3000/_next/static/chunks/node_modules_next_dist_1e8vcs8._.js:776
[  320293ms] [LOG] [Fast Refresh] done in 47ms @ http://localhost:3000/_next/static/chunks/node_modules_next_dist_1e8vcs8._.js:776
[  320341ms] [LOG] [Fast Refresh] done in 47ms @ http://localhost:3000/_next/static/chunks/node_modules_next_dist_1e8vcs8._.js:776
[  320389ms] [LOG] [Fast Refresh] done in 47ms @ http://localhost:3000/_next/static/chunks/node_modules_next_dist_1e8vcs8._.js:776
[  320438ms] [LOG] [Fast Refresh] done in 47ms @ http://localhost:3000/_next/static/chunks/node_modules_next_dist_1e8vcs8._.js:776
[  320485ms] [LOG] [Fast Refresh] done in 47ms @ http://localhost:3000/_next/static/chunks/node_modules_next_dist_1e8vcs8._.js:776
[  320533ms] [LOG] [Fast Refresh] done in 47ms @ http://localhost:3000/_next/static/chunks/node_modules_next_dist_1e8vcs8._.js:776
[  320585ms] [LOG] [Fast Refresh] done in 47ms @ http://localhost:3000/_next/static/chunks/node_modules_next_dist_1e8vcs8._.js:776
[  320640ms] [LOG] [Fast Refresh] done in 47ms @ http://localhost:3000/_next/static/chunks/node_modules_next_dist_1e8vcs8._.js:776
[  320739ms] [LOG] [Fast Refresh] done in 47ms @ http://localhost:3000/_next/static/chunks/node_modules_next_dist_1e8vcs8._.js:776
[  320811ms] [LOG] [Fast Refresh] done in 47ms @ http://localhost:3000/_next/static/chunks/node_modules_next_dist_1e8vcs8._.js:776
[  320879ms] [LOG] [Fast Refresh] done in 47ms @ http://localhost:3000/_next/static/chunks/node_modules_next_dist_1e8vcs8._.js:776
[  320951ms] [LOG] [Fast Refresh] done in 47ms @ http://localhost:3000/_next/static/chunks/node_modules_next_dist_1e8vcs8._.js:776
[  320999ms] [LOG] [Fast Refresh] done in 47ms @ http://localhost:3000/_next/static/chunks/node_modules_next_dist_1e8vcs8._.js:776
[  321047ms] [LOG] [Fast Refresh] done in 47ms @ http://localhost:3000/_next/static/chunks/node_modules_next_dist_1e8vcs8._.js:776
[  321094ms] [LOG] [Fast Refresh] done in 47ms @ http://localhost:3000/_next/static/chunks/node_modules_next_dist_1e8vcs8._.js:776
[  321143ms] [LOG] [Fast Refresh] done in 47ms @ http://localhost:3000/_next/static/chunks/node_modules_next_dist_1e8vcs8._.js:776
[  321192ms] [LOG] [Fast Refresh] done in 47ms @ http://localhost:3000/_next/static/chunks/node_modules_next_dist_1e8vcs8._.js:776
[  321240ms] [LOG] [Fast Refresh] done in 47ms @ http://localhost:3000/_next/static/chunks/node_modules_next_dist_1e8vcs8._.js:776
[  321329ms] [LOG] [Fast Refresh] done in 47ms @ http://localhost:3000/_next/static/chunks/node_modules_next_dist_1e8vcs8._.js:776
[  321378ms] [LOG] [Fast Refresh] done in 47ms @ http://localhost:3000/_next/static/chunks/node_modules_next_dist_1e8vcs8._.js:776
[  321425ms] [LOG] [Fast Refresh] done in 47ms @ http://localhost:3000/_next/static/chunks/node_modules_next_dist_1e8vcs8._.js:776
[  321473ms] [LOG] [Fast Refresh] done in 47ms @ http://localhost:3000/_next/static/chunks/node_modules_next_dist_1e8vcs8._.js:776
[  321522ms] [LOG] [Fast Refresh] done in 47ms @ http://localhost:3000/_next/static/chunks/node_modules_next_dist_1e8vcs8._.js:776
[  321571ms] [LOG] [Fast Refresh] done in 47ms @ http://localhost:3000/_next/static/chunks/node_modules_next_dist_1e8vcs8._.js:776
[  321619ms] [LOG] [Fast Refresh] done in 47ms @ http://localhost:3000/_next/static/chunks/node_modules_next_dist_1e8vcs8._.js:776
[  321666ms] [LOG] [Fast Refresh] done in 47ms @ http://localhost:3000/_next/static/chunks/node_modules_next_dist_1e8vcs8._.js:776
[  321713ms] [LOG] [Fast Refresh] done in 47ms @ http://localhost:3000/_next/static/chunks/node_modules_next_dist_1e8vcs8._.js:776
[  321760ms] [LOG] [Fast Refresh] done in 47ms @ http://localhost:3000/_next/static/chunks/node_modules_next_dist_1e8vcs8._.js:776
[  321808ms] [LOG] [Fast Refresh] done in 47ms @ http://localhost:3000/_next/static/chunks/node_modules_next_dist_1e8vcs8._.js:776
[  321855ms] [LOG] [Fast Refresh] done in 47ms @ http://localhost:3000/_next/static/chunks/node_modules_next_dist_1e8vcs8._.js:776
[  321901ms] [LOG] [Fast Refresh] done in 47ms @ http://localhost:3000/_next/static/chunks/node_modules_next_dist_1e8vcs8._.js:776
[  321948ms] [LOG] [Fast Refresh] done in 47ms @ http://localhost:3000/_next/static/chunks/node_modules_next_dist_1e8vcs8._.js:776
[  321996ms] [LOG] [Fast Refresh] done in 47ms @ http://localhost:3000/_next/static/chunks/node_modules_next_dist_1e8vcs8._.js:776
[  322043ms] [LOG] [Fast Refresh] done in 47ms @ http://localhost:3000/_next/static/chunks/node_modules_next_dist_1e8vcs8._.js:776
[  322091ms] [LOG] [Fast Refresh] done in 47ms @ http://localhost:3000/_next/static/chunks/node_modules_next_dist_1e8vcs8._.js:776
[  322138ms] [LOG] [Fast Refresh] done in 47ms @ http://localhost:3000/_next/static/chunks/node_modules_next_dist_1e8vcs8._.js:776
[  322186ms] [LOG] [Fast Refresh] done in 47ms @ http://localhost:3000/_next/static/chunks/node_modules_next_dist_1e8vcs8._.js:776
[  322232ms] [LOG] [Fast Refresh] done in 47ms @ http://localhost:3000/_next/static/chunks/node_modules_next_dist_1e8vcs8._.js:776
[  322279ms] [LOG] [Fast Refresh] done in 47ms @ http://localhost:3000/_next/static/chunks/node_modules_next_dist_1e8vcs8._.js:776
[  322326ms] [LOG] [Fast Refresh] done in 47ms @ http://localhost:3000/_next/static/chunks/node_modules_next_dist_1e8vcs8._.js:776
[  322375ms] [LOG] [Fast Refresh] done in 47ms @ http://localhost:3000/_next/static/chunks/node_modules_next_dist_1e8vcs8._.js:776
[  322422ms] [LOG] [Fast Refresh] done in 47ms @ http://localhost:3000/_next/static/chunks/node_modules_next_dist_1e8vcs8._.js:776
[  322470ms] [LOG] [Fast Refresh] done in 47ms @ http://localhost:3000/_next/static/chunks/node_modules_next_dist_1e8vcs8._.js:776
[  322517ms] [LOG] [Fast Refresh] done in 47ms @ http://localhost:3000/_next/static/chunks/node_modules_next_dist_1e8vcs8._.js:776
[  322564ms] [LOG] [Fast Refresh] done in 47ms @ http://localhost:3000/_next/static/chunks/node_modules_next_dist_1e8vcs8._.js:776
[  322611ms] [LOG] [Fast Refresh] done in 47ms @ http://localhost:3000/_next/static/chunks/node_modules_next_dist_1e8vcs8._.js:776
[  322658ms] [LOG] [Fast Refresh] done in 47ms @ http://localhost:3000/_next/static/chunks/node_modules_next_dist_1e8vcs8._.js:776
[  322705ms] [LOG] [Fast Refresh] done in 47ms @ http://localhost:3000/_next/static/chunks/node_modules_next_dist_1e8vcs8._.js:776
[  322752ms] [LOG] [Fast Refresh] done in 47ms @ http://localhost:3000/_next/static/chunks/node_modules_next_dist_1e8vcs8._.js:776
[  322798ms] [LOG] [Fast Refresh] done in 47ms @ http://localhost:3000/_next/static/chunks/node_modules_next_dist_1e8vcs8._.js:776
[  322845ms] [LOG] [Fast Refresh] done in 47ms @ http://localhost:3000/_next/static/chunks/node_modules_next_dist_1e8vcs8._.js:776
[  322892ms] [LOG] [Fast Refresh] done in 47ms @ http://localhost:3000/_next/static/chunks/node_modules_next_dist_1e8vcs8._.js:776
[  322939ms] [LOG] [Fast Refresh] done in 47ms @ http://localhost:3000/_next/static/chunks/node_modules_next_dist_1e8vcs8._.js:776
[  322986ms] [LOG] [Fast Refresh] done in 47ms @ http://localhost:3000/_next/static/chunks/node_modules_next_dist_1e8vcs8._.js:776
[  323033ms] [LOG] [Fast Refresh] done in 47ms @ http://localhost:3000/_next/static/chunks/node_modules_next_dist_1e8vcs8._.js:776
[  323080ms] [LOG] [Fast Refresh] done in 47ms @ http://localhost:3000/_next/static/chunks/node_modules_next_dist_1e8vcs8._.js:776
[  323127ms] [LOG] [Fast Refresh] done in 47ms @ http://localhost:3000/_next/static/chunks/node_modules_next_dist_1e8vcs8._.js:776
[  323175ms] [LOG] [Fast Refresh] done in 47ms @ http://localhost:3000/_next/static/chunks/node_modules_next_dist_1e8vcs8._.js:776
[  323222ms] [LOG] [Fast Refresh] done in 47ms @ http://localhost:3000/_next/static/chunks/node_modules_next_dist_1e8vcs8._.js:776
[  323269ms] [LOG] [Fast Refresh] done in 47ms @ http://localhost:3000/_next/static/chunks/node_modules_next_dist_1e8vcs8._.js:776
[  323316ms] [LOG] [Fast Refresh] done in 47ms @ http://localhost:3000/_next/static/chunks/node_modules_next_dist_1e8vcs8._.js:776
[  323364ms] [LOG] [Fast Refresh] done in 47ms @ http://localhost:3000/_next/static/chunks/node_modules_next_dist_1e8vcs8._.js:776
[  323411ms] [LOG] [Fast Refresh] done in 47ms @ http://localhost:3000/_next/static/chunks/node_modules_next_dist_1e8vcs8._.js:776
[  323458ms] [LOG] [Fast Refresh] done in 47ms @ http://localhost:3000/_next/static/chunks/node_modules_next_dist_1e8vcs8._.js:776
[  323506ms] [LOG] [Fast Refresh] done in 47ms @ http://localhost:3000/_next/static/chunks/node_modules_next_dist_1e8vcs8._.js:776
[  323553ms] [LOG] [Fast Refresh] done in 47ms @ http://localhost:3000/_next/static/chunks/node_modules_next_dist_1e8vcs8._.js:776
[  323600ms] [LOG] [Fast Refresh] done in 47ms @ http://localhost:3000/_next/static/chunks/node_modules_next_dist_1e8vcs8._.js:776
[  323648ms] [LOG] [Fast Refresh] done in 47ms @ http://localhost:3000/_next/static/chunks/node_modules_next_dist_1e8vcs8._.js:776
[  323694ms] [LOG] [Fast Refresh] done in 47ms @ http://localhost:3000/_next/static/chunks/node_modules_next_dist_1e8vcs8._.js:776
[  323742ms] [LOG] [Fast Refresh] done in 47ms @ http://localhost:3000/_next/static/chunks/node_modules_next_dist_1e8vcs8._.js:776
[  323789ms] [LOG] [Fast Refresh] done in 47ms @ http://localhost:3000/_next/static/chunks/node_modules_next_dist_1e8vcs8._.js:776
[  323836ms] [LOG] [Fast Refresh] done in 47ms @ http://localhost:3000/_next/static/chunks/node_modules_next_dist_1e8vcs8._.js:776
[  323884ms] [LOG] [Fast Refresh] done in 47ms @ http://localhost:3000/_next/static/chunks/node_modules_next_dist_1e8vcs8._.js:776
[  323931ms] [LOG] [Fast Refresh] done in 47ms @ http://localhost:3000/_next/static/chunks/node_modules_next_dist_1e8vcs8._.js:776
[  323981ms] [LOG] [Fast Refresh] done in 47ms @ http://localhost:3000/_next/static/chunks/node_modules_next_dist_1e8vcs8._.js:776
[  324029ms] [LOG] [Fast Refresh] done in 47ms @ http://localhost:3000/_next/static/chunks/node_modules_next_dist_1e8vcs8._.js:776
[  324076ms] [LOG] [Fast Refresh] done in 47ms @ http://localhost:3000/_next/static/chunks/node_modules_next_dist_1e8vcs8._.js:776
[  324124ms] [LOG] [Fast Refresh] done in 47ms @ http://localhost:3000/_next/static/chunks/node_modules_next_dist_1e8vcs8._.js:776
[  324172ms] [LOG] [Fast Refresh] done in 47ms @ http://localhost:3000/_next/static/chunks/node_modules_next_dist_1e8vcs8._.js:776
[  324219ms] [LOG] [Fast Refresh] done in 47ms @ http://localhost:3000/_next/static/chunks/node_modules_next_dist_1e8vcs8._.js:776
[  324266ms] [LOG] [Fast Refresh] done in 47ms @ http://localhost:3000/_next/static/chunks/node_modules_next_dist_1e8vcs8._.js:776
[  324312ms] [LOG] [Fast Refresh] done in 47ms @ http://localhost:3000/_next/static/chunks/node_modules_next_dist_1e8vcs8._.js:776
[  324360ms] [LOG] [Fast Refresh] done in 47ms @ http://localhost:3000/_next/static/chunks/node_modules_next_dist_1e8vcs8._.js:776
[  324407ms] [LOG] [Fast Refresh] done in 47ms @ http://localhost:3000/_next/static/chunks/node_modules_next_dist_1e8vcs8._.js:776
[  324453ms] [LOG] [Fast Refresh] done in 47ms @ http://localhost:3000/_next/static/chunks/node_modules_next_dist_1e8vcs8._.js:776
[  324500ms] [LOG] [Fast Refresh] done in 47ms @ http://localhost:3000/_next/static/chunks/node_modules_next_dist_1e8vcs8._.js:776
[  324548ms] [LOG] [Fast Refresh] done in 47ms @ http://localhost:3000/_next/static/chunks/node_modules_next_dist_1e8vcs8._.js:776
[  324593ms] [LOG] [Fast Refresh] done in 47ms @ http://localhost:3000/_next/static/chunks/node_modules_next_dist_1e8vcs8._.js:776
[  324640ms] [LOG] [Fast Refresh] done in 47ms @ http://localhost:3000/_next/static/chunks/node_modules_next_dist_1e8vcs8._.js:776
[  324687ms] [LOG] [Fast Refresh] done in 47ms @ http://localhost:3000/_next/static/chunks/node_modules_next_dist_1e8vcs8._.js:776
[  324734ms] [LOG] [Fast Refresh] done in 47ms @ http://localhost:3000/_next/static/chunks/node_modules_next_dist_1e8vcs8._.js:776
[  324781ms] [LOG] [Fast Refresh] done in 47ms @ http://localhost:3000/_next/static/chunks/node_modules_next_dist_1e8vcs8._.js:776
[  324828ms] [LOG] [Fast Refresh] done in 47ms @ http://localhost:3000/_next/static/chunks/node_modules_next_dist_1e8vcs8._.js:776
[  324875ms] [LOG] [Fast Refresh] done in 47ms @ http://localhost:3000/_next/static/chunks/node_modules_next_dist_1e8vcs8._.js:776
[  324921ms] [LOG] [Fast Refresh] done in 47ms @ http://localhost:3000/_next/static/chunks/node_modules_next_dist_1e8vcs8._.js:776
[  324967ms] [LOG] [Fast Refresh] done in 47ms @ http://localhost:3000/_next/static/chunks/node_modules_next_dist_1e8vcs8._.js:776
[  325013ms] [LOG] [Fast Refresh] done in 47ms @ http://localhost:3000/_next/static/chunks/node_modules_next_dist_1e8vcs8._.js:776
[  325060ms] [LOG] [Fast Refresh] done in 47ms @ http://localhost:3000/_next/static/chunks/node_modules_next_dist_1e8vcs8._.js:776
[  325106ms] [LOG] [Fast Refresh] done in 47ms @ http://localhost:3000/_next/static/chunks/node_modules_next_dist_1e8vcs8._.js:776
[  325154ms] [LOG] [Fast Refresh] done in 47ms @ http://localhost:3000/_next/static/chunks/node_modules_next_dist_1e8vcs8._.js:776
[  325201ms] [LOG] [Fast Refresh] done in 47ms @ http://localhost:3000/_next/static/chunks/node_modules_next_dist_1e8vcs8._.js:776
[  325249ms] [LOG] [Fast Refresh] done in 47ms @ http://localhost:3000/_next/static/chunks/node_modules_next_dist_1e8vcs8._.js:776
[  325295ms] [LOG] [Fast Refresh] done in 47ms @ http://localhost:3000/_next/static/chunks/node_modules_next_dist_1e8vcs8._.js:776
[  325343ms] [LOG] [Fast Refresh] done in 47ms @ http://localhost:3000/_next/static/chunks/node_modules_next_dist_1e8vcs8._.js:776
[  325389ms] [LOG] [Fast Refresh] done in 47ms @ http://localhost:3000/_next/static/chunks/node_modules_next_dist_1e8vcs8._.js:776
[  325436ms] [LOG] [Fast Refresh] done in 47ms @ http://localhost:3000/_next/static/chunks/node_modules_next_dist_1e8vcs8._.js:776
[  325483ms] [LOG] [Fast Refresh] done in 47ms @ http://localhost:3000/_next/static/chunks/node_modules_next_dist_1e8vcs8._.js:776
[  325530ms] [LOG] [Fast Refresh] done in 47ms @ http://localhost:3000/_next/static/chunks/node_modules_next_dist_1e8vcs8._.js:776
[  325578ms] [LOG] [Fast Refresh] done in 47ms @ http://localhost:3000/_next/static/chunks/node_modules_next_dist_1e8vcs8._.js:776
[  325625ms] [LOG] [Fast Refresh] done in 47ms @ http://localhost:3000/_next/static/chunks/node_modules_next_dist_1e8vcs8._.js:776
[  325673ms] [LOG] [Fast Refresh] done in 47ms @ http://localhost:3000/_next/static/chunks/node_modules_next_dist_1e8vcs8._.js:776
[  325720ms] [LOG] [Fast Refresh] done in 47ms @ http://localhost:3000/_next/static/chunks/node_modules_next_dist_1e8vcs8._.js:776
[  325768ms] [LOG] [Fast Refresh] done in 47ms @ http://localhost:3000/_next/static/chunks/node_modules_next_dist_1e8vcs8._.js:776
[  325813ms] [LOG] [Fast Refresh] done in 47ms @ http://localhost:3000/_next/static/chunks/node_modules_next_dist_1e8vcs8._.js:776
[  325860ms] [LOG] [Fast Refresh] done in 47ms @ http://localhost:3000/_next/static/chunks/node_modules_next_dist_1e8vcs8._.js:776
[  325908ms] [LOG] [Fast Refresh] done in 47ms @ http://localhost:3000/_next/static/chunks/node_modules_next_dist_1e8vcs8._.js:776
[  325955ms] [LOG] [Fast Refresh] done in 47ms @ http://localhost:3000/_next/static/chunks/node_modules_next_dist_1e8vcs8._.js:776
[  326003ms] [LOG] [Fast Refresh] done in 47ms @ http://localhost:3000/_next/static/chunks/node_modules_next_dist_1e8vcs8._.js:776
[  326050ms] [LOG] [Fast Refresh] done in 47ms @ http://localhost:3000/_next/static/chunks/node_modules_next_dist_1e8vcs8._.js:776
[  326098ms] [LOG] [Fast Refresh] done in 47ms @ http://localhost:3000/_next/static/chunks/node_modules_next_dist_1e8vcs8._.js:776
[  326146ms] [LOG] [Fast Refresh] done in 47ms @ http://localhost:3000/_next/static/chunks/node_modules_next_dist_1e8vcs8._.js:776
[  326193ms] [LOG] [Fast Refresh] done in 47ms @ http://localhost:3000/_next/static/chunks/node_modules_next_dist_1e8vcs8._.js:776
[  326240ms] [LOG] [Fast Refresh] done in 47ms @ http://localhost:3000/_next/static/chunks/node_modules_next_dist_1e8vcs8._.js:776
[  326287ms] [LOG] [Fast Refresh] done in 47ms @ http://localhost:3000/_next/static/chunks/node_modules_next_dist_1e8vcs8._.js:776
[  326334ms] [LOG] [Fast Refresh] done in 47ms @ http://localhost:3000/_next/static/chunks/node_modules_next_dist_1e8vcs8._.js:776
[  326375ms] [LOG] [Fast Refresh] done in 47ms @ http://localhost:3000/_next/static/chunks/node_modules_next_dist_1e8vcs8._.js:776
[  326422ms] [LOG] [Fast Refresh] done in 47ms @ http://localhost:3000/_next/static/chunks/node_modules_next_dist_1e8vcs8._.js:776
[  326470ms] [LOG] [Fast Refresh] done in 47ms @ http://localhost:3000/_next/static/chunks/node_modules_next_dist_1e8vcs8._.js:776
[  326517ms] [LOG] [Fast Refresh] done in 47ms @ http://localhost:3000/_next/static/chunks/node_modules_next_dist_1e8vcs8._.js:776
[  326564ms] [LOG] [Fast Refresh] done in 47ms @ http://localhost:3000/_next/static/chunks/node_modules_next_dist_1e8vcs8._.js:776
[  326611ms] [LOG] [Fast Refresh] done in 47ms @ http://localhost:3000/_next/static/chunks/node_modules_next_dist_1e8vcs8._.js:776
[  326659ms] [LOG] [Fast Refresh] done in 47ms @ http://localhost:3000/_next/static/chunks/node_modules_next_dist_1e8vcs8._.js:776
[  326707ms] [LOG] [Fast Refresh] done in 47ms @ http://localhost:3000/_next/static/chunks/node_modules_next_dist_1e8vcs8._.js:776
[  326754ms] [LOG] [Fast Refresh] done in 47ms @ http://localhost:3000/_next/static/chunks/node_modules_next_dist_1e8vcs8._.js:776
[  326801ms] [LOG] [Fast Refresh] done in 47ms @ http://localhost:3000/_next/static/chunks/node_modules_next_dist_1e8vcs8._.js:776
[  326848ms] [LOG] [Fast Refresh] done in 47ms @ http://localhost:3000/_next/static/chunks/node_modules_next_dist_1e8vcs8._.js:776
[  326895ms] [LOG] [Fast Refresh] done in 47ms @ http://localhost:3000/_next/static/chunks/node_modules_next_dist_1e8vcs8._.js:776
[  326942ms] [LOG] [Fast Refresh] done in 47ms @ http://localhost:3000/_next/static/chunks/node_modules_next_dist_1e8vcs8._.js:776
[  326992ms] [LOG] [Fast Refresh] done in 47ms @ http://localhost:3000/_next/static/chunks/node_modules_next_dist_1e8vcs8._.js:776
[  327039ms] [LOG] [Fast Refresh] done in 47ms @ http://localhost:3000/_next/static/chunks/node_modules_next_dist_1e8vcs8._.js:776
[  327086ms] [LOG] [Fast Refresh] done in 47ms @ http://localhost:3000/_next/static/chunks/node_modules_next_dist_1e8vcs8._.js:776
[  327133ms] [LOG] [Fast Refresh] done in 47ms @ http://localhost:3000/_next/static/chunks/node_modules_next_dist_1e8vcs8._.js:776
[  327181ms] [LOG] [Fast Refresh] done in 47ms @ http://localhost:3000/_next/static/chunks/node_modules_next_dist_1e8vcs8._.js:776
[  327228ms] [LOG] [Fast Refresh] done in 47ms @ http://localhost:3000/_next/static/chunks/node_modules_next_dist_1e8vcs8._.js:776
[  327275ms] [LOG] [Fast Refresh] done in 47ms @ http://localhost:3000/_next/static/chunks/node_modules_next_dist_1e8vcs8._.js:776
[  327323ms] [LOG] [Fast Refresh] done in 47ms @ http://localhost:3000/_next/static/chunks/node_modules_next_dist_1e8vcs8._.js:776
[  327370ms] [LOG] [Fast Refresh] done in 47ms @ http://localhost:3000/_next/static/chunks/node_modules_next_dist_1e8vcs8._.js:776
[  327418ms] [LOG] [Fast Refresh] done in 47ms @ http://localhost:3000/_next/static/chunks/node_modules_next_dist_1e8vcs8._.js:776
[  327466ms] [LOG] [Fast Refresh] done in 47ms @ http://localhost:3000/_next/static/chunks/node_modules_next_dist_1e8vcs8._.js:776
[  327514ms] [LOG] [Fast Refresh] done in 47ms @ http://localhost:3000/_next/static/chunks/node_modules_next_dist_1e8vcs8._.js:776
[  327561ms] [LOG] [Fast Refresh] done in 47ms @ http://localhost:3000/_next/static/chunks/node_modules_next_dist_1e8vcs8._.js:776
[  327609ms] [LOG] [Fast Refresh] done in 47ms @ http://localhost:3000/_next/static/chunks/node_modules_next_dist_1e8vcs8._.js:776
[  327657ms] [LOG] [Fast Refresh] done in 47ms @ http://localhost:3000/_next/static/chunks/node_modules_next_dist_1e8vcs8._.js:776
[  327709ms] [LOG] [Fast Refresh] done in 47ms @ http://localhost:3000/_next/static/chunks/node_modules_next_dist_1e8vcs8._.js:776
[  327758ms] [LOG] [Fast Refresh] done in 47ms @ http://localhost:3000/_next/static/chunks/node_modules_next_dist_1e8vcs8._.js:776
[  327806ms] [LOG] [Fast Refresh] done in 47ms @ http://localhost:3000/_next/static/chunks/node_modules_next_dist_1e8vcs8._.js:776
[  327864ms] [LOG] [Fast Refresh] done in 47ms @ http://localhost:3000/_next/static/chunks/node_modules_next_dist_1e8vcs8._.js:776
[ 1082478ms] [LOG] [Fast Refresh] rebuilding @ http://localhost:3000/_next/static/chunks/node_modules_next_dist_1e8vcs8._.js:776
[ 1082704ms] [LOG] [Fast Refresh] done in 271ms @ http://localhost:3000/_next/static/chunks/node_modules_next_dist_1e8vcs8._.js:776
[ 1083321ms] [LOG] [Fast Refresh] done in 555ms @ http://localhost:3000/_next/static/chunks/node_modules_next_dist_1e8vcs8._.js:776
[ 1087129ms] [LOG] [Fast Refresh] done in 555ms @ http://localhost:3000/_next/static/chunks/node_modules_next_dist_1e8vcs8._.js:776
[ 1087524ms] [LOG] [Fast Refresh] done in 555ms @ http://localhost:3000/_next/static/chunks/node_modules_next_dist_1e8vcs8._.js:776
[ 1137476ms] [LOG] [Fast Refresh] rebuilding @ http://localhost:3000/_next/static/chunks/node_modules_next_dist_1e8vcs8._.js:776
[ 1137791ms] [LOG] [Fast Refresh] done in 280ms @ http://localhost:3000/_next/static/chunks/node_modules_next_dist_1e8vcs8._.js:776
[ 1137956ms] [LOG] [Fast Refresh] done in 280ms @ http://localhost:3000/_next/static/chunks/node_modules_next_dist_1e8vcs8._.js:776
[ 1140311ms] [LOG] [Fast Refresh] done in 280ms @ http://localhost:3000/_next/static/chunks/node_modules_next_dist_1e8vcs8._.js:776
[ 1140783ms] [LOG] [Fast Refresh] done in 280ms @ http://localhost:3000/_next/static/chunks/node_modules_next_dist_1e8vcs8._.js:776
[ 1177267ms] [LOG] [Fast Refresh] done in 280ms @ http://localhost:3000/_next/static/chunks/node_modules_next_dist_1e8vcs8._.js:776
[ 1177597ms] [LOG] [Fast Refresh] rebuilding @ http://localhost:3000/_next/static/chunks/node_modules_next_dist_1e8vcs8._.js:776
[ 1177834ms] [LOG] [Fast Refresh] done in 313ms @ http://localhost:3000/_next/static/chunks/node_modules_next_dist_1e8vcs8._.js:776
[ 1178010ms] [LOG] [Fast Refresh] done in 313ms @ http://localhost:3000/_next/static/chunks/node_modules_next_dist_1e8vcs8._.js:776
[ 1187007ms] [LOG] [Fast Refresh] done in 313ms @ http://localhost:3000/_next/static/chunks/node_modules_next_dist_1e8vcs8._.js:776
[ 1323181ms] [LOG] [Fast Refresh] rebuilding @ http://localhost:3000/_next/static/chunks/node_modules_next_dist_1e8vcs8._.js:776
[ 1323489ms] [LOG] [Fast Refresh] done in 372ms @ http://localhost:3000/_next/static/chunks/node_modules_next_dist_1e8vcs8._.js:776
[ 1323522ms] [LOG] [Fast Refresh] done in 372ms @ http://localhost:3000/_next/static/chunks/node_modules_next_dist_1e8vcs8._.js:776
[ 1326297ms] [LOG] [Fast Refresh] done in 372ms @ http://localhost:3000/_next/static/chunks/node_modules_next_dist_1e8vcs8._.js:776
[ 1326589ms] [LOG] [Fast Refresh] done in 372ms @ http://localhost:3000/_next/static/chunks/node_modules_next_dist_1e8vcs8._.js:776
[ 1341484ms] [LOG] [Fast Refresh] done in 372ms @ http://localhost:3000/_next/static/chunks/node_modules_next_dist_1e8vcs8._.js:776
[ 1349602ms] [LOG] [Fast Refresh] rebuilding @ http://localhost:3000/_next/static/chunks/node_modules_next_dist_1e8vcs8._.js:776
[ 1349747ms] [LOG] [Fast Refresh] done in 226ms @ http://localhost:3000/_next/static/chunks/node_modules_next_dist_1e8vcs8._.js:776
[ 1349870ms] [LOG] [Fast Refresh] done in 226ms @ http://localhost:3000/_next/static/chunks/node_modules_next_dist_1e8vcs8._.js:776
[ 1350991ms] [LOG] [Fast Refresh] done in 226ms @ http://localhost:3000/_next/static/chunks/node_modules_next_dist_1e8vcs8._.js:776
[ 1351367ms] [LOG] [Fast Refresh] done in 226ms @ http://localhost:3000/_next/static/chunks/node_modules_next_dist_1e8vcs8._.js:776
