[    2181ms] [WARNING] Caught a recoverable error. The site is still functional, but might have some UI flickering or degraded page load performance. If you are the author of this website, update external components and check recently added custom code or code overrides to fix the following server/client mismatches:
 Error: Minified React error #418; visit https://reactjs.org/docs/error-decoder.html?invariant=418 for the full message or use the non-minified dev environment for full errors and additional helpful warnings.
    at pa (https://framerusercontent.com/sites/3FdLP5MPzwKsQAwlvyLIpe/react.CAnmqD_l.mjs:6:4569)
    at us (https://framerusercontent.com/sites/3FdLP5MPzwKsQAwlvyLIpe/react.CAnmqD_l.mjs:8:13345)
    at ec (https://framerusercontent.com/sites/3FdLP5MPzwKsQAwlvyLIpe/react.CAnmqD_l.mjs:8:37372)
    at $s (https://framerusercontent.com/sites/3FdLP5MPzwKsQAwlvyLIpe/react.CAnmqD_l.mjs:8:37134)
    at Qs (https://framerusercontent.com/sites/3FdLP5MPzwKsQAwlvyLIpe/react.CAnmqD_l.mjs:8:37046)
    at Ls (https://framerusercontent.com/sites/3FdLP5MPzwKsQAwlvyLIpe/react.CAnmqD_l.mjs:8:32130)
    at wt (https://framerusercontent.com/sites/3FdLP5MPzwKsQAwlvyLIpe/react.CAnmqD_l.mjs:1:10656)
    at MessagePort.Et (https://framerusercontent.com/sites/3FdLP5MPzwKsQAwlvyLIpe/react.CAnmqD_l.mjs:1:11011) 
    at div
    at div
    at s (https://framerusercontent.com/sites/3FdLP5MPzwKsQAwlvyLIpe/motion.D9EjL7gc.mjs:9:5741)
    at https://framerusercontent.com/sites/3FdLP5MPzwKsQAwlvyLIpe/framer.CUVxohPF.mjs:921:24654
    at div
    at div
    at s (https://framerusercontent.com/sites/3FdLP5MPzwKsQAwlvyLIpe/motion.D9EjL7gc.mjs:9:5741)
    at div
    at s (https://framerusercontent.com/sites/3FdLP5MPzwKsQAwlvyLIpe/motion.D9EjL7gc.mjs:9:5741)
    at ca (https://framerusercontent.com/sites/3FdLP5MPzwKsQAwlvyLIpe/motion.D9EjL7gc.mjs:9:1422)
    at cf (https://framerusercontent.com/sites/3FdLP5MPzwKsQAwlvyLIpe/motion.D9EjL7gc.mjs:9:71319)
    at https://framerusercontent.com/sites/3FdLP5MPzwKsQAwlvyLIpe/framer.CUVxohPF.mjs:929:5530
    at cf (https://framerusercontent.com/sites/3FdLP5MPzwKsQAwlvyLIpe/motion.D9EjL7gc.mjs:9:71319)
    at https://framerusercontent.com/sites/3FdLP5MPzwKsQAwlvyLIpe/shared-lib.DDoI-WXY.mjs:55:139403
    at https://framerusercontent.com/sites/3FdLP5MPzwKsQAwlvyLIpe/framer.CUVxohPF.mjs:83:56673
    at https://framerusercontent.com/sites/3FdLP5MPzwKsQAwlvyLIpe/framer.CUVxohPF.mjs:3:1056
    at div
    at s (https://framerusercontent.com/sites/3FdLP5MPzwKsQAwlvyLIpe/motion.D9EjL7gc.mjs:9:5741)
    at cf (https://framerusercontent.com/sites/3FdLP5MPzwKsQAwlvyLIpe/motion.D9EjL7gc.mjs:9:71319)
    at https://framerusercontent.com/sites/3FdLP5MPzwKsQAwlvyLIpe/shared-lib.DDoI-WXY.mjs:11:16580
    at https://framerusercontent.com/sites/3FdLP5MPzwKsQAwlvyLIpe/framer.CUVxohPF.mjs:83:56673
    at V (https://framerusercontent.com/sites/3FdLP5MPzwKsQAwlvyLIpe/script_main.iYPYXHh-.mjs:1:468)
    at qf (https://framerusercontent.com/sites/3FdLP5MPzwKsQAwlvyLIpe/framer.CUVxohPF.mjs:54:9457)
    at Lb (https://framerusercontent.com/sites/3FdLP5MPzwKsQAwlvyLIpe/framer.CUVxohPF.mjs:83:6220)
    at Suspense
    at nu (https://framerusercontent.com/sites/3FdLP5MPzwKsQAwlvyLIpe/framer.CUVxohPF.mjs:49:73498)
    at hT (https://framerusercontent.com/sites/3FdLP5MPzwKsQAwlvyLIpe/framer.CUVxohPF.mjs:921:26601)
    at ef (https://framerusercontent.com/sites/3FdLP5MPzwKsQAwlvyLIpe/framer.CUVxohPF.mjs:52:14464)
    at li (https://framerusercontent.com/sites/3FdLP5MPzwKsQAwlvyLIpe/framer.CUVxohPF.mjs:49:7331)
    at https://framerusercontent.com/sites/3FdLP5MPzwKsQAwlvyLIpe/framer.CUVxohPF.mjs:928:2407
    at https://framerusercontent.com/sites/3FdLP5MPzwKsQAwlvyLIpe/framer.CUVxohPF.mjs:83:56673
    at It (https://framerusercontent.com/sites/3FdLP5MPzwKsQAwlvyLIpe/framer.CUVxohPF.mjs:3:3254)
    at Kf (https://framerusercontent.com/sites/3FdLP5MPzwKsQAwlvyLIpe/framer.CUVxohPF.mjs:54:3067)
    at Df (https://framerusercontent.com/sites/3FdLP5MPzwKsQAwlvyLIpe/framer.CUVxohPF.mjs:52:19339)
    at sD (https://framerusercontent.com/sites/3FdLP5MPzwKsQAwlvyLIpe/framer.CUVxohPF.mjs:928:16759)
    at rp (https://framerusercontent.com/sites/3FdLP5MPzwKsQAwlvyLIpe/framer.CUVxohPF.mjs:54:11199)
    at Tn (https://framerusercontent.com/sites/3FdLP5MPzwKsQAwlvyLIpe/framer.CUVxohPF.mjs:7:9179)
    at ca (https://framerusercontent.com/sites/3FdLP5MPzwKsQAwlvyLIpe/motion.D9EjL7gc.mjs:9:1422)
    at ti (https://framerusercontent.com/sites/3FdLP5MPzwKsQAwlvyLIpe/framer.CUVxohPF.mjs:49:6757)
    at ip (https://framerusercontent.com/sites/3FdLP5MPzwKsQAwlvyLIpe/framer.CUVxohPF.mjs:54:11290)
    at YT (https://framerusercontent.com/sites/3FdLP5MPzwKsQAwlvyLIpe/framer.CUVxohPF.mjs:928:6084)
    at fr (https://framerusercontent.com/sites/3FdLP5MPzwKsQAwlvyLIpe/framer.CUVxohPF.mjs:7:16545) @ https://framerusercontent.com/sites/3FdLP5MPzwKsQAwlvyLIpe/script_main.iYPYXHh-.mjs:0
[    2185ms] [WARNING] Caught a recoverable error. The site is still functional, but might have some UI flickering or degraded page load performance. If you are the author of this website, update external components and check recently added custom code or code overrides to fix the following server/client mismatches:
 Error: Minified React error #418; visit https://reactjs.org/docs/error-decoder.html?invariant=418 for the full message or use the non-minified dev environment for full errors and additional helpful warnings.
    at da (https://framerusercontent.com/sites/3FdLP5MPzwKsQAwlvyLIpe/react.CAnmqD_l.mjs:6:4116)
    at sp (https://framerusercontent.com/sites/3FdLP5MPzwKsQAwlvyLIpe/react.CAnmqD_l.mjs:8:68259)
    at $s (https://framerusercontent.com/sites/3FdLP5MPzwKsQAwlvyLIpe/react.CAnmqD_l.mjs:8:37073)
    at Qs (https://framerusercontent.com/sites/3FdLP5MPzwKsQAwlvyLIpe/react.CAnmqD_l.mjs:8:37046)
    at Ls (https://framerusercontent.com/sites/3FdLP5MPzwKsQAwlvyLIpe/react.CAnmqD_l.mjs:8:32130)
    at wt (https://framerusercontent.com/sites/3FdLP5MPzwKsQAwlvyLIpe/react.CAnmqD_l.mjs:1:10656)
    at MessagePort.Et (https://framerusercontent.com/sites/3FdLP5MPzwKsQAwlvyLIpe/react.CAnmqD_l.mjs:1:11011) 
    at div
    at div
    at div
    at s (https://framerusercontent.com/sites/3FdLP5MPzwKsQAwlvyLIpe/motion.D9EjL7gc.mjs:9:5741)
    at div
    at s (https://framerusercontent.com/sites/3FdLP5MPzwKsQAwlvyLIpe/motion.D9EjL7gc.mjs:9:5741)
    at ca (https://framerusercontent.com/sites/3FdLP5MPzwKsQAwlvyLIpe/motion.D9EjL7gc.mjs:9:1422)
    at cf (https://framerusercontent.com/sites/3FdLP5MPzwKsQAwlvyLIpe/motion.D9EjL7gc.mjs:9:71319)
    at https://framerusercontent.com/sites/3FdLP5MPzwKsQAwlvyLIpe/framer.CUVxohPF.mjs:929:5530
    at cf (https://framerusercontent.com/sites/3FdLP5MPzwKsQAwlvyLIpe/motion.D9EjL7gc.mjs:9:71319)
    at https://framerusercontent.com/sites/3FdLP5MPzwKsQAwlvyLIpe/shared-lib.DDoI-WXY.mjs:55:139403
    at https://framerusercontent.com/sites/3FdLP5MPzwKsQAwlvyLIpe/framer.CUVxohPF.mjs:83:56673
    at https://framerusercontent.com/sites/3FdLP5MPzwKsQAwlvyLIpe/framer.CUVxohPF.mjs:3:1056
    at div
    at s (https://framerusercontent.com/sites/3FdLP5MPzwKsQAwlvyLIpe/motion.D9EjL7gc.mjs:9:5741)
    at cf (https://framerusercontent.com/sites/3FdLP5MPzwKsQAwlvyLIpe/motion.D9EjL7gc.mjs:9:71319)
    at https://framerusercontent.com/sites/3FdLP5MPzwKsQAwlvyLIpe/shared-lib.DDoI-WXY.mjs:11:16580
    at https://framerusercontent.com/sites/3FdLP5MPzwKsQAwlvyLIpe/framer.CUVxohPF.mjs:83:56673
    at V (https://framerusercontent.com/sites/3FdLP5MPzwKsQAwlvyLIpe/script_main.iYPYXHh-.mjs:1:468)
    at qf (https://framerusercontent.com/sites/3FdLP5MPzwKsQAwlvyLIpe/framer.CUVxohPF.mjs:54:9457)
    at Lb (https://framerusercontent.com/sites/3FdLP5MPzwKsQAwlvyLIpe/framer.CUVxohPF.mjs:83:6220)
    at Suspense
    at nu (https://framerusercontent.com/sites/3FdLP5MPzwKsQAwlvyLIpe/framer.CUVxohPF.mjs:49:73498)
    at hT (https://framerusercontent.com/sites/3FdLP5MPzwKsQAwlvyLIpe/framer.CUVxohPF.mjs:921:26601)
    at ef (https://framerusercontent.com/sites/3FdLP5MPzwKsQAwlvyLIpe/framer.CUVxohPF.mjs:52:14464)
    at li (https://framerusercontent.com/sites/3FdLP5MPzwKsQAwlvyLIpe/framer.CUVxohPF.mjs:49:7331)
    at https://framerusercontent.com/sites/3FdLP5MPzwKsQAwlvyLIpe/framer.CUVxohPF.mjs:928:2407
    at https://framerusercontent.com/sites/3FdLP5MPzwKsQAwlvyLIpe/framer.CUVxohPF.mjs:83:56673
    at It (https://framerusercontent.com/sites/3FdLP5MPzwKsQAwlvyLIpe/framer.CUVxohPF.mjs:3:3254)
    at Kf (https://framerusercontent.com/sites/3FdLP5MPzwKsQAwlvyLIpe/framer.CUVxohPF.mjs:54:3067)
    at Df (https://framerusercontent.com/sites/3FdLP5MPzwKsQAwlvyLIpe/framer.CUVxohPF.mjs:52:19339)
    at sD (https://framerusercontent.com/sites/3FdLP5MPzwKsQAwlvyLIpe/framer.CUVxohPF.mjs:928:16759)
    at rp (https://framerusercontent.com/sites/3FdLP5MPzwKsQAwlvyLIpe/framer.CUVxohPF.mjs:54:11199)
    at Tn (https://framerusercontent.com/sites/3FdLP5MPzwKsQAwlvyLIpe/framer.CUVxohPF.mjs:7:9179)
    at ca (https://framerusercontent.com/sites/3FdLP5MPzwKsQAwlvyLIpe/motion.D9EjL7gc.mjs:9:1422)
    at ti (https://framerusercontent.com/sites/3FdLP5MPzwKsQAwlvyLIpe/framer.CUVxohPF.mjs:49:6757)
    at ip (https://framerusercontent.com/sites/3FdLP5MPzwKsQAwlvyLIpe/framer.CUVxohPF.mjs:54:11290)
    at YT (https://framerusercontent.com/sites/3FdLP5MPzwKsQAwlvyLIpe/framer.CUVxohPF.mjs:928:6084)
    at fr (https://framerusercontent.com/sites/3FdLP5MPzwKsQAwlvyLIpe/framer.CUVxohPF.mjs:7:16545) @ https://framerusercontent.com/sites/3FdLP5MPzwKsQAwlvyLIpe/script_main.iYPYXHh-.mjs:0
[    2185ms] [WARNING] Caught a recoverable error. The site is still functional, but might have some UI flickering or degraded page load performance. If you are the author of this website, update external components and check recently added custom code or code overrides to fix the following server/client mismatches:
 Error: Minified React error #418; visit https://reactjs.org/docs/error-decoder.html?invariant=418 for the full message or use the non-minified dev environment for full errors and additional helpful warnings.
    at da (https://framerusercontent.com/sites/3FdLP5MPzwKsQAwlvyLIpe/react.CAnmqD_l.mjs:6:4116)
    at sp (https://framerusercontent.com/sites/3FdLP5MPzwKsQAwlvyLIpe/react.CAnmqD_l.mjs:8:68259)
    at $s (https://framerusercontent.com/sites/3FdLP5MPzwKsQAwlvyLIpe/react.CAnmqD_l.mjs:8:37073)
    at Qs (https://framerusercontent.com/sites/3FdLP5MPzwKsQAwlvyLIpe/react.CAnmqD_l.mjs:8:37046)
    at Ls (https://framerusercontent.com/sites/3FdLP5MPzwKsQAwlvyLIpe/react.CAnmqD_l.mjs:8:32130)
    at wt (https://framerusercontent.com/sites/3FdLP5MPzwKsQAwlvyLIpe/react.CAnmqD_l.mjs:1:10656)
    at MessagePort.Et (https://framerusercontent.com/sites/3FdLP5MPzwKsQAwlvyLIpe/react.CAnmqD_l.mjs:1:11011) 
    at div
    at div
    at div
    at s (https://framerusercontent.com/sites/3FdLP5MPzwKsQAwlvyLIpe/motion.D9EjL7gc.mjs:9:5741)
    at div
    at s (https://framerusercontent.com/sites/3FdLP5MPzwKsQAwlvyLIpe/motion.D9EjL7gc.mjs:9:5741)
    at ca (https://framerusercontent.com/sites/3FdLP5MPzwKsQAwlvyLIpe/motion.D9EjL7gc.mjs:9:1422)
    at cf (https://framerusercontent.com/sites/3FdLP5MPzwKsQAwlvyLIpe/motion.D9EjL7gc.mjs:9:71319)
    at https://framerusercontent.com/sites/3FdLP5MPzwKsQAwlvyLIpe/framer.CUVxohPF.mjs:929:5530
    at cf (https://framerusercontent.com/sites/3FdLP5MPzwKsQAwlvyLIpe/motion.D9EjL7gc.mjs:9:71319)
    at https://framerusercontent.com/sites/3FdLP5MPzwKsQAwlvyLIpe/shared-lib.DDoI-WXY.mjs:55:139403
    at https://framerusercontent.com/sites/3FdLP5MPzwKsQAwlvyLIpe/framer.CUVxohPF.mjs:83:56673
    at https://framerusercontent.com/sites/3FdLP5MPzwKsQAwlvyLIpe/framer.CUVxohPF.mjs:3:1056
    at div
    at s (https://framerusercontent.com/sites/3FdLP5MPzwKsQAwlvyLIpe/motion.D9EjL7gc.mjs:9:5741)
    at cf (https://framerusercontent.com/sites/3FdLP5MPzwKsQAwlvyLIpe/motion.D9EjL7gc.mjs:9:71319)
    at https://framerusercontent.com/sites/3FdLP5MPzwKsQAwlvyLIpe/shared-lib.DDoI-WXY.mjs:11:16580
    at https://framerusercontent.com/sites/3FdLP5MPzwKsQAwlvyLIpe/framer.CUVxohPF.mjs:83:56673
    at V (https://framerusercontent.com/sites/3FdLP5MPzwKsQAwlvyLIpe/script_main.iYPYXHh-.mjs:1:468)
    at qf (https://framerusercontent.com/sites/3FdLP5MPzwKsQAwlvyLIpe/framer.CUVxohPF.mjs:54:9457)
    at Lb (https://framerusercontent.com/sites/3FdLP5MPzwKsQAwlvyLIpe/framer.CUVxohPF.mjs:83:6220)
    at Suspense
    at nu (https://framerusercontent.com/sites/3FdLP5MPzwKsQAwlvyLIpe/framer.CUVxohPF.mjs:49:73498)
    at hT (https://framerusercontent.com/sites/3FdLP5MPzwKsQAwlvyLIpe/framer.CUVxohPF.mjs:921:26601)
    at ef (https://framerusercontent.com/sites/3FdLP5MPzwKsQAwlvyLIpe/framer.CUVxohPF.mjs:52:14464)
    at li (https://framerusercontent.com/sites/3FdLP5MPzwKsQAwlvyLIpe/framer.CUVxohPF.mjs:49:7331)
    at https://framerusercontent.com/sites/3FdLP5MPzwKsQAwlvyLIpe/framer.CUVxohPF.mjs:928:2407
    at https://framerusercontent.com/sites/3FdLP5MPzwKsQAwlvyLIpe/framer.CUVxohPF.mjs:83:56673
    at It (https://framerusercontent.com/sites/3FdLP5MPzwKsQAwlvyLIpe/framer.CUVxohPF.mjs:3:3254)
    at Kf (https://framerusercontent.com/sites/3FdLP5MPzwKsQAwlvyLIpe/framer.CUVxohPF.mjs:54:3067)
    at Df (https://framerusercontent.com/sites/3FdLP5MPzwKsQAwlvyLIpe/framer.CUVxohPF.mjs:52:19339)
    at sD (https://framerusercontent.com/sites/3FdLP5MPzwKsQAwlvyLIpe/framer.CUVxohPF.mjs:928:16759)
    at rp (https://framerusercontent.com/sites/3FdLP5MPzwKsQAwlvyLIpe/framer.CUVxohPF.mjs:54:11199)
    at Tn (https://framerusercontent.com/sites/3FdLP5MPzwKsQAwlvyLIpe/framer.CUVxohPF.mjs:7:9179)
    at ca (https://framerusercontent.com/sites/3FdLP5MPzwKsQAwlvyLIpe/motion.D9EjL7gc.mjs:9:1422)
    at ti (https://framerusercontent.com/sites/3FdLP5MPzwKsQAwlvyLIpe/framer.CUVxohPF.mjs:49:6757)
    at ip (https://framerusercontent.com/sites/3FdLP5MPzwKsQAwlvyLIpe/framer.CUVxohPF.mjs:54:11290)
    at YT (https://framerusercontent.com/sites/3FdLP5MPzwKsQAwlvyLIpe/framer.CUVxohPF.mjs:928:6084)
    at fr (https://framerusercontent.com/sites/3FdLP5MPzwKsQAwlvyLIpe/framer.CUVxohPF.mjs:7:16545) @ https://framerusercontent.com/sites/3FdLP5MPzwKsQAwlvyLIpe/script_main.iYPYXHh-.mjs:0
[    2185ms] [WARNING] Caught a recoverable error. The site is still functional, but might have some UI flickering or degraded page load performance. If you are the author of this website, update external components and check recently added custom code or code overrides to fix the following server/client mismatches:
 Error: Minified React error #418; visit https://reactjs.org/docs/error-decoder.html?invariant=418 for the full message or use the non-minified dev environment for full errors and additional helpful warnings.
    at da (https://framerusercontent.com/sites/3FdLP5MPzwKsQAwlvyLIpe/react.CAnmqD_l.mjs:6:4116)
    at sp (https://framerusercontent.com/sites/3FdLP5MPzwKsQAwlvyLIpe/react.CAnmqD_l.mjs:8:68259)
    at $s (https://framerusercontent.com/sites/3FdLP5MPzwKsQAwlvyLIpe/react.CAnmqD_l.mjs:8:37073)
    at Qs (https://framerusercontent.com/sites/3FdLP5MPzwKsQAwlvyLIpe/react.CAnmqD_l.mjs:8:37046)
    at Ls (https://framerusercontent.com/sites/3FdLP5MPzwKsQAwlvyLIpe/react.CAnmqD_l.mjs:8:32130)
    at wt (https://framerusercontent.com/sites/3FdLP5MPzwKsQAwlvyLIpe/react.CAnmqD_l.mjs:1:10656)
    at MessagePort.Et (https://framerusercontent.com/sites/3FdLP5MPzwKsQAwlvyLIpe/react.CAnmqD_l.mjs:1:11011) 
    at div
    at s (https://framerusercontent.com/sites/3FdLP5MPzwKsQAwlvyLIpe/motion.D9EjL7gc.mjs:9:5741)
    at https://framerusercontent.com/sites/3FdLP5MPzwKsQAwlvyLIpe/framer.CUVxohPF.mjs:928:1367
    at https://framerusercontent.com/sites/3FdLP5MPzwKsQAwlvyLIpe/framer.CUVxohPF.mjs:921:26502
    at https://framerusercontent.com/sites/3FdLP5MPzwKsQAwlvyLIpe/framer.CUVxohPF.mjs:921:26315
    at div
    at s (https://framerusercontent.com/sites/3FdLP5MPzwKsQAwlvyLIpe/motion.D9EjL7gc.mjs:9:5741)
    at ca (https://framerusercontent.com/sites/3FdLP5MPzwKsQAwlvyLIpe/motion.D9EjL7gc.mjs:9:1422)
    at cf (https://framerusercontent.com/sites/3FdLP5MPzwKsQAwlvyLIpe/motion.D9EjL7gc.mjs:9:71319)
    at https://framerusercontent.com/sites/3FdLP5MPzwKsQAwlvyLIpe/framer.CUVxohPF.mjs:929:5530
    at cf (https://framerusercontent.com/sites/3FdLP5MPzwKsQAwlvyLIpe/motion.D9EjL7gc.mjs:9:71319)
    at https://framerusercontent.com/sites/3FdLP5MPzwKsQAwlvyLIpe/shared-lib.DDoI-WXY.mjs:55:139403
    at https://framerusercontent.com/sites/3FdLP5MPzwKsQAwlvyLIpe/framer.CUVxohPF.mjs:83:56673
    at https://framerusercontent.com/sites/3FdLP5MPzwKsQAwlvyLIpe/framer.CUVxohPF.mjs:3:1056
    at div
    at s (https://framerusercontent.com/sites/3FdLP5MPzwKsQAwlvyLIpe/motion.D9EjL7gc.mjs:9:5741)
    at cf (https://framerusercontent.com/sites/3FdLP5MPzwKsQAwlvyLIpe/motion.D9EjL7gc.mjs:9:71319)
    at https://framerusercontent.com/sites/3FdLP5MPzwKsQAwlvyLIpe/shared-lib.DDoI-WXY.mjs:11:16580
    at https://framerusercontent.com/sites/3FdLP5MPzwKsQAwlvyLIpe/framer.CUVxohPF.mjs:83:56673
    at V (https://framerusercontent.com/sites/3FdLP5MPzwKsQAwlvyLIpe/script_main.iYPYXHh-.mjs:1:468)
    at qf (https://framerusercontent.com/sites/3FdLP5MPzwKsQAwlvyLIpe/framer.CUVxohPF.mjs:54:9457)
    at Lb (https://framerusercontent.com/sites/3FdLP5MPzwKsQAwlvyLIpe/framer.CUVxohPF.mjs:83:6220)
    at Suspense
    at nu (https://framerusercontent.com/sites/3FdLP5MPzwKsQAwlvyLIpe/framer.CUVxohPF.mjs:49:73498)
    at hT (https://framerusercontent.com/sites/3FdLP5MPzwKsQAwlvyLIpe/framer.CUVxohPF.mjs:921:26601)
    at ef (https://framerusercontent.com/sites/3FdLP5MPzwKsQAwlvyLIpe/framer.CUVxohPF.mjs:52:14464)
    at li (https://framerusercontent.com/sites/3FdLP5MPzwKsQAwlvyLIpe/framer.CUVxohPF.mjs:49:7331)
    at https://framerusercontent.com/sites/3FdLP5MPzwKsQAwlvyLIpe/framer.CUVxohPF.mjs:928:2407
    at https://framerusercontent.com/sites/3FdLP5MPzwKsQAwlvyLIpe/framer.CUVxohPF.mjs:83:56673
    at It (https://framerusercontent.com/sites/3FdLP5MPzwKsQAwlvyLIpe/framer.CUVxohPF.mjs:3:3254)
    at Kf (https://framerusercontent.com/sites/3FdLP5MPzwKsQAwlvyLIpe/framer.CUVxohPF.mjs:54:3067)
    at Df (https://framerusercontent.com/sites/3FdLP5MPzwKsQAwlvyLIpe/framer.CUVxohPF.mjs:52:19339)
    at sD (https://framerusercontent.com/sites/3FdLP5MPzwKsQAwlvyLIpe/framer.CUVxohPF.mjs:928:16759)
    at rp (https://framerusercontent.com/sites/3FdLP5MPzwKsQAwlvyLIpe/framer.CUVxohPF.mjs:54:11199)
    at Tn (https://framerusercontent.com/sites/3FdLP5MPzwKsQAwlvyLIpe/framer.CUVxohPF.mjs:7:9179)
    at ca (https://framerusercontent.com/sites/3FdLP5MPzwKsQAwlvyLIpe/motion.D9EjL7gc.mjs:9:1422)
    at ti (https://framerusercontent.com/sites/3FdLP5MPzwKsQAwlvyLIpe/framer.CUVxohPF.mjs:49:6757)
    at ip (https://framerusercontent.com/sites/3FdLP5MPzwKsQAwlvyLIpe/framer.CUVxohPF.mjs:54:11290)
    at YT (https://framerusercontent.com/sites/3FdLP5MPzwKsQAwlvyLIpe/framer.CUVxohPF.mjs:928:6084)
    at fr (https://framerusercontent.com/sites/3FdLP5MPzwKsQAwlvyLIpe/framer.CUVxohPF.mjs:7:16545) @ https://framerusercontent.com/sites/3FdLP5MPzwKsQAwlvyLIpe/script_main.iYPYXHh-.mjs:0
[    2185ms] [WARNING] Caught a recoverable error. The site is still functional, but might have some UI flickering or degraded page load performance. If you are the author of this website, update external components and check recently added custom code or code overrides to fix the following server/client mismatches:
 Error: Minified React error #418; visit https://reactjs.org/docs/error-decoder.html?invariant=418 for the full message or use the non-minified dev environment for full errors and additional helpful warnings.
    at da (https://framerusercontent.com/sites/3FdLP5MPzwKsQAwlvyLIpe/react.CAnmqD_l.mjs:6:4116)
    at sp (https://framerusercontent.com/sites/3FdLP5MPzwKsQAwlvyLIpe/react.CAnmqD_l.mjs:8:68259)
    at $s (https://framerusercontent.com/sites/3FdLP5MPzwKsQAwlvyLIpe/react.CAnmqD_l.mjs:8:37073)
    at Qs (https://framerusercontent.com/sites/3FdLP5MPzwKsQAwlvyLIpe/react.CAnmqD_l.mjs:8:37046)
    at Ls (https://framerusercontent.com/sites/3FdLP5MPzwKsQAwlvyLIpe/react.CAnmqD_l.mjs:8:32130)
    at wt (https://framerusercontent.com/sites/3FdLP5MPzwKsQAwlvyLIpe/react.CAnmqD_l.mjs:1:10656)
    at MessagePort.Et (https://framerusercontent.com/sites/3FdLP5MPzwKsQAwlvyLIpe/react.CAnmqD_l.mjs:1:11011) 
    at div
    at s (https://framerusercontent.com/sites/3FdLP5MPzwKsQAwlvyLIpe/motion.D9EjL7gc.mjs:9:5741)
    at div
    at s (https://framerusercontent.com/sites/3FdLP5MPzwKsQAwlvyLIpe/motion.D9EjL7gc.mjs:9:5741)
    at ca (https://framerusercontent.com/sites/3FdLP5MPzwKsQAwlvyLIpe/motion.D9EjL7gc.mjs:9:1422)
    at cf (https://framerusercontent.com/sites/3FdLP5MPzwKsQAwlvyLIpe/motion.D9EjL7gc.mjs:9:71319)
    at https://framerusercontent.com/sites/3FdLP5MPzwKsQAwlvyLIpe/framer.CUVxohPF.mjs:929:5530
    at cf (https://framerusercontent.com/sites/3FdLP5MPzwKsQAwlvyLIpe/motion.D9EjL7gc.mjs:9:71319)
    at https://framerusercontent.com/sites/3FdLP5MPzwKsQAwlvyLIpe/shared-lib.DDoI-WXY.mjs:55:139403
    at https://framerusercontent.com/sites/3FdLP5MPzwKsQAwlvyLIpe/framer.CUVxohPF.mjs:83:56673
    at https://framerusercontent.com/sites/3FdLP5MPzwKsQAwlvyLIpe/framer.CUVxohPF.mjs:3:1056
    at div
    at s (https://framerusercontent.com/sites/3FdLP5MPzwKsQAwlvyLIpe/motion.D9EjL7gc.mjs:9:5741)
    at cf (https://framerusercontent.com/sites/3FdLP5MPzwKsQAwlvyLIpe/motion.D9EjL7gc.mjs:9:71319)
    at https://framerusercontent.com/sites/3FdLP5MPzwKsQAwlvyLIpe/shared-lib.DDoI-WXY.mjs:11:16580
    at https://framerusercontent.com/sites/3FdLP5MPzwKsQAwlvyLIpe/framer.CUVxohPF.mjs:83:56673
    at V (https://framerusercontent.com/sites/3FdLP5MPzwKsQAwlvyLIpe/script_main.iYPYXHh-.mjs:1:468)
    at qf (https://framerusercontent.com/sites/3FdLP5MPzwKsQAwlvyLIpe/framer.CUVxohPF.mjs:54:9457)
    at Lb (https://framerusercontent.com/sites/3FdLP5MPzwKsQAwlvyLIpe/framer.CUVxohPF.mjs:83:6220)
    at Suspense
    at nu (https://framerusercontent.com/sites/3FdLP5MPzwKsQAwlvyLIpe/framer.CUVxohPF.mjs:49:73498)
    at hT (https://framerusercontent.com/sites/3FdLP5MPzwKsQAwlvyLIpe/framer.CUVxohPF.mjs:921:26601)
    at ef (https://framerusercontent.com/sites/3FdLP5MPzwKsQAwlvyLIpe/framer.CUVxohPF.mjs:52:14464)
    at li (https://framerusercontent.com/sites/3FdLP5MPzwKsQAwlvyLIpe/framer.CUVxohPF.mjs:49:7331)
    at https://framerusercontent.com/sites/3FdLP5MPzwKsQAwlvyLIpe/framer.CUVxohPF.mjs:928:2407
    at https://framerusercontent.com/sites/3FdLP5MPzwKsQAwlvyLIpe/framer.CUVxohPF.mjs:83:56673
    at It (https://framerusercontent.com/sites/3FdLP5MPzwKsQAwlvyLIpe/framer.CUVxohPF.mjs:3:3254)
    at Kf (https://framerusercontent.com/sites/3FdLP5MPzwKsQAwlvyLIpe/framer.CUVxohPF.mjs:54:3067)
    at Df (https://framerusercontent.com/sites/3FdLP5MPzwKsQAwlvyLIpe/framer.CUVxohPF.mjs:52:19339)
    at sD (https://framerusercontent.com/sites/3FdLP5MPzwKsQAwlvyLIpe/framer.CUVxohPF.mjs:928:16759)
    at rp (https://framerusercontent.com/sites/3FdLP5MPzwKsQAwlvyLIpe/framer.CUVxohPF.mjs:54:11199)
    at Tn (https://framerusercontent.com/sites/3FdLP5MPzwKsQAwlvyLIpe/framer.CUVxohPF.mjs:7:9179)
    at ca (https://framerusercontent.com/sites/3FdLP5MPzwKsQAwlvyLIpe/motion.D9EjL7gc.mjs:9:1422)
    at ti (https://framerusercontent.com/sites/3FdLP5MPzwKsQAwlvyLIpe/framer.CUVxohPF.mjs:49:6757)
    at ip (https://framerusercontent.com/sites/3FdLP5MPzwKsQAwlvyLIpe/framer.CUVxohPF.mjs:54:11290)
    at YT (https://framerusercontent.com/sites/3FdLP5MPzwKsQAwlvyLIpe/framer.CUVxohPF.mjs:928:6084)
    at fr (https://framerusercontent.com/sites/3FdLP5MPzwKsQAwlvyLIpe/framer.CUVxohPF.mjs:7:16545) @ https://framerusercontent.com/sites/3FdLP5MPzwKsQAwlvyLIpe/script_main.iYPYXHh-.mjs:0
[    2185ms] [WARNING] Caught a recoverable error. The site is still functional, but might have some UI flickering or degraded page load performance. If you are the author of this website, update external components and check recently added custom code or code overrides to fix the following server/client mismatches:
 Error: Minified React error #418; visit https://reactjs.org/docs/error-decoder.html?invariant=418 for the full message or use the non-minified dev environment for full errors and additional helpful warnings.
    at da (https://framerusercontent.com/sites/3FdLP5MPzwKsQAwlvyLIpe/react.CAnmqD_l.mjs:6:4116)
    at sp (https://framerusercontent.com/sites/3FdLP5MPzwKsQAwlvyLIpe/react.CAnmqD_l.mjs:8:68259)
    at $s (https://framerusercontent.com/sites/3FdLP5MPzwKsQAwlvyLIpe/react.CAnmqD_l.mjs:8:37073)
    at Qs (https://framerusercontent.com/sites/3FdLP5MPzwKsQAwlvyLIpe/react.CAnmqD_l.mjs:8:37046)
    at Ls (https://framerusercontent.com/sites/3FdLP5MPzwKsQAwlvyLIpe/react.CAnmqD_l.mjs:8:32130)
    at wt (https://framerusercontent.com/sites/3FdLP5MPzwKsQAwlvyLIpe/react.CAnmqD_l.mjs:1:10656)
    at MessagePort.Et (https://framerusercontent.com/sites/3FdLP5MPzwKsQAwlvyLIpe/react.CAnmqD_l.mjs:1:11011) 
    at div
    at cf (https://framerusercontent.com/sites/3FdLP5MPzwKsQAwlvyLIpe/motion.D9EjL7gc.mjs:9:71319)
    at https://framerusercontent.com/sites/3FdLP5MPzwKsQAwlvyLIpe/shared-lib.DDoI-WXY.mjs:55:139403
    at https://framerusercontent.com/sites/3FdLP5MPzwKsQAwlvyLIpe/framer.CUVxohPF.mjs:83:56673
    at https://framerusercontent.com/sites/3FdLP5MPzwKsQAwlvyLIpe/framer.CUVxohPF.mjs:3:1056
    at div
    at s (https://framerusercontent.com/sites/3FdLP5MPzwKsQAwlvyLIpe/motion.D9EjL7gc.mjs:9:5741)
    at cf (https://framerusercontent.com/sites/3FdLP5MPzwKsQAwlvyLIpe/motion.D9EjL7gc.mjs:9:71319)
    at https://framerusercontent.com/sites/3FdLP5MPzwKsQAwlvyLIpe/shared-lib.DDoI-WXY.mjs:11:16580
    at https://framerusercontent.com/sites/3FdLP5MPzwKsQAwlvyLIpe/framer.CUVxohPF.mjs:83:56673
    at V (https://framerusercontent.com/sites/3FdLP5MPzwKsQAwlvyLIpe/script_main.iYPYXHh-.mjs:1:468)
    at qf (https://framerusercontent.com/sites/3FdLP5MPzwKsQAwlvyLIpe/framer.CUVxohPF.mjs:54:9457)
    at Lb (https://framerusercontent.com/sites/3FdLP5MPzwKsQAwlvyLIpe/framer.CUVxohPF.mjs:83:6220)
    at Suspense
    at nu (https://framerusercontent.com/sites/3FdLP5MPzwKsQAwlvyLIpe/framer.CUVxohPF.mjs:49:73498)
    at hT (https://framerusercontent.com/sites/3FdLP5MPzwKsQAwlvyLIpe/framer.CUVxohPF.mjs:921:26601)
    at ef (https://framerusercontent.com/sites/3FdLP5MPzwKsQAwlvyLIpe/framer.CUVxohPF.mjs:52:14464)
    at li (https://framerusercontent.com/sites/3FdLP5MPzwKsQAwlvyLIpe/framer.CUVxohPF.mjs:49:7331)
    at https://framerusercontent.com/sites/3FdLP5MPzwKsQAwlvyLIpe/framer.CUVxohPF.mjs:928:2407
    at https://framerusercontent.com/sites/3FdLP5MPzwKsQAwlvyLIpe/framer.CUVxohPF.mjs:83:56673
    at It (https://framerusercontent.com/sites/3FdLP5MPzwKsQAwlvyLIpe/framer.CUVxohPF.mjs:3:3254)
    at Kf (https://framerusercontent.com/sites/3FdLP5MPzwKsQAwlvyLIpe/framer.CUVxohPF.mjs:54:3067)
    at Df (https://framerusercontent.com/sites/3FdLP5MPzwKsQAwlvyLIpe/framer.CUVxohPF.mjs:52:19339)
    at sD (https://framerusercontent.com/sites/3FdLP5MPzwKsQAwlvyLIpe/framer.CUVxohPF.mjs:928:16759)
    at rp (https://framerusercontent.com/sites/3FdLP5MPzwKsQAwlvyLIpe/framer.CUVxohPF.mjs:54:11199)
    at Tn (https://framerusercontent.com/sites/3FdLP5MPzwKsQAwlvyLIpe/framer.CUVxohPF.mjs:7:9179)
    at ca (https://framerusercontent.com/sites/3FdLP5MPzwKsQAwlvyLIpe/motion.D9EjL7gc.mjs:9:1422)
    at ti (https://framerusercontent.com/sites/3FdLP5MPzwKsQAwlvyLIpe/framer.CUVxohPF.mjs:49:6757)
    at ip (https://framerusercontent.com/sites/3FdLP5MPzwKsQAwlvyLIpe/framer.CUVxohPF.mjs:54:11290)
    at YT (https://framerusercontent.com/sites/3FdLP5MPzwKsQAwlvyLIpe/framer.CUVxohPF.mjs:928:6084)
    at fr (https://framerusercontent.com/sites/3FdLP5MPzwKsQAwlvyLIpe/framer.CUVxohPF.mjs:7:16545) @ https://framerusercontent.com/sites/3FdLP5MPzwKsQAwlvyLIpe/script_main.iYPYXHh-.mjs:0
[    2185ms] [WARNING] Caught a recoverable error. The site is still functional, but might have some UI flickering or degraded page load performance. If you are the author of this website, update external components and check recently added custom code or code overrides to fix the following server/client mismatches:
 Error: Minified React error #418; visit https://reactjs.org/docs/error-decoder.html?invariant=418 for the full message or use the non-minified dev environment for full errors and additional helpful warnings.
    at da (https://framerusercontent.com/sites/3FdLP5MPzwKsQAwlvyLIpe/react.CAnmqD_l.mjs:6:4116)
    at sp (https://framerusercontent.com/sites/3FdLP5MPzwKsQAwlvyLIpe/react.CAnmqD_l.mjs:8:68259)
    at $s (https://framerusercontent.com/sites/3FdLP5MPzwKsQAwlvyLIpe/react.CAnmqD_l.mjs:8:37073)
    at Qs (https://framerusercontent.com/sites/3FdLP5MPzwKsQAwlvyLIpe/react.CAnmqD_l.mjs:8:37046)
    at Ls (https://framerusercontent.com/sites/3FdLP5MPzwKsQAwlvyLIpe/react.CAnmqD_l.mjs:8:32130)
    at wt (https://framerusercontent.com/sites/3FdLP5MPzwKsQAwlvyLIpe/react.CAnmqD_l.mjs:1:10656)
    at MessagePort.Et (https://framerusercontent.com/sites/3FdLP5MPzwKsQAwlvyLIpe/react.CAnmqD_l.mjs:1:11011) 
    at div
    at div
    at s (https://framerusercontent.com/sites/3FdLP5MPzwKsQAwlvyLIpe/motion.D9EjL7gc.mjs:9:5741)
    at cf (https://framerusercontent.com/sites/3FdLP5MPzwKsQAwlvyLIpe/motion.D9EjL7gc.mjs:9:71319)
    at https://framerusercontent.com/sites/3FdLP5MPzwKsQAwlvyLIpe/shared-lib.DDoI-WXY.mjs:11:16580
    at https://framerusercontent.com/sites/3FdLP5MPzwKsQAwlvyLIpe/framer.CUVxohPF.mjs:83:56673
    at V (https://framerusercontent.com/sites/3FdLP5MPzwKsQAwlvyLIpe/script_main.iYPYXHh-.mjs:1:468)
    at qf (https://framerusercontent.com/sites/3FdLP5MPzwKsQAwlvyLIpe/framer.CUVxohPF.mjs:54:9457)
    at Lb (https://framerusercontent.com/sites/3FdLP5MPzwKsQAwlvyLIpe/framer.CUVxohPF.mjs:83:6220)
    at Suspense
    at nu (https://framerusercontent.com/sites/3FdLP5MPzwKsQAwlvyLIpe/framer.CUVxohPF.mjs:49:73498)
    at hT (https://framerusercontent.com/sites/3FdLP5MPzwKsQAwlvyLIpe/framer.CUVxohPF.mjs:921:26601)
    at ef (https://framerusercontent.com/sites/3FdLP5MPzwKsQAwlvyLIpe/framer.CUVxohPF.mjs:52:14464)
    at li (https://framerusercontent.com/sites/3FdLP5MPzwKsQAwlvyLIpe/framer.CUVxohPF.mjs:49:7331)
    at https://framerusercontent.com/sites/3FdLP5MPzwKsQAwlvyLIpe/framer.CUVxohPF.mjs:928:2407
    at https://framerusercontent.com/sites/3FdLP5MPzwKsQAwlvyLIpe/framer.CUVxohPF.mjs:83:56673
    at It (https://framerusercontent.com/sites/3FdLP5MPzwKsQAwlvyLIpe/framer.CUVxohPF.mjs:3:3254)
    at Kf (https://framerusercontent.com/sites/3FdLP5MPzwKsQAwlvyLIpe/framer.CUVxohPF.mjs:54:3067)
    at Df (https://framerusercontent.com/sites/3FdLP5MPzwKsQAwlvyLIpe/framer.CUVxohPF.mjs:52:19339)
    at sD (https://framerusercontent.com/sites/3FdLP5MPzwKsQAwlvyLIpe/framer.CUVxohPF.mjs:928:16759)
    at rp (https://framerusercontent.com/sites/3FdLP5MPzwKsQAwlvyLIpe/framer.CUVxohPF.mjs:54:11199)
    at Tn (https://framerusercontent.com/sites/3FdLP5MPzwKsQAwlvyLIpe/framer.CUVxohPF.mjs:7:9179)
    at ca (https://framerusercontent.com/sites/3FdLP5MPzwKsQAwlvyLIpe/motion.D9EjL7gc.mjs:9:1422)
    at ti (https://framerusercontent.com/sites/3FdLP5MPzwKsQAwlvyLIpe/framer.CUVxohPF.mjs:49:6757)
    at ip (https://framerusercontent.com/sites/3FdLP5MPzwKsQAwlvyLIpe/framer.CUVxohPF.mjs:54:11290)
    at YT (https://framerusercontent.com/sites/3FdLP5MPzwKsQAwlvyLIpe/framer.CUVxohPF.mjs:928:6084)
    at fr (https://framerusercontent.com/sites/3FdLP5MPzwKsQAwlvyLIpe/framer.CUVxohPF.mjs:7:16545) @ https://framerusercontent.com/sites/3FdLP5MPzwKsQAwlvyLIpe/script_main.iYPYXHh-.mjs:0
[    2185ms] [WARNING] Caught a recoverable error. The site is still functional, but might have some UI flickering or degraded page load performance. If you are the author of this website, update external components and check recently added custom code or code overrides to fix the following server/client mismatches:
 Error: Minified React error #418; visit https://reactjs.org/docs/error-decoder.html?invariant=418 for the full message or use the non-minified dev environment for full errors and additional helpful warnings.
    at da (https://framerusercontent.com/sites/3FdLP5MPzwKsQAwlvyLIpe/react.CAnmqD_l.mjs:6:4116)
    at sp (https://framerusercontent.com/sites/3FdLP5MPzwKsQAwlvyLIpe/react.CAnmqD_l.mjs:8:68259)
    at $s (https://framerusercontent.com/sites/3FdLP5MPzwKsQAwlvyLIpe/react.CAnmqD_l.mjs:8:37073)
    at Qs (https://framerusercontent.com/sites/3FdLP5MPzwKsQAwlvyLIpe/react.CAnmqD_l.mjs:8:37046)
    at Ls (https://framerusercontent.com/sites/3FdLP5MPzwKsQAwlvyLIpe/react.CAnmqD_l.mjs:8:32130)
    at wt (https://framerusercontent.com/sites/3FdLP5MPzwKsQAwlvyLIpe/react.CAnmqD_l.mjs:1:10656)
    at MessagePort.Et (https://framerusercontent.com/sites/3FdLP5MPzwKsQAwlvyLIpe/react.CAnmqD_l.mjs:1:11011) 
    at div
    at s (https://framerusercontent.com/sites/3FdLP5MPzwKsQAwlvyLIpe/motion.D9EjL7gc.mjs:9:5741)
    at div
    at s (https://framerusercontent.com/sites/3FdLP5MPzwKsQAwlvyLIpe/motion.D9EjL7gc.mjs:9:5741)
    at cf (https://framerusercontent.com/sites/3FdLP5MPzwKsQAwlvyLIpe/motion.D9EjL7gc.mjs:9:71319)
    at https://framerusercontent.com/sites/3FdLP5MPzwKsQAwlvyLIpe/shared-lib.DDoI-WXY.mjs:11:16580
    at https://framerusercontent.com/sites/3FdLP5MPzwKsQAwlvyLIpe/framer.CUVxohPF.mjs:83:56673
    at V (https://framerusercontent.com/sites/3FdLP5MPzwKsQAwlvyLIpe/script_main.iYPYXHh-.mjs:1:468)
    at qf (https://framerusercontent.com/sites/3FdLP5MPzwKsQAwlvyLIpe/framer.CUVxohPF.mjs:54:9457)
    at Lb (https://framerusercontent.com/sites/3FdLP5MPzwKsQAwlvyLIpe/framer.CUVxohPF.mjs:83:6220)
    at Suspense
    at nu (https://framerusercontent.com/sites/3FdLP5MPzwKsQAwlvyLIpe/framer.CUVxohPF.mjs:49:73498)
    at hT (https://framerusercontent.com/sites/3FdLP5MPzwKsQAwlvyLIpe/framer.CUVxohPF.mjs:921:26601)
    at ef (https://framerusercontent.com/sites/3FdLP5MPzwKsQAwlvyLIpe/framer.CUVxohPF.mjs:52:14464)
    at li (https://framerusercontent.com/sites/3FdLP5MPzwKsQAwlvyLIpe/framer.CUVxohPF.mjs:49:7331)
    at https://framerusercontent.com/sites/3FdLP5MPzwKsQAwlvyLIpe/framer.CUVxohPF.mjs:928:2407
    at https://framerusercontent.com/sites/3FdLP5MPzwKsQAwlvyLIpe/framer.CUVxohPF.mjs:83:56673
    at It (https://framerusercontent.com/sites/3FdLP5MPzwKsQAwlvyLIpe/framer.CUVxohPF.mjs:3:3254)
    at Kf (https://framerusercontent.com/sites/3FdLP5MPzwKsQAwlvyLIpe/framer.CUVxohPF.mjs:54:3067)
    at Df (https://framerusercontent.com/sites/3FdLP5MPzwKsQAwlvyLIpe/framer.CUVxohPF.mjs:52:19339)
    at sD (https://framerusercontent.com/sites/3FdLP5MPzwKsQAwlvyLIpe/framer.CUVxohPF.mjs:928:16759)
    at rp (https://framerusercontent.com/sites/3FdLP5MPzwKsQAwlvyLIpe/framer.CUVxohPF.mjs:54:11199)
    at Tn (https://framerusercontent.com/sites/3FdLP5MPzwKsQAwlvyLIpe/framer.CUVxohPF.mjs:7:9179)
    at ca (https://framerusercontent.com/sites/3FdLP5MPzwKsQAwlvyLIpe/motion.D9EjL7gc.mjs:9:1422)
    at ti (https://framerusercontent.com/sites/3FdLP5MPzwKsQAwlvyLIpe/framer.CUVxohPF.mjs:49:6757)
    at ip (https://framerusercontent.com/sites/3FdLP5MPzwKsQAwlvyLIpe/framer.CUVxohPF.mjs:54:11290)
    at YT (https://framerusercontent.com/sites/3FdLP5MPzwKsQAwlvyLIpe/framer.CUVxohPF.mjs:928:6084)
    at fr (https://framerusercontent.com/sites/3FdLP5MPzwKsQAwlvyLIpe/framer.CUVxohPF.mjs:7:16545) @ https://framerusercontent.com/sites/3FdLP5MPzwKsQAwlvyLIpe/script_main.iYPYXHh-.mjs:0
[    2185ms] [WARNING] Caught a recoverable error. The site is still functional, but might have some UI flickering or degraded page load performance. If you are the author of this website, update external components and check recently added custom code or code overrides to fix the following server/client mismatches:
 Error: Minified React error #418; visit https://reactjs.org/docs/error-decoder.html?invariant=418 for the full message or use the non-minified dev environment for full errors and additional helpful warnings.
    at da (https://framerusercontent.com/sites/3FdLP5MPzwKsQAwlvyLIpe/react.CAnmqD_l.mjs:6:4116)
    at sp (https://framerusercontent.com/sites/3FdLP5MPzwKsQAwlvyLIpe/react.CAnmqD_l.mjs:8:68259)
    at $s (https://framerusercontent.com/sites/3FdLP5MPzwKsQAwlvyLIpe/react.CAnmqD_l.mjs:8:37073)
    at Qs (https://framerusercontent.com/sites/3FdLP5MPzwKsQAwlvyLIpe/react.CAnmqD_l.mjs:8:37046)
    at Ls (https://framerusercontent.com/sites/3FdLP5MPzwKsQAwlvyLIpe/react.CAnmqD_l.mjs:8:32130)
    at wt (https://framerusercontent.com/sites/3FdLP5MPzwKsQAwlvyLIpe/react.CAnmqD_l.mjs:1:10656)
    at MessagePort.Et (https://framerusercontent.com/sites/3FdLP5MPzwKsQAwlvyLIpe/react.CAnmqD_l.mjs:1:11011) 
    at div
    at cf (https://framerusercontent.com/sites/3FdLP5MPzwKsQAwlvyLIpe/motion.D9EjL7gc.mjs:9:71319)
    at https://framerusercontent.com/sites/3FdLP5MPzwKsQAwlvyLIpe/shared-lib.DDoI-WXY.mjs:11:16580
    at https://framerusercontent.com/sites/3FdLP5MPzwKsQAwlvyLIpe/framer.CUVxohPF.mjs:83:56673
    at V (https://framerusercontent.com/sites/3FdLP5MPzwKsQAwlvyLIpe/script_main.iYPYXHh-.mjs:1:468)
    at qf (https://framerusercontent.com/sites/3FdLP5MPzwKsQAwlvyLIpe/framer.CUVxohPF.mjs:54:9457)
    at Lb (https://framerusercontent.com/sites/3FdLP5MPzwKsQAwlvyLIpe/framer.CUVxohPF.mjs:83:6220)
    at Suspense
    at nu (https://framerusercontent.com/sites/3FdLP5MPzwKsQAwlvyLIpe/framer.CUVxohPF.mjs:49:73498)
    at hT (https://framerusercontent.com/sites/3FdLP5MPzwKsQAwlvyLIpe/framer.CUVxohPF.mjs:921:26601)
    at ef (https://framerusercontent.com/sites/3FdLP5MPzwKsQAwlvyLIpe/framer.CUVxohPF.mjs:52:14464)
    at li (https://framerusercontent.com/sites/3FdLP5MPzwKsQAwlvyLIpe/framer.CUVxohPF.mjs:49:7331)
    at https://framerusercontent.com/sites/3FdLP5MPzwKsQAwlvyLIpe/framer.CUVxohPF.mjs:928:2407
    at https://framerusercontent.com/sites/3FdLP5MPzwKsQAwlvyLIpe/framer.CUVxohPF.mjs:83:56673
    at It (https://framerusercontent.com/sites/3FdLP5MPzwKsQAwlvyLIpe/framer.CUVxohPF.mjs:3:3254)
    at Kf (https://framerusercontent.com/sites/3FdLP5MPzwKsQAwlvyLIpe/framer.CUVxohPF.mjs:54:3067)
    at Df (https://framerusercontent.com/sites/3FdLP5MPzwKsQAwlvyLIpe/framer.CUVxohPF.mjs:52:19339)
    at sD (https://framerusercontent.com/sites/3FdLP5MPzwKsQAwlvyLIpe/framer.CUVxohPF.mjs:928:16759)
    at rp (https://framerusercontent.com/sites/3FdLP5MPzwKsQAwlvyLIpe/framer.CUVxohPF.mjs:54:11199)
    at Tn (https://framerusercontent.com/sites/3FdLP5MPzwKsQAwlvyLIpe/framer.CUVxohPF.mjs:7:9179)
    at ca (https://framerusercontent.com/sites/3FdLP5MPzwKsQAwlvyLIpe/motion.D9EjL7gc.mjs:9:1422)
    at ti (https://framerusercontent.com/sites/3FdLP5MPzwKsQAwlvyLIpe/framer.CUVxohPF.mjs:49:6757)
    at ip (https://framerusercontent.com/sites/3FdLP5MPzwKsQAwlvyLIpe/framer.CUVxohPF.mjs:54:11290)
    at YT (https://framerusercontent.com/sites/3FdLP5MPzwKsQAwlvyLIpe/framer.CUVxohPF.mjs:928:6084)
    at fr (https://framerusercontent.com/sites/3FdLP5MPzwKsQAwlvyLIpe/framer.CUVxohPF.mjs:7:16545) @ https://framerusercontent.com/sites/3FdLP5MPzwKsQAwlvyLIpe/script_main.iYPYXHh-.mjs:0
[    2185ms] [WARNING] Caught a recoverable error. The site is still functional, but might have some UI flickering or degraded page load performance. If you are the author of this website, update external components and check recently added custom code or code overrides to fix the following server/client mismatches:
 Error: Minified React error #422; visit https://reactjs.org/docs/error-decoder.html?invariant=422 for the full message or use the non-minified dev environment for full errors and additional helpful warnings.
    at ns (https://framerusercontent.com/sites/3FdLP5MPzwKsQAwlvyLIpe/react.CAnmqD_l.mjs:8:8255)
    at $o (https://framerusercontent.com/sites/3FdLP5MPzwKsQAwlvyLIpe/react.CAnmqD_l.mjs:8:7196)
    at sp (https://framerusercontent.com/sites/3FdLP5MPzwKsQAwlvyLIpe/react.CAnmqD_l.mjs:8:68461)
    at $s (https://framerusercontent.com/sites/3FdLP5MPzwKsQAwlvyLIpe/react.CAnmqD_l.mjs:8:37073)
    at Qs (https://framerusercontent.com/sites/3FdLP5MPzwKsQAwlvyLIpe/react.CAnmqD_l.mjs:8:37046)
    at Ls (https://framerusercontent.com/sites/3FdLP5MPzwKsQAwlvyLIpe/react.CAnmqD_l.mjs:8:32130)
    at wt (https://framerusercontent.com/sites/3FdLP5MPzwKsQAwlvyLIpe/react.CAnmqD_l.mjs:1:10656)
    at MessagePort.Et (https://framerusercontent.com/sites/3FdLP5MPzwKsQAwlvyLIpe/react.CAnmqD_l.mjs:1:11011) null @ https://framerusercontent.com/sites/3FdLP5MPzwKsQAwlvyLIpe/script_main.iYPYXHh-.mjs:0
[    2303ms] [WARNING] [dotLottie-common]: seek() Can't use whilst loading. @ https://framerusercontent.com/sites/3FdLP5MPzwKsQAwlvyLIpe/shared-lib.DDoI-WXY.mjs:182
[    2303ms] [WARNING] [dotLottie-common]: Player unable to play whilst loading. @ https://framerusercontent.com/sites/3FdLP5MPzwKsQAwlvyLIpe/shared-lib.DDoI-WXY.mjs:182
[    2303ms] [WARNING] [dotLottie-common]: seek() Can't use whilst loading. @ https://framerusercontent.com/sites/3FdLP5MPzwKsQAwlvyLIpe/shared-lib.DDoI-WXY.mjs:182
[    2303ms] [WARNING] [dotLottie-common]: Player unable to play whilst loading. @ https://framerusercontent.com/sites/3FdLP5MPzwKsQAwlvyLIpe/shared-lib.DDoI-WXY.mjs:182
[    2303ms] [WARNING] [dotLottie-common]: seek() Can't use whilst loading. @ https://framerusercontent.com/sites/3FdLP5MPzwKsQAwlvyLIpe/shared-lib.DDoI-WXY.mjs:182
[    2303ms] [WARNING] [dotLottie-common]: Player unable to play whilst loading. @ https://framerusercontent.com/sites/3FdLP5MPzwKsQAwlvyLIpe/shared-lib.DDoI-WXY.mjs:182
[    2304ms] [WARNING] [dotLottie-common]: seek() Can't use whilst loading. @ https://framerusercontent.com/sites/3FdLP5MPzwKsQAwlvyLIpe/shared-lib.DDoI-WXY.mjs:182
[    2304ms] [WARNING] [dotLottie-common]: Player unable to play whilst loading. @ https://framerusercontent.com/sites/3FdLP5MPzwKsQAwlvyLIpe/shared-lib.DDoI-WXY.mjs:182
[    2304ms] [WARNING] [dotLottie-common]: seek() Can't use whilst loading. @ https://framerusercontent.com/sites/3FdLP5MPzwKsQAwlvyLIpe/shared-lib.DDoI-WXY.mjs:182
[    2304ms] [WARNING] [dotLottie-common]: Player unable to play whilst loading. @ https://framerusercontent.com/sites/3FdLP5MPzwKsQAwlvyLIpe/shared-lib.DDoI-WXY.mjs:182
[    5612ms] [LOG] [Framer On-Page Editing] Unavailable because not on a `framer.app` subdomain and access status is no-auth @ https://app.framerstatic.com/editorbar.O3BE3TN6.mjs:0
[  314142ms] [WARNING] Caught a recoverable error. The site is still functional, but might have some UI flickering or degraded page load performance. If you are the author of this website, update external components and check recently added custom code or code overrides to fix the following server/client mismatches:
 Error: Minified React error #418; visit https://reactjs.org/docs/error-decoder.html?invariant=418 for the full message or use the non-minified dev environment for full errors and additional helpful warnings.
    at pa (https://framerusercontent.com/sites/3FdLP5MPzwKsQAwlvyLIpe/react.CAnmqD_l.mjs:6:4569)
    at us (https://framerusercontent.com/sites/3FdLP5MPzwKsQAwlvyLIpe/react.CAnmqD_l.mjs:8:13345)
    at ec (https://framerusercontent.com/sites/3FdLP5MPzwKsQAwlvyLIpe/react.CAnmqD_l.mjs:8:37372)
    at $s (https://framerusercontent.com/sites/3FdLP5MPzwKsQAwlvyLIpe/react.CAnmqD_l.mjs:8:37134)
    at Qs (https://framerusercontent.com/sites/3FdLP5MPzwKsQAwlvyLIpe/react.CAnmqD_l.mjs:8:37046)
    at Ls (https://framerusercontent.com/sites/3FdLP5MPzwKsQAwlvyLIpe/react.CAnmqD_l.mjs:8:32130)
    at wt (https://framerusercontent.com/sites/3FdLP5MPzwKsQAwlvyLIpe/react.CAnmqD_l.mjs:1:10656)
    at MessagePort.Et (https://framerusercontent.com/sites/3FdLP5MPzwKsQAwlvyLIpe/react.CAnmqD_l.mjs:1:11011) 
    at ul
    at s (https://framerusercontent.com/sites/3FdLP5MPzwKsQAwlvyLIpe/motion.D9EjL7gc.mjs:9:5741)
    at div
    at s (https://framerusercontent.com/sites/3FdLP5MPzwKsQAwlvyLIpe/motion.D9EjL7gc.mjs:9:5741)
    at s (https://framerusercontent.com/sites/3FdLP5MPzwKsQAwlvyLIpe/motion.D9EjL7gc.mjs:9:5741)
    at Ph (https://framerusercontent.com/sites/3FdLP5MPzwKsQAwlvyLIpe/framer.CUVxohPF.mjs:59:16368)
    at Nh (https://framerusercontent.com/sites/3FdLP5MPzwKsQAwlvyLIpe/framer.CUVxohPF.mjs:59:13242)
    at https://framerusercontent.com/sites/3FdLP5MPzwKsQAwlvyLIpe/framer.CUVxohPF.mjs:929:3070
    at sk (https://framerusercontent.com/sites/3FdLP5MPzwKsQAwlvyLIpe/framer.CUVxohPF.mjs:929:4435)
    at https://framerusercontent.com/sites/3FdLP5MPzwKsQAwlvyLIpe/framer.CUVxohPF.mjs:929:4607
    at https://framerusercontent.com/sites/3FdLP5MPzwKsQAwlvyLIpe/framer.CUVxohPF.mjs:929:5431
    at div
    at https://framerusercontent.com/sites/3FdLP5MPzwKsQAwlvyLIpe/framer.CUVxohPF.mjs:921:21087
    at https://framerusercontent.com/sites/3FdLP5MPzwKsQAwlvyLIpe/framer.CUVxohPF.mjs:83:56673
    at div
    at div
    at s (https://framerusercontent.com/sites/3FdLP5MPzwKsQAwlvyLIpe/motion.D9EjL7gc.mjs:9:5741)
    at https://framerusercontent.com/sites/3FdLP5MPzwKsQAwlvyLIpe/framer.CUVxohPF.mjs:921:24654
    at div
    at div
    at s (https://framerusercontent.com/sites/3FdLP5MPzwKsQAwlvyLIpe/motion.D9EjL7gc.mjs:9:5741)
    at div
    at s (https://framerusercontent.com/sites/3FdLP5MPzwKsQAwlvyLIpe/motion.D9EjL7gc.mjs:9:5741)
    at ca (https://framerusercontent.com/sites/3FdLP5MPzwKsQAwlvyLIpe/motion.D9EjL7gc.mjs:9:1422)
    at cf (https://framerusercontent.com/sites/3FdLP5MPzwKsQAwlvyLIpe/motion.D9EjL7gc.mjs:9:71319)
    at https://framerusercontent.com/sites/3FdLP5MPzwKsQAwlvyLIpe/framer.CUVxohPF.mjs:929:5530
    at cf (https://framerusercontent.com/sites/3FdLP5MPzwKsQAwlvyLIpe/motion.D9EjL7gc.mjs:9:71319)
    at https://framerusercontent.com/sites/3FdLP5MPzwKsQAwlvyLIpe/shared-lib.DDoI-WXY.mjs:55:139403
    at https://framerusercontent.com/sites/3FdLP5MPzwKsQAwlvyLIpe/framer.CUVxohPF.mjs:83:56673
    at https://framerusercontent.com/sites/3FdLP5MPzwKsQAwlvyLIpe/framer.CUVxohPF.mjs:3:1056
    at div
    at s (https://framerusercontent.com/sites/3FdLP5MPzwKsQAwlvyLIpe/motion.D9EjL7gc.mjs:9:5741)
    at cf (https://framerusercontent.com/sites/3FdLP5MPzwKsQAwlvyLIpe/motion.D9EjL7gc.mjs:9:71319)
    at https://framerusercontent.com/sites/3FdLP5MPzwKsQAwlvyLIpe/shared-lib.DDoI-WXY.mjs:11:16580
    at https://framerusercontent.com/sites/3FdLP5MPzwKsQAwlvyLIpe/framer.CUVxohPF.mjs:83:56673
    at V (https://framerusercontent.com/sites/3FdLP5MPzwKsQAwlvyLIpe/script_main.iYPYXHh-.mjs:1:468)
    at qf (https://framerusercontent.com/sites/3FdLP5MPzwKsQAwlvyLIpe/framer.CUVxohPF.mjs:54:9457)
    at Lb (https://framerusercontent.com/sites/3FdLP5MPzwKsQAwlvyLIpe/framer.CUVxohPF.mjs:83:6220)
    at Suspense
    at nu (https://framerusercontent.com/sites/3FdLP5MPzwKsQAwlvyLIpe/framer.CUVxohPF.mjs:49:73498)
    at hT (https://framerusercontent.com/sites/3FdLP5MPzwKsQAwlvyLIpe/framer.CUVxohPF.mjs:921:26601)
    at ef (https://framerusercontent.com/sites/3FdLP5MPzwKsQAwlvyLIpe/framer.CUVxohPF.mjs:52:14464)
    at li (https://framerusercontent.com/sites/3FdLP5MPzwKsQAwlvyLIpe/framer.CUVxohPF.mjs:49:7331)
    at https://framerusercontent.com/sites/3FdLP5MPzwKsQAwlvyLIpe/framer.CUVxohPF.mjs:928:2407
    at https://framerusercontent.com/sites/3FdLP5MPzwKsQAwlvyLIpe/framer.CUVxohPF.mjs:83:56673
    at It (https://framerusercontent.com/sites/3FdLP5MPzwKsQAwlvyLIpe/framer.CUVxohPF.mjs:3:3254)
    at Kf (https://framerusercontent.com/sites/3FdLP5MPzwKsQAwlvyLIpe/framer.CUVxohPF.mjs:54:3067)
    at Df (https://framerusercontent.com/sites/3FdLP5MPzwKsQAwlvyLIpe/framer.CUVxohPF.mjs:52:19339)
    at sD (https://framerusercontent.com/sites/3FdLP5MPzwKsQAwlvyLIpe/framer.CUVxohPF.mjs:928:16759)
    at rp (https://framerusercontent.com/sites/3FdLP5MPzwKsQAwlvyLIpe/framer.CUVxohPF.mjs:54:11199)
    at Tn (https://framerusercontent.com/sites/3FdLP5MPzwKsQAwlvyLIpe/framer.CUVxohPF.mjs:7:9179)
    at ca (https://framerusercontent.com/sites/3FdLP5MPzwKsQAwlvyLIpe/motion.D9EjL7gc.mjs:9:1422)
    at ti (https://framerusercontent.com/sites/3FdLP5MPzwKsQAwlvyLIpe/framer.CUVxohPF.mjs:49:6757)
    at ip (https://framerusercontent.com/sites/3FdLP5MPzwKsQAwlvyLIpe/framer.CUVxohPF.mjs:54:11290)
    at YT (https://framerusercontent.com/sites/3FdLP5MPzwKsQAwlvyLIpe/framer.CUVxohPF.mjs:928:6084)
    at fr (https://framerusercontent.com/sites/3FdLP5MPzwKsQAwlvyLIpe/framer.CUVxohPF.mjs:7:16545) @ https://framerusercontent.com/sites/3FdLP5MPzwKsQAwlvyLIpe/script_main.iYPYXHh-.mjs:0
[  314142ms] [WARNING] Caught a recoverable error. The site is still functional, but might have some UI flickering or degraded page load performance. If you are the author of this website, update external components and check recently added custom code or code overrides to fix the following server/client mismatches:
 Error: Minified React error #418; visit https://reactjs.org/docs/error-decoder.html?invariant=418 for the full message or use the non-minified dev environment for full errors and additional helpful warnings.
    at da (https://framerusercontent.com/sites/3FdLP5MPzwKsQAwlvyLIpe/react.CAnmqD_l.mjs:6:4116)
    at sp (https://framerusercontent.com/sites/3FdLP5MPzwKsQAwlvyLIpe/react.CAnmqD_l.mjs:8:68435)
    at $s (https://framerusercontent.com/sites/3FdLP5MPzwKsQAwlvyLIpe/react.CAnmqD_l.mjs:8:37073)
    at Qs (https://framerusercontent.com/sites/3FdLP5MPzwKsQAwlvyLIpe/react.CAnmqD_l.mjs:8:37046)
    at Ls (https://framerusercontent.com/sites/3FdLP5MPzwKsQAwlvyLIpe/react.CAnmqD_l.mjs:8:32130)
    at wt (https://framerusercontent.com/sites/3FdLP5MPzwKsQAwlvyLIpe/react.CAnmqD_l.mjs:1:10656)
    at MessagePort.Et (https://framerusercontent.com/sites/3FdLP5MPzwKsQAwlvyLIpe/react.CAnmqD_l.mjs:1:11011) 
    at Ph (https://framerusercontent.com/sites/3FdLP5MPzwKsQAwlvyLIpe/framer.CUVxohPF.mjs:59:16368)
    at Nh (https://framerusercontent.com/sites/3FdLP5MPzwKsQAwlvyLIpe/framer.CUVxohPF.mjs:59:13242)
    at https://framerusercontent.com/sites/3FdLP5MPzwKsQAwlvyLIpe/framer.CUVxohPF.mjs:929:3070
    at sk (https://framerusercontent.com/sites/3FdLP5MPzwKsQAwlvyLIpe/framer.CUVxohPF.mjs:929:4435)
    at https://framerusercontent.com/sites/3FdLP5MPzwKsQAwlvyLIpe/framer.CUVxohPF.mjs:929:4607
    at https://framerusercontent.com/sites/3FdLP5MPzwKsQAwlvyLIpe/framer.CUVxohPF.mjs:929:5431
    at div
    at https://framerusercontent.com/sites/3FdLP5MPzwKsQAwlvyLIpe/framer.CUVxohPF.mjs:921:21087
    at https://framerusercontent.com/sites/3FdLP5MPzwKsQAwlvyLIpe/framer.CUVxohPF.mjs:83:56673
    at div
    at div
    at s (https://framerusercontent.com/sites/3FdLP5MPzwKsQAwlvyLIpe/motion.D9EjL7gc.mjs:9:5741)
    at https://framerusercontent.com/sites/3FdLP5MPzwKsQAwlvyLIpe/framer.CUVxohPF.mjs:921:24654
    at div
    at div
    at s (https://framerusercontent.com/sites/3FdLP5MPzwKsQAwlvyLIpe/motion.D9EjL7gc.mjs:9:5741)
    at div
    at s (https://framerusercontent.com/sites/3FdLP5MPzwKsQAwlvyLIpe/motion.D9EjL7gc.mjs:9:5741)
    at ca (https://framerusercontent.com/sites/3FdLP5MPzwKsQAwlvyLIpe/motion.D9EjL7gc.mjs:9:1422)
    at cf (https://framerusercontent.com/sites/3FdLP5MPzwKsQAwlvyLIpe/motion.D9EjL7gc.mjs:9:71319)
    at https://framerusercontent.com/sites/3FdLP5MPzwKsQAwlvyLIpe/framer.CUVxohPF.mjs:929:5530
    at cf (https://framerusercontent.com/sites/3FdLP5MPzwKsQAwlvyLIpe/motion.D9EjL7gc.mjs:9:71319)
    at https://framerusercontent.com/sites/3FdLP5MPzwKsQAwlvyLIpe/shared-lib.DDoI-WXY.mjs:55:139403
    at https://framerusercontent.com/sites/3FdLP5MPzwKsQAwlvyLIpe/framer.CUVxohPF.mjs:83:56673
    at https://framerusercontent.com/sites/3FdLP5MPzwKsQAwlvyLIpe/framer.CUVxohPF.mjs:3:1056
    at div
    at s (https://framerusercontent.com/sites/3FdLP5MPzwKsQAwlvyLIpe/motion.D9EjL7gc.mjs:9:5741)
    at cf (https://framerusercontent.com/sites/3FdLP5MPzwKsQAwlvyLIpe/motion.D9EjL7gc.mjs:9:71319)
    at https://framerusercontent.com/sites/3FdLP5MPzwKsQAwlvyLIpe/shared-lib.DDoI-WXY.mjs:11:16580
    at https://framerusercontent.com/sites/3FdLP5MPzwKsQAwlvyLIpe/framer.CUVxohPF.mjs:83:56673
    at V (https://framerusercontent.com/sites/3FdLP5MPzwKsQAwlvyLIpe/script_main.iYPYXHh-.mjs:1:468)
    at qf (https://framerusercontent.com/sites/3FdLP5MPzwKsQAwlvyLIpe/framer.CUVxohPF.mjs:54:9457)
    at Lb (https://framerusercontent.com/sites/3FdLP5MPzwKsQAwlvyLIpe/framer.CUVxohPF.mjs:83:6220)
    at Suspense
    at nu (https://framerusercontent.com/sites/3FdLP5MPzwKsQAwlvyLIpe/framer.CUVxohPF.mjs:49:73498)
    at hT (https://framerusercontent.com/sites/3FdLP5MPzwKsQAwlvyLIpe/framer.CUVxohPF.mjs:921:26601)
    at ef (https://framerusercontent.com/sites/3FdLP5MPzwKsQAwlvyLIpe/framer.CUVxohPF.mjs:52:14464)
    at li (https://framerusercontent.com/sites/3FdLP5MPzwKsQAwlvyLIpe/framer.CUVxohPF.mjs:49:7331)
    at https://framerusercontent.com/sites/3FdLP5MPzwKsQAwlvyLIpe/framer.CUVxohPF.mjs:928:2407
    at https://framerusercontent.com/sites/3FdLP5MPzwKsQAwlvyLIpe/framer.CUVxohPF.mjs:83:56673
    at It (https://framerusercontent.com/sites/3FdLP5MPzwKsQAwlvyLIpe/framer.CUVxohPF.mjs:3:3254)
    at Kf (https://framerusercontent.com/sites/3FdLP5MPzwKsQAwlvyLIpe/framer.CUVxohPF.mjs:54:3067)
    at Df (https://framerusercontent.com/sites/3FdLP5MPzwKsQAwlvyLIpe/framer.CUVxohPF.mjs:52:19339)
    at sD (https://framerusercontent.com/sites/3FdLP5MPzwKsQAwlvyLIpe/framer.CUVxohPF.mjs:928:16759)
    at rp (https://framerusercontent.com/sites/3FdLP5MPzwKsQAwlvyLIpe/framer.CUVxohPF.mjs:54:11199)
    at Tn (https://framerusercontent.com/sites/3FdLP5MPzwKsQAwlvyLIpe/framer.CUVxohPF.mjs:7:9179)
    at ca (https://framerusercontent.com/sites/3FdLP5MPzwKsQAwlvyLIpe/motion.D9EjL7gc.mjs:9:1422)
    at ti (https://framerusercontent.com/sites/3FdLP5MPzwKsQAwlvyLIpe/framer.CUVxohPF.mjs:49:6757)
    at ip (https://framerusercontent.com/sites/3FdLP5MPzwKsQAwlvyLIpe/framer.CUVxohPF.mjs:54:11290)
    at YT (https://framerusercontent.com/sites/3FdLP5MPzwKsQAwlvyLIpe/framer.CUVxohPF.mjs:928:6084)
    at fr (https://framerusercontent.com/sites/3FdLP5MPzwKsQAwlvyLIpe/framer.CUVxohPF.mjs:7:16545) @ https://framerusercontent.com/sites/3FdLP5MPzwKsQAwlvyLIpe/script_main.iYPYXHh-.mjs:0
[  314143ms] [WARNING] Caught a recoverable error. The site is still functional, but might have some UI flickering or degraded page load performance. If you are the author of this website, update external components and check recently added custom code or code overrides to fix the following server/client mismatches:
 Error: Minified React error #418; visit https://reactjs.org/docs/error-decoder.html?invariant=418 for the full message or use the non-minified dev environment for full errors and additional helpful warnings.
    at da (https://framerusercontent.com/sites/3FdLP5MPzwKsQAwlvyLIpe/react.CAnmqD_l.mjs:6:4116)
    at sp (https://framerusercontent.com/sites/3FdLP5MPzwKsQAwlvyLIpe/react.CAnmqD_l.mjs:8:68259)
    at $s (https://framerusercontent.com/sites/3FdLP5MPzwKsQAwlvyLIpe/react.CAnmqD_l.mjs:8:37073)
    at Qs (https://framerusercontent.com/sites/3FdLP5MPzwKsQAwlvyLIpe/react.CAnmqD_l.mjs:8:37046)
    at Ls (https://framerusercontent.com/sites/3FdLP5MPzwKsQAwlvyLIpe/react.CAnmqD_l.mjs:8:32130)
    at wt (https://framerusercontent.com/sites/3FdLP5MPzwKsQAwlvyLIpe/react.CAnmqD_l.mjs:1:10656)
    at MessagePort.Et (https://framerusercontent.com/sites/3FdLP5MPzwKsQAwlvyLIpe/react.CAnmqD_l.mjs:1:11011) 
    at div
    at s (https://framerusercontent.com/sites/3FdLP5MPzwKsQAwlvyLIpe/motion.D9EjL7gc.mjs:9:5741)
    at s (https://framerusercontent.com/sites/3FdLP5MPzwKsQAwlvyLIpe/motion.D9EjL7gc.mjs:9:5741)
    at Ph (https://framerusercontent.com/sites/3FdLP5MPzwKsQAwlvyLIpe/framer.CUVxohPF.mjs:59:16368)
    at Nh (https://framerusercontent.com/sites/3FdLP5MPzwKsQAwlvyLIpe/framer.CUVxohPF.mjs:59:13242)
    at https://framerusercontent.com/sites/3FdLP5MPzwKsQAwlvyLIpe/framer.CUVxohPF.mjs:929:3070
    at sk (https://framerusercontent.com/sites/3FdLP5MPzwKsQAwlvyLIpe/framer.CUVxohPF.mjs:929:4435)
    at https://framerusercontent.com/sites/3FdLP5MPzwKsQAwlvyLIpe/framer.CUVxohPF.mjs:929:4607
    at https://framerusercontent.com/sites/3FdLP5MPzwKsQAwlvyLIpe/framer.CUVxohPF.mjs:929:5431
    at div
    at div
    at s (https://framerusercontent.com/sites/3FdLP5MPzwKsQAwlvyLIpe/motion.D9EjL7gc.mjs:9:5741)
    at https://framerusercontent.com/sites/3FdLP5MPzwKsQAwlvyLIpe/framer.CUVxohPF.mjs:921:24654
    at div
    at div
    at s (https://framerusercontent.com/sites/3FdLP5MPzwKsQAwlvyLIpe/motion.D9EjL7gc.mjs:9:5741)
    at div
    at s (https://framerusercontent.com/sites/3FdLP5MPzwKsQAwlvyLIpe/motion.D9EjL7gc.mjs:9:5741)
    at ca (https://framerusercontent.com/sites/3FdLP5MPzwKsQAwlvyLIpe/motion.D9EjL7gc.mjs:9:1422)
    at cf (https://framerusercontent.com/sites/3FdLP5MPzwKsQAwlvyLIpe/motion.D9EjL7gc.mjs:9:71319)
    at https://framerusercontent.com/sites/3FdLP5MPzwKsQAwlvyLIpe/framer.CUVxohPF.mjs:929:5530
    at cf (https://framerusercontent.com/sites/3FdLP5MPzwKsQAwlvyLIpe/motion.D9EjL7gc.mjs:9:71319)
    at https://framerusercontent.com/sites/3FdLP5MPzwKsQAwlvyLIpe/shared-lib.DDoI-WXY.mjs:55:139403
    at https://framerusercontent.com/sites/3FdLP5MPzwKsQAwlvyLIpe/framer.CUVxohPF.mjs:83:56673
    at https://framerusercontent.com/sites/3FdLP5MPzwKsQAwlvyLIpe/framer.CUVxohPF.mjs:3:1056
    at div
    at s (https://framerusercontent.com/sites/3FdLP5MPzwKsQAwlvyLIpe/motion.D9EjL7gc.mjs:9:5741)
    at cf (https://framerusercontent.com/sites/3FdLP5MPzwKsQAwlvyLIpe/motion.D9EjL7gc.mjs:9:71319)
    at https://framerusercontent.com/sites/3FdLP5MPzwKsQAwlvyLIpe/shared-lib.DDoI-WXY.mjs:11:16580
    at https://framerusercontent.com/sites/3FdLP5MPzwKsQAwlvyLIpe/framer.CUVxohPF.mjs:83:56673
    at V (https://framerusercontent.com/sites/3FdLP5MPzwKsQAwlvyLIpe/script_main.iYPYXHh-.mjs:1:468)
    at qf (https://framerusercontent.com/sites/3FdLP5MPzwKsQAwlvyLIpe/framer.CUVxohPF.mjs:54:9457)
    at Lb (https://framerusercontent.com/sites/3FdLP5MPzwKsQAwlvyLIpe/framer.CUVxohPF.mjs:83:6220)
    at Suspense
    at nu (https://framerusercontent.com/sites/3FdLP5MPzwKsQAwlvyLIpe/framer.CUVxohPF.mjs:49:73498)
    at hT (https://framerusercontent.com/sites/3FdLP5MPzwKsQAwlvyLIpe/framer.CUVxohPF.mjs:921:26601)
    at ef (https://framerusercontent.com/sites/3FdLP5MPzwKsQAwlvyLIpe/framer.CUVxohPF.mjs:52:14464)
    at li (https://framerusercontent.com/sites/3FdLP5MPzwKsQAwlvyLIpe/framer.CUVxohPF.mjs:49:7331)
    at https://framerusercontent.com/sites/3FdLP5MPzwKsQAwlvyLIpe/framer.CUVxohPF.mjs:928:2407
    at https://framerusercontent.com/sites/3FdLP5MPzwKsQAwlvyLIpe/framer.CUVxohPF.mjs:83:56673
    at It (https://framerusercontent.com/sites/3FdLP5MPzwKsQAwlvyLIpe/framer.CUVxohPF.mjs:3:3254)
    at Kf (https://framerusercontent.com/sites/3FdLP5MPzwKsQAwlvyLIpe/framer.CUVxohPF.mjs:54:3067)
    at Df (https://framerusercontent.com/sites/3FdLP5MPzwKsQAwlvyLIpe/framer.CUVxohPF.mjs:52:19339)
    at sD (https://framerusercontent.com/sites/3FdLP5MPzwKsQAwlvyLIpe/framer.CUVxohPF.mjs:928:16759)
    at rp (https://framerusercontent.com/sites/3FdLP5MPzwKsQAwlvyLIpe/framer.CUVxohPF.mjs:54:11199)
    at Tn (https://framerusercontent.com/sites/3FdLP5MPzwKsQAwlvyLIpe/framer.CUVxohPF.mjs:7:9179)
    at ca (https://framerusercontent.com/sites/3FdLP5MPzwKsQAwlvyLIpe/motion.D9EjL7gc.mjs:9:1422)
    at ti (https://framerusercontent.com/sites/3FdLP5MPzwKsQAwlvyLIpe/framer.CUVxohPF.mjs:49:6757)
    at ip (https://framerusercontent.com/sites/3FdLP5MPzwKsQAwlvyLIpe/framer.CUVxohPF.mjs:54:11290)
    at YT (https://framerusercontent.com/sites/3FdLP5MPzwKsQAwlvyLIpe/framer.CUVxohPF.mjs:928:6084)
    at fr (https://framerusercontent.com/sites/3FdLP5MPzwKsQAwlvyLIpe/framer.CUVxohPF.mjs:7:16545) @ https://framerusercontent.com/sites/3FdLP5MPzwKsQAwlvyLIpe/script_main.iYPYXHh-.mjs:0
[  314143ms] [WARNING] Caught a recoverable error. The site is still functional, but might have some UI flickering or degraded page load performance. If you are the author of this website, update external components and check recently added custom code or code overrides to fix the following server/client mismatches:
 Error: Minified React error #418; visit https://reactjs.org/docs/error-decoder.html?invariant=418 for the full message or use the non-minified dev environment for full errors and additional helpful warnings.
    at da (https://framerusercontent.com/sites/3FdLP5MPzwKsQAwlvyLIpe/react.CAnmqD_l.mjs:6:4116)
    at sp (https://framerusercontent.com/sites/3FdLP5MPzwKsQAwlvyLIpe/react.CAnmqD_l.mjs:8:68435)
    at $s (https://framerusercontent.com/sites/3FdLP5MPzwKsQAwlvyLIpe/react.CAnmqD_l.mjs:8:37073)
    at Qs (https://framerusercontent.com/sites/3FdLP5MPzwKsQAwlvyLIpe/react.CAnmqD_l.mjs:8:37046)
    at Ls (https://framerusercontent.com/sites/3FdLP5MPzwKsQAwlvyLIpe/react.CAnmqD_l.mjs:8:32130)
    at wt (https://framerusercontent.com/sites/3FdLP5MPzwKsQAwlvyLIpe/react.CAnmqD_l.mjs:1:10656)
    at MessagePort.Et (https://framerusercontent.com/sites/3FdLP5MPzwKsQAwlvyLIpe/react.CAnmqD_l.mjs:1:11011) 
    at Ph (https://framerusercontent.com/sites/3FdLP5MPzwKsQAwlvyLIpe/framer.CUVxohPF.mjs:59:16368)
    at Nh (https://framerusercontent.com/sites/3FdLP5MPzwKsQAwlvyLIpe/framer.CUVxohPF.mjs:59:13242)
    at https://framerusercontent.com/sites/3FdLP5MPzwKsQAwlvyLIpe/framer.CUVxohPF.mjs:929:3070
    at sk (https://framerusercontent.com/sites/3FdLP5MPzwKsQAwlvyLIpe/framer.CUVxohPF.mjs:929:4435)
    at https://framerusercontent.com/sites/3FdLP5MPzwKsQAwlvyLIpe/framer.CUVxohPF.mjs:929:4607
    at https://framerusercontent.com/sites/3FdLP5MPzwKsQAwlvyLIpe/framer.CUVxohPF.mjs:929:5431
    at div
    at div
    at s (https://framerusercontent.com/sites/3FdLP5MPzwKsQAwlvyLIpe/motion.D9EjL7gc.mjs:9:5741)
    at https://framerusercontent.com/sites/3FdLP5MPzwKsQAwlvyLIpe/framer.CUVxohPF.mjs:921:24654
    at div
    at div
    at s (https://framerusercontent.com/sites/3FdLP5MPzwKsQAwlvyLIpe/motion.D9EjL7gc.mjs:9:5741)
    at div
    at s (https://framerusercontent.com/sites/3FdLP5MPzwKsQAwlvyLIpe/motion.D9EjL7gc.mjs:9:5741)
    at ca (https://framerusercontent.com/sites/3FdLP5MPzwKsQAwlvyLIpe/motion.D9EjL7gc.mjs:9:1422)
    at cf (https://framerusercontent.com/sites/3FdLP5MPzwKsQAwlvyLIpe/motion.D9EjL7gc.mjs:9:71319)
    at https://framerusercontent.com/sites/3FdLP5MPzwKsQAwlvyLIpe/framer.CUVxohPF.mjs:929:5530
    at cf (https://framerusercontent.com/sites/3FdLP5MPzwKsQAwlvyLIpe/motion.D9EjL7gc.mjs:9:71319)
    at https://framerusercontent.com/sites/3FdLP5MPzwKsQAwlvyLIpe/shared-lib.DDoI-WXY.mjs:55:139403
    at https://framerusercontent.com/sites/3FdLP5MPzwKsQAwlvyLIpe/framer.CUVxohPF.mjs:83:56673
    at https://framerusercontent.com/sites/3FdLP5MPzwKsQAwlvyLIpe/framer.CUVxohPF.mjs:3:1056
    at div
    at s (https://framerusercontent.com/sites/3FdLP5MPzwKsQAwlvyLIpe/motion.D9EjL7gc.mjs:9:5741)
    at cf (https://framerusercontent.com/sites/3FdLP5MPzwKsQAwlvyLIpe/motion.D9EjL7gc.mjs:9:71319)
    at https://framerusercontent.com/sites/3FdLP5MPzwKsQAwlvyLIpe/shared-lib.DDoI-WXY.mjs:11:16580
    at https://framerusercontent.com/sites/3FdLP5MPzwKsQAwlvyLIpe/framer.CUVxohPF.mjs:83:56673
    at V (https://framerusercontent.com/sites/3FdLP5MPzwKsQAwlvyLIpe/script_main.iYPYXHh-.mjs:1:468)
    at qf (https://framerusercontent.com/sites/3FdLP5MPzwKsQAwlvyLIpe/framer.CUVxohPF.mjs:54:9457)
    at Lb (https://framerusercontent.com/sites/3FdLP5MPzwKsQAwlvyLIpe/framer.CUVxohPF.mjs:83:6220)
    at Suspense
    at nu (https://framerusercontent.com/sites/3FdLP5MPzwKsQAwlvyLIpe/framer.CUVxohPF.mjs:49:73498)
    at hT (https://framerusercontent.com/sites/3FdLP5MPzwKsQAwlvyLIpe/framer.CUVxohPF.mjs:921:26601)
    at ef (https://framerusercontent.com/sites/3FdLP5MPzwKsQAwlvyLIpe/framer.CUVxohPF.mjs:52:14464)
    at li (https://framerusercontent.com/sites/3FdLP5MPzwKsQAwlvyLIpe/framer.CUVxohPF.mjs:49:7331)
    at https://framerusercontent.com/sites/3FdLP5MPzwKsQAwlvyLIpe/framer.CUVxohPF.mjs:928:2407
    at https://framerusercontent.com/sites/3FdLP5MPzwKsQAwlvyLIpe/framer.CUVxohPF.mjs:83:56673
    at It (https://framerusercontent.com/sites/3FdLP5MPzwKsQAwlvyLIpe/framer.CUVxohPF.mjs:3:3254)
    at Kf (https://framerusercontent.com/sites/3FdLP5MPzwKsQAwlvyLIpe/framer.CUVxohPF.mjs:54:3067)
    at Df (https://framerusercontent.com/sites/3FdLP5MPzwKsQAwlvyLIpe/framer.CUVxohPF.mjs:52:19339)
    at sD (https://framerusercontent.com/sites/3FdLP5MPzwKsQAwlvyLIpe/framer.CUVxohPF.mjs:928:16759)
    at rp (https://framerusercontent.com/sites/3FdLP5MPzwKsQAwlvyLIpe/framer.CUVxohPF.mjs:54:11199)
    at Tn (https://framerusercontent.com/sites/3FdLP5MPzwKsQAwlvyLIpe/framer.CUVxohPF.mjs:7:9179)
    at ca (https://framerusercontent.com/sites/3FdLP5MPzwKsQAwlvyLIpe/motion.D9EjL7gc.mjs:9:1422)
    at ti (https://framerusercontent.com/sites/3FdLP5MPzwKsQAwlvyLIpe/framer.CUVxohPF.mjs:49:6757)
    at ip (https://framerusercontent.com/sites/3FdLP5MPzwKsQAwlvyLIpe/framer.CUVxohPF.mjs:54:11290)
    at YT (https://framerusercontent.com/sites/3FdLP5MPzwKsQAwlvyLIpe/framer.CUVxohPF.mjs:928:6084)
    at fr (https://framerusercontent.com/sites/3FdLP5MPzwKsQAwlvyLIpe/framer.CUVxohPF.mjs:7:16545) @ https://framerusercontent.com/sites/3FdLP5MPzwKsQAwlvyLIpe/script_main.iYPYXHh-.mjs:0
[  314143ms] [WARNING] Caught a recoverable error. The site is still functional, but might have some UI flickering or degraded page load performance. If you are the author of this website, update external components and check recently added custom code or code overrides to fix the following server/client mismatches:
 Error: Minified React error #418; visit https://reactjs.org/docs/error-decoder.html?invariant=418 for the full message or use the non-minified dev environment for full errors and additional helpful warnings.
    at da (https://framerusercontent.com/sites/3FdLP5MPzwKsQAwlvyLIpe/react.CAnmqD_l.mjs:6:4116)
    at sp (https://framerusercontent.com/sites/3FdLP5MPzwKsQAwlvyLIpe/react.CAnmqD_l.mjs:8:68259)
    at $s (https://framerusercontent.com/sites/3FdLP5MPzwKsQAwlvyLIpe/react.CAnmqD_l.mjs:8:37073)
    at Qs (https://framerusercontent.com/sites/3FdLP5MPzwKsQAwlvyLIpe/react.CAnmqD_l.mjs:8:37046)
    at Ls (https://framerusercontent.com/sites/3FdLP5MPzwKsQAwlvyLIpe/react.CAnmqD_l.mjs:8:32130)
    at wt (https://framerusercontent.com/sites/3FdLP5MPzwKsQAwlvyLIpe/react.CAnmqD_l.mjs:1:10656)
    at MessagePort.Et (https://framerusercontent.com/sites/3FdLP5MPzwKsQAwlvyLIpe/react.CAnmqD_l.mjs:1:11011) 
    at div
    at s (https://framerusercontent.com/sites/3FdLP5MPzwKsQAwlvyLIpe/motion.D9EjL7gc.mjs:9:5741)
    at s (https://framerusercontent.com/sites/3FdLP5MPzwKsQAwlvyLIpe/motion.D9EjL7gc.mjs:9:5741)
    at Ph (https://framerusercontent.com/sites/3FdLP5MPzwKsQAwlvyLIpe/framer.CUVxohPF.mjs:59:16368)
    at Nh (https://framerusercontent.com/sites/3FdLP5MPzwKsQAwlvyLIpe/framer.CUVxohPF.mjs:59:13242)
    at https://framerusercontent.com/sites/3FdLP5MPzwKsQAwlvyLIpe/framer.CUVxohPF.mjs:929:3070
    at sk (https://framerusercontent.com/sites/3FdLP5MPzwKsQAwlvyLIpe/framer.CUVxohPF.mjs:929:4435)
    at https://framerusercontent.com/sites/3FdLP5MPzwKsQAwlvyLIpe/framer.CUVxohPF.mjs:929:4607
    at https://framerusercontent.com/sites/3FdLP5MPzwKsQAwlvyLIpe/framer.CUVxohPF.mjs:929:5431
    at div
    at div
    at s (https://framerusercontent.com/sites/3FdLP5MPzwKsQAwlvyLIpe/motion.D9EjL7gc.mjs:9:5741)
    at https://framerusercontent.com/sites/3FdLP5MPzwKsQAwlvyLIpe/framer.CUVxohPF.mjs:921:24654
    at div
    at div
    at s (https://framerusercontent.com/sites/3FdLP5MPzwKsQAwlvyLIpe/motion.D9EjL7gc.mjs:9:5741)
    at div
    at s (https://framerusercontent.com/sites/3FdLP5MPzwKsQAwlvyLIpe/motion.D9EjL7gc.mjs:9:5741)
    at ca (https://framerusercontent.com/sites/3FdLP5MPzwKsQAwlvyLIpe/motion.D9EjL7gc.mjs:9:1422)
    at cf (https://framerusercontent.com/sites/3FdLP5MPzwKsQAwlvyLIpe/motion.D9EjL7gc.mjs:9:71319)
    at https://framerusercontent.com/sites/3FdLP5MPzwKsQAwlvyLIpe/framer.CUVxohPF.mjs:929:5530
    at cf (https://framerusercontent.com/sites/3FdLP5MPzwKsQAwlvyLIpe/motion.D9EjL7gc.mjs:9:71319)
    at https://framerusercontent.com/sites/3FdLP5MPzwKsQAwlvyLIpe/shared-lib.DDoI-WXY.mjs:55:139403
    at https://framerusercontent.com/sites/3FdLP5MPzwKsQAwlvyLIpe/framer.CUVxohPF.mjs:83:56673
    at https://framerusercontent.com/sites/3FdLP5MPzwKsQAwlvyLIpe/framer.CUVxohPF.mjs:3:1056
    at div
    at s (https://framerusercontent.com/sites/3FdLP5MPzwKsQAwlvyLIpe/motion.D9EjL7gc.mjs:9:5741)
    at cf (https://framerusercontent.com/sites/3FdLP5MPzwKsQAwlvyLIpe/motion.D9EjL7gc.mjs:9:71319)
    at https://framerusercontent.com/sites/3FdLP5MPzwKsQAwlvyLIpe/shared-lib.DDoI-WXY.mjs:11:16580
    at https://framerusercontent.com/sites/3FdLP5MPzwKsQAwlvyLIpe/framer.CUVxohPF.mjs:83:56673
    at V (https://framerusercontent.com/sites/3FdLP5MPzwKsQAwlvyLIpe/script_main.iYPYXHh-.mjs:1:468)
    at qf (https://framerusercontent.com/sites/3FdLP5MPzwKsQAwlvyLIpe/framer.CUVxohPF.mjs:54:9457)
    at Lb (https://framerusercontent.com/sites/3FdLP5MPzwKsQAwlvyLIpe/framer.CUVxohPF.mjs:83:6220)
    at Suspense
    at nu (https://framerusercontent.com/sites/3FdLP5MPzwKsQAwlvyLIpe/framer.CUVxohPF.mjs:49:73498)
    at hT (https://framerusercontent.com/sites/3FdLP5MPzwKsQAwlvyLIpe/framer.CUVxohPF.mjs:921:26601)
    at ef (https://framerusercontent.com/sites/3FdLP5MPzwKsQAwlvyLIpe/framer.CUVxohPF.mjs:52:14464)
    at li (https://framerusercontent.com/sites/3FdLP5MPzwKsQAwlvyLIpe/framer.CUVxohPF.mjs:49:7331)
    at https://framerusercontent.com/sites/3FdLP5MPzwKsQAwlvyLIpe/framer.CUVxohPF.mjs:928:2407
    at https://framerusercontent.com/sites/3FdLP5MPzwKsQAwlvyLIpe/framer.CUVxohPF.mjs:83:56673
    at It (https://framerusercontent.com/sites/3FdLP5MPzwKsQAwlvyLIpe/framer.CUVxohPF.mjs:3:3254)
    at Kf (https://framerusercontent.com/sites/3FdLP5MPzwKsQAwlvyLIpe/framer.CUVxohPF.mjs:54:3067)
    at Df (https://framerusercontent.com/sites/3FdLP5MPzwKsQAwlvyLIpe/framer.CUVxohPF.mjs:52:19339)
    at sD (https://framerusercontent.com/sites/3FdLP5MPzwKsQAwlvyLIpe/framer.CUVxohPF.mjs:928:16759)
    at rp (https://framerusercontent.com/sites/3FdLP5MPzwKsQAwlvyLIpe/framer.CUVxohPF.mjs:54:11199)
    at Tn (https://framerusercontent.com/sites/3FdLP5MPzwKsQAwlvyLIpe/framer.CUVxohPF.mjs:7:9179)
    at ca (https://framerusercontent.com/sites/3FdLP5MPzwKsQAwlvyLIpe/motion.D9EjL7gc.mjs:9:1422)
    at ti (https://framerusercontent.com/sites/3FdLP5MPzwKsQAwlvyLIpe/framer.CUVxohPF.mjs:49:6757)
    at ip (https://framerusercontent.com/sites/3FdLP5MPzwKsQAwlvyLIpe/framer.CUVxohPF.mjs:54:11290)
    at YT (https://framerusercontent.com/sites/3FdLP5MPzwKsQAwlvyLIpe/framer.CUVxohPF.mjs:928:6084)
    at fr (https://framerusercontent.com/sites/3FdLP5MPzwKsQAwlvyLIpe/framer.CUVxohPF.mjs:7:16545) @ https://framerusercontent.com/sites/3FdLP5MPzwKsQAwlvyLIpe/script_main.iYPYXHh-.mjs:0
[  314143ms] [WARNING] Caught a recoverable error. The site is still functional, but might have some UI flickering or degraded page load performance. If you are the author of this website, update external components and check recently added custom code or code overrides to fix the following server/client mismatches:
 Error: Minified React error #418; visit https://reactjs.org/docs/error-decoder.html?invariant=418 for the full message or use the non-minified dev environment for full errors and additional helpful warnings.
    at da (https://framerusercontent.com/sites/3FdLP5MPzwKsQAwlvyLIpe/react.CAnmqD_l.mjs:6:4116)
    at sp (https://framerusercontent.com/sites/3FdLP5MPzwKsQAwlvyLIpe/react.CAnmqD_l.mjs:8:68435)
    at $s (https://framerusercontent.com/sites/3FdLP5MPzwKsQAwlvyLIpe/react.CAnmqD_l.mjs:8:37073)
    at Qs (https://framerusercontent.com/sites/3FdLP5MPzwKsQAwlvyLIpe/react.CAnmqD_l.mjs:8:37046)
    at Ls (https://framerusercontent.com/sites/3FdLP5MPzwKsQAwlvyLIpe/react.CAnmqD_l.mjs:8:32130)
    at wt (https://framerusercontent.com/sites/3FdLP5MPzwKsQAwlvyLIpe/react.CAnmqD_l.mjs:1:10656)
    at MessagePort.Et (https://framerusercontent.com/sites/3FdLP5MPzwKsQAwlvyLIpe/react.CAnmqD_l.mjs:1:11011) 
    at Ph (https://framerusercontent.com/sites/3FdLP5MPzwKsQAwlvyLIpe/framer.CUVxohPF.mjs:59:16368)
    at Nh (https://framerusercontent.com/sites/3FdLP5MPzwKsQAwlvyLIpe/framer.CUVxohPF.mjs:59:13242)
    at https://framerusercontent.com/sites/3FdLP5MPzwKsQAwlvyLIpe/framer.CUVxohPF.mjs:929:3070
    at sk (https://framerusercontent.com/sites/3FdLP5MPzwKsQAwlvyLIpe/framer.CUVxohPF.mjs:929:4435)
    at https://framerusercontent.com/sites/3FdLP5MPzwKsQAwlvyLIpe/framer.CUVxohPF.mjs:929:4607
    at https://framerusercontent.com/sites/3FdLP5MPzwKsQAwlvyLIpe/framer.CUVxohPF.mjs:929:5431
    at div
    at div
    at s (https://framerusercontent.com/sites/3FdLP5MPzwKsQAwlvyLIpe/motion.D9EjL7gc.mjs:9:5741)
    at https://framerusercontent.com/sites/3FdLP5MPzwKsQAwlvyLIpe/framer.CUVxohPF.mjs:921:24654
    at div
    at div
    at s (https://framerusercontent.com/sites/3FdLP5MPzwKsQAwlvyLIpe/motion.D9EjL7gc.mjs:9:5741)
    at div
    at s (https://framerusercontent.com/sites/3FdLP5MPzwKsQAwlvyLIpe/motion.D9EjL7gc.mjs:9:5741)
    at ca (https://framerusercontent.com/sites/3FdLP5MPzwKsQAwlvyLIpe/motion.D9EjL7gc.mjs:9:1422)
    at cf (https://framerusercontent.com/sites/3FdLP5MPzwKsQAwlvyLIpe/motion.D9EjL7gc.mjs:9:71319)
    at https://framerusercontent.com/sites/3FdLP5MPzwKsQAwlvyLIpe/framer.CUVxohPF.mjs:929:5530
    at cf (https://framerusercontent.com/sites/3FdLP5MPzwKsQAwlvyLIpe/motion.D9EjL7gc.mjs:9:71319)
    at https://framerusercontent.com/sites/3FdLP5MPzwKsQAwlvyLIpe/shared-lib.DDoI-WXY.mjs:55:139403
    at https://framerusercontent.com/sites/3FdLP5MPzwKsQAwlvyLIpe/framer.CUVxohPF.mjs:83:56673
    at https://framerusercontent.com/sites/3FdLP5MPzwKsQAwlvyLIpe/framer.CUVxohPF.mjs:3:1056
    at div
    at s (https://framerusercontent.com/sites/3FdLP5MPzwKsQAwlvyLIpe/motion.D9EjL7gc.mjs:9:5741)
    at cf (https://framerusercontent.com/sites/3FdLP5MPzwKsQAwlvyLIpe/motion.D9EjL7gc.mjs:9:71319)
    at https://framerusercontent.com/sites/3FdLP5MPzwKsQAwlvyLIpe/shared-lib.DDoI-WXY.mjs:11:16580
    at https://framerusercontent.com/sites/3FdLP5MPzwKsQAwlvyLIpe/framer.CUVxohPF.mjs:83:56673
    at V (https://framerusercontent.com/sites/3FdLP5MPzwKsQAwlvyLIpe/script_main.iYPYXHh-.mjs:1:468)
    at qf (https://framerusercontent.com/sites/3FdLP5MPzwKsQAwlvyLIpe/framer.CUVxohPF.mjs:54:9457)
    at Lb (https://framerusercontent.com/sites/3FdLP5MPzwKsQAwlvyLIpe/framer.CUVxohPF.mjs:83:6220)
    at Suspense
    at nu (https://framerusercontent.com/sites/3FdLP5MPzwKsQAwlvyLIpe/framer.CUVxohPF.mjs:49:73498)
    at hT (https://framerusercontent.com/sites/3FdLP5MPzwKsQAwlvyLIpe/framer.CUVxohPF.mjs:921:26601)
    at ef (https://framerusercontent.com/sites/3FdLP5MPzwKsQAwlvyLIpe/framer.CUVxohPF.mjs:52:14464)
    at li (https://framerusercontent.com/sites/3FdLP5MPzwKsQAwlvyLIpe/framer.CUVxohPF.mjs:49:7331)
    at https://framerusercontent.com/sites/3FdLP5MPzwKsQAwlvyLIpe/framer.CUVxohPF.mjs:928:2407
    at https://framerusercontent.com/sites/3FdLP5MPzwKsQAwlvyLIpe/framer.CUVxohPF.mjs:83:56673
    at It (https://framerusercontent.com/sites/3FdLP5MPzwKsQAwlvyLIpe/framer.CUVxohPF.mjs:3:3254)
    at Kf (https://framerusercontent.com/sites/3FdLP5MPzwKsQAwlvyLIpe/framer.CUVxohPF.mjs:54:3067)
    at Df (https://framerusercontent.com/sites/3FdLP5MPzwKsQAwlvyLIpe/framer.CUVxohPF.mjs:52:19339)
    at sD (https://framerusercontent.com/sites/3FdLP5MPzwKsQAwlvyLIpe/framer.CUVxohPF.mjs:928:16759)
    at rp (https://framerusercontent.com/sites/3FdLP5MPzwKsQAwlvyLIpe/framer.CUVxohPF.mjs:54:11199)
    at Tn (https://framerusercontent.com/sites/3FdLP5MPzwKsQAwlvyLIpe/framer.CUVxohPF.mjs:7:9179)
    at ca (https://framerusercontent.com/sites/3FdLP5MPzwKsQAwlvyLIpe/motion.D9EjL7gc.mjs:9:1422)
    at ti (https://framerusercontent.com/sites/3FdLP5MPzwKsQAwlvyLIpe/framer.CUVxohPF.mjs:49:6757)
    at ip (https://framerusercontent.com/sites/3FdLP5MPzwKsQAwlvyLIpe/framer.CUVxohPF.mjs:54:11290)
    at YT (https://framerusercontent.com/sites/3FdLP5MPzwKsQAwlvyLIpe/framer.CUVxohPF.mjs:928:6084)
    at fr (https://framerusercontent.com/sites/3FdLP5MPzwKsQAwlvyLIpe/framer.CUVxohPF.mjs:7:16545) @ https://framerusercontent.com/sites/3FdLP5MPzwKsQAwlvyLIpe/script_main.iYPYXHh-.mjs:0
[  314143ms] [WARNING] Caught a recoverable error. The site is still functional, but might have some UI flickering or degraded page load performance. If you are the author of this website, update external components and check recently added custom code or code overrides to fix the following server/client mismatches:
 Error: Minified React error #418; visit https://reactjs.org/docs/error-decoder.html?invariant=418 for the full message or use the non-minified dev environment for full errors and additional helpful warnings.
    at da (https://framerusercontent.com/sites/3FdLP5MPzwKsQAwlvyLIpe/react.CAnmqD_l.mjs:6:4116)
    at sp (https://framerusercontent.com/sites/3FdLP5MPzwKsQAwlvyLIpe/react.CAnmqD_l.mjs:8:68259)
    at $s (https://framerusercontent.com/sites/3FdLP5MPzwKsQAwlvyLIpe/react.CAnmqD_l.mjs:8:37073)
    at Qs (https://framerusercontent.com/sites/3FdLP5MPzwKsQAwlvyLIpe/react.CAnmqD_l.mjs:8:37046)
    at Ls (https://framerusercontent.com/sites/3FdLP5MPzwKsQAwlvyLIpe/react.CAnmqD_l.mjs:8:32130)
    at wt (https://framerusercontent.com/sites/3FdLP5MPzwKsQAwlvyLIpe/react.CAnmqD_l.mjs:1:10656)
    at MessagePort.Et (https://framerusercontent.com/sites/3FdLP5MPzwKsQAwlvyLIpe/react.CAnmqD_l.mjs:1:11011) 
    at div
    at s (https://framerusercontent.com/sites/3FdLP5MPzwKsQAwlvyLIpe/motion.D9EjL7gc.mjs:9:5741)
    at https://framerusercontent.com/sites/3FdLP5MPzwKsQAwlvyLIpe/framer.CUVxohPF.mjs:928:1367
    at https://framerusercontent.com/sites/3FdLP5MPzwKsQAwlvyLIpe/framer.CUVxohPF.mjs:921:26502
    at https://framerusercontent.com/sites/3FdLP5MPzwKsQAwlvyLIpe/framer.CUVxohPF.mjs:921:26315
    at div
    at s (https://framerusercontent.com/sites/3FdLP5MPzwKsQAwlvyLIpe/motion.D9EjL7gc.mjs:9:5741)
    at ca (https://framerusercontent.com/sites/3FdLP5MPzwKsQAwlvyLIpe/motion.D9EjL7gc.mjs:9:1422)
    at cf (https://framerusercontent.com/sites/3FdLP5MPzwKsQAwlvyLIpe/motion.D9EjL7gc.mjs:9:71319)
    at https://framerusercontent.com/sites/3FdLP5MPzwKsQAwlvyLIpe/framer.CUVxohPF.mjs:929:5530
    at cf (https://framerusercontent.com/sites/3FdLP5MPzwKsQAwlvyLIpe/motion.D9EjL7gc.mjs:9:71319)
    at https://framerusercontent.com/sites/3FdLP5MPzwKsQAwlvyLIpe/shared-lib.DDoI-WXY.mjs:55:139403
    at https://framerusercontent.com/sites/3FdLP5MPzwKsQAwlvyLIpe/framer.CUVxohPF.mjs:83:56673
    at https://framerusercontent.com/sites/3FdLP5MPzwKsQAwlvyLIpe/framer.CUVxohPF.mjs:3:1056
    at div
    at s (https://framerusercontent.com/sites/3FdLP5MPzwKsQAwlvyLIpe/motion.D9EjL7gc.mjs:9:5741)
    at cf (https://framerusercontent.com/sites/3FdLP5MPzwKsQAwlvyLIpe/motion.D9EjL7gc.mjs:9:71319)
    at https://framerusercontent.com/sites/3FdLP5MPzwKsQAwlvyLIpe/shared-lib.DDoI-WXY.mjs:11:16580
    at https://framerusercontent.com/sites/3FdLP5MPzwKsQAwlvyLIpe/framer.CUVxohPF.mjs:83:56673
    at V (https://framerusercontent.com/sites/3FdLP5MPzwKsQAwlvyLIpe/script_main.iYPYXHh-.mjs:1:468)
    at qf (https://framerusercontent.com/sites/3FdLP5MPzwKsQAwlvyLIpe/framer.CUVxohPF.mjs:54:9457)
    at Lb (https://framerusercontent.com/sites/3FdLP5MPzwKsQAwlvyLIpe/framer.CUVxohPF.mjs:83:6220)
    at Suspense
    at nu (https://framerusercontent.com/sites/3FdLP5MPzwKsQAwlvyLIpe/framer.CUVxohPF.mjs:49:73498)
    at hT (https://framerusercontent.com/sites/3FdLP5MPzwKsQAwlvyLIpe/framer.CUVxohPF.mjs:921:26601)
    at ef (https://framerusercontent.com/sites/3FdLP5MPzwKsQAwlvyLIpe/framer.CUVxohPF.mjs:52:14464)
    at li (https://framerusercontent.com/sites/3FdLP5MPzwKsQAwlvyLIpe/framer.CUVxohPF.mjs:49:7331)
    at https://framerusercontent.com/sites/3FdLP5MPzwKsQAwlvyLIpe/framer.CUVxohPF.mjs:928:2407
    at https://framerusercontent.com/sites/3FdLP5MPzwKsQAwlvyLIpe/framer.CUVxohPF.mjs:83:56673
    at It (https://framerusercontent.com/sites/3FdLP5MPzwKsQAwlvyLIpe/framer.CUVxohPF.mjs:3:3254)
    at Kf (https://framerusercontent.com/sites/3FdLP5MPzwKsQAwlvyLIpe/framer.CUVxohPF.mjs:54:3067)
    at Df (https://framerusercontent.com/sites/3FdLP5MPzwKsQAwlvyLIpe/framer.CUVxohPF.mjs:52:19339)
    at sD (https://framerusercontent.com/sites/3FdLP5MPzwKsQAwlvyLIpe/framer.CUVxohPF.mjs:928:16759)
    at rp (https://framerusercontent.com/sites/3FdLP5MPzwKsQAwlvyLIpe/framer.CUVxohPF.mjs:54:11199)
    at Tn (https://framerusercontent.com/sites/3FdLP5MPzwKsQAwlvyLIpe/framer.CUVxohPF.mjs:7:9179)
    at ca (https://framerusercontent.com/sites/3FdLP5MPzwKsQAwlvyLIpe/motion.D9EjL7gc.mjs:9:1422)
    at ti (https://framerusercontent.com/sites/3FdLP5MPzwKsQAwlvyLIpe/framer.CUVxohPF.mjs:49:6757)
    at ip (https://framerusercontent.com/sites/3FdLP5MPzwKsQAwlvyLIpe/framer.CUVxohPF.mjs:54:11290)
    at YT (https://framerusercontent.com/sites/3FdLP5MPzwKsQAwlvyLIpe/framer.CUVxohPF.mjs:928:6084)
    at fr (https://framerusercontent.com/sites/3FdLP5MPzwKsQAwlvyLIpe/framer.CUVxohPF.mjs:7:16545) @ https://framerusercontent.com/sites/3FdLP5MPzwKsQAwlvyLIpe/script_main.iYPYXHh-.mjs:0
[  314143ms] [WARNING] Caught a recoverable error. The site is still functional, but might have some UI flickering or degraded page load performance. If you are the author of this website, update external components and check recently added custom code or code overrides to fix the following server/client mismatches:
 Error: Minified React error #418; visit https://reactjs.org/docs/error-decoder.html?invariant=418 for the full message or use the non-minified dev environment for full errors and additional helpful warnings.
    at da (https://framerusercontent.com/sites/3FdLP5MPzwKsQAwlvyLIpe/react.CAnmqD_l.mjs:6:4116)
    at sp (https://framerusercontent.com/sites/3FdLP5MPzwKsQAwlvyLIpe/react.CAnmqD_l.mjs:8:68259)
    at $s (https://framerusercontent.com/sites/3FdLP5MPzwKsQAwlvyLIpe/react.CAnmqD_l.mjs:8:37073)
    at Qs (https://framerusercontent.com/sites/3FdLP5MPzwKsQAwlvyLIpe/react.CAnmqD_l.mjs:8:37046)
    at Ls (https://framerusercontent.com/sites/3FdLP5MPzwKsQAwlvyLIpe/react.CAnmqD_l.mjs:8:32130)
    at wt (https://framerusercontent.com/sites/3FdLP5MPzwKsQAwlvyLIpe/react.CAnmqD_l.mjs:1:10656)
    at MessagePort.Et (https://framerusercontent.com/sites/3FdLP5MPzwKsQAwlvyLIpe/react.CAnmqD_l.mjs:1:11011) 
    at div
    at s (https://framerusercontent.com/sites/3FdLP5MPzwKsQAwlvyLIpe/motion.D9EjL7gc.mjs:9:5741)
    at div
    at s (https://framerusercontent.com/sites/3FdLP5MPzwKsQAwlvyLIpe/motion.D9EjL7gc.mjs:9:5741)
    at ca (https://framerusercontent.com/sites/3FdLP5MPzwKsQAwlvyLIpe/motion.D9EjL7gc.mjs:9:1422)
    at cf (https://framerusercontent.com/sites/3FdLP5MPzwKsQAwlvyLIpe/motion.D9EjL7gc.mjs:9:71319)
    at https://framerusercontent.com/sites/3FdLP5MPzwKsQAwlvyLIpe/framer.CUVxohPF.mjs:929:5530
    at cf (https://framerusercontent.com/sites/3FdLP5MPzwKsQAwlvyLIpe/motion.D9EjL7gc.mjs:9:71319)
    at https://framerusercontent.com/sites/3FdLP5MPzwKsQAwlvyLIpe/shared-lib.DDoI-WXY.mjs:55:139403
    at https://framerusercontent.com/sites/3FdLP5MPzwKsQAwlvyLIpe/framer.CUVxohPF.mjs:83:56673
    at https://framerusercontent.com/sites/3FdLP5MPzwKsQAwlvyLIpe/framer.CUVxohPF.mjs:3:1056
    at div
    at s (https://framerusercontent.com/sites/3FdLP5MPzwKsQAwlvyLIpe/motion.D9EjL7gc.mjs:9:5741)
    at cf (https://framerusercontent.com/sites/3FdLP5MPzwKsQAwlvyLIpe/motion.D9EjL7gc.mjs:9:71319)
    at https://framerusercontent.com/sites/3FdLP5MPzwKsQAwlvyLIpe/shared-lib.DDoI-WXY.mjs:11:16580
    at https://framerusercontent.com/sites/3FdLP5MPzwKsQAwlvyLIpe/framer.CUVxohPF.mjs:83:56673
    at V (https://framerusercontent.com/sites/3FdLP5MPzwKsQAwlvyLIpe/script_main.iYPYXHh-.mjs:1:468)
    at qf (https://framerusercontent.com/sites/3FdLP5MPzwKsQAwlvyLIpe/framer.CUVxohPF.mjs:54:9457)
    at Lb (https://framerusercontent.com/sites/3FdLP5MPzwKsQAwlvyLIpe/framer.CUVxohPF.mjs:83:6220)
    at Suspense
    at nu (https://framerusercontent.com/sites/3FdLP5MPzwKsQAwlvyLIpe/framer.CUVxohPF.mjs:49:73498)
    at hT (https://framerusercontent.com/sites/3FdLP5MPzwKsQAwlvyLIpe/framer.CUVxohPF.mjs:921:26601)
    at ef (https://framerusercontent.com/sites/3FdLP5MPzwKsQAwlvyLIpe/framer.CUVxohPF.mjs:52:14464)
    at li (https://framerusercontent.com/sites/3FdLP5MPzwKsQAwlvyLIpe/framer.CUVxohPF.mjs:49:7331)
    at https://framerusercontent.com/sites/3FdLP5MPzwKsQAwlvyLIpe/framer.CUVxohPF.mjs:928:2407
    at https://framerusercontent.com/sites/3FdLP5MPzwKsQAwlvyLIpe/framer.CUVxohPF.mjs:83:56673
    at It (https://framerusercontent.com/sites/3FdLP5MPzwKsQAwlvyLIpe/framer.CUVxohPF.mjs:3:3254)
    at Kf (https://framerusercontent.com/sites/3FdLP5MPzwKsQAwlvyLIpe/framer.CUVxohPF.mjs:54:3067)
    at Df (https://framerusercontent.com/sites/3FdLP5MPzwKsQAwlvyLIpe/framer.CUVxohPF.mjs:52:19339)
    at sD (https://framerusercontent.com/sites/3FdLP5MPzwKsQAwlvyLIpe/framer.CUVxohPF.mjs:928:16759)
    at rp (https://framerusercontent.com/sites/3FdLP5MPzwKsQAwlvyLIpe/framer.CUVxohPF.mjs:54:11199)
    at Tn (https://framerusercontent.com/sites/3FdLP5MPzwKsQAwlvyLIpe/framer.CUVxohPF.mjs:7:9179)
    at ca (https://framerusercontent.com/sites/3FdLP5MPzwKsQAwlvyLIpe/motion.D9EjL7gc.mjs:9:1422)
    at ti (https://framerusercontent.com/sites/3FdLP5MPzwKsQAwlvyLIpe/framer.CUVxohPF.mjs:49:6757)
    at ip (https://framerusercontent.com/sites/3FdLP5MPzwKsQAwlvyLIpe/framer.CUVxohPF.mjs:54:11290)
    at YT (https://framerusercontent.com/sites/3FdLP5MPzwKsQAwlvyLIpe/framer.CUVxohPF.mjs:928:6084)
    at fr (https://framerusercontent.com/sites/3FdLP5MPzwKsQAwlvyLIpe/framer.CUVxohPF.mjs:7:16545) @ https://framerusercontent.com/sites/3FdLP5MPzwKsQAwlvyLIpe/script_main.iYPYXHh-.mjs:0
[  314143ms] [WARNING] Caught a recoverable error. The site is still functional, but might have some UI flickering or degraded page load performance. If you are the author of this website, update external components and check recently added custom code or code overrides to fix the following server/client mismatches:
 Error: Minified React error #418; visit https://reactjs.org/docs/error-decoder.html?invariant=418 for the full message or use the non-minified dev environment for full errors and additional helpful warnings.
    at da (https://framerusercontent.com/sites/3FdLP5MPzwKsQAwlvyLIpe/react.CAnmqD_l.mjs:6:4116)
    at sp (https://framerusercontent.com/sites/3FdLP5MPzwKsQAwlvyLIpe/react.CAnmqD_l.mjs:8:68259)
    at $s (https://framerusercontent.com/sites/3FdLP5MPzwKsQAwlvyLIpe/react.CAnmqD_l.mjs:8:37073)
    at Qs (https://framerusercontent.com/sites/3FdLP5MPzwKsQAwlvyLIpe/react.CAnmqD_l.mjs:8:37046)
    at Ls (https://framerusercontent.com/sites/3FdLP5MPzwKsQAwlvyLIpe/react.CAnmqD_l.mjs:8:32130)
    at wt (https://framerusercontent.com/sites/3FdLP5MPzwKsQAwlvyLIpe/react.CAnmqD_l.mjs:1:10656)
    at MessagePort.Et (https://framerusercontent.com/sites/3FdLP5MPzwKsQAwlvyLIpe/react.CAnmqD_l.mjs:1:11011) 
    at div
    at cf (https://framerusercontent.com/sites/3FdLP5MPzwKsQAwlvyLIpe/motion.D9EjL7gc.mjs:9:71319)
    at https://framerusercontent.com/sites/3FdLP5MPzwKsQAwlvyLIpe/shared-lib.DDoI-WXY.mjs:55:139403
    at https://framerusercontent.com/sites/3FdLP5MPzwKsQAwlvyLIpe/framer.CUVxohPF.mjs:83:56673
    at https://framerusercontent.com/sites/3FdLP5MPzwKsQAwlvyLIpe/framer.CUVxohPF.mjs:3:1056
    at div
    at s (https://framerusercontent.com/sites/3FdLP5MPzwKsQAwlvyLIpe/motion.D9EjL7gc.mjs:9:5741)
    at cf (https://framerusercontent.com/sites/3FdLP5MPzwKsQAwlvyLIpe/motion.D9EjL7gc.mjs:9:71319)
    at https://framerusercontent.com/sites/3FdLP5MPzwKsQAwlvyLIpe/shared-lib.DDoI-WXY.mjs:11:16580
    at https://framerusercontent.com/sites/3FdLP5MPzwKsQAwlvyLIpe/framer.CUVxohPF.mjs:83:56673
    at V (https://framerusercontent.com/sites/3FdLP5MPzwKsQAwlvyLIpe/script_main.iYPYXHh-.mjs:1:468)
    at qf (https://framerusercontent.com/sites/3FdLP5MPzwKsQAwlvyLIpe/framer.CUVxohPF.mjs:54:9457)
    at Lb (https://framerusercontent.com/sites/3FdLP5MPzwKsQAwlvyLIpe/framer.CUVxohPF.mjs:83:6220)
    at Suspense
    at nu (https://framerusercontent.com/sites/3FdLP5MPzwKsQAwlvyLIpe/framer.CUVxohPF.mjs:49:73498)
    at hT (https://framerusercontent.com/sites/3FdLP5MPzwKsQAwlvyLIpe/framer.CUVxohPF.mjs:921:26601)
    at ef (https://framerusercontent.com/sites/3FdLP5MPzwKsQAwlvyLIpe/framer.CUVxohPF.mjs:52:14464)
    at li (https://framerusercontent.com/sites/3FdLP5MPzwKsQAwlvyLIpe/framer.CUVxohPF.mjs:49:7331)
    at https://framerusercontent.com/sites/3FdLP5MPzwKsQAwlvyLIpe/framer.CUVxohPF.mjs:928:2407
    at https://framerusercontent.com/sites/3FdLP5MPzwKsQAwlvyLIpe/framer.CUVxohPF.mjs:83:56673
    at It (https://framerusercontent.com/sites/3FdLP5MPzwKsQAwlvyLIpe/framer.CUVxohPF.mjs:3:3254)
    at Kf (https://framerusercontent.com/sites/3FdLP5MPzwKsQAwlvyLIpe/framer.CUVxohPF.mjs:54:3067)
    at Df (https://framerusercontent.com/sites/3FdLP5MPzwKsQAwlvyLIpe/framer.CUVxohPF.mjs:52:19339)
    at sD (https://framerusercontent.com/sites/3FdLP5MPzwKsQAwlvyLIpe/framer.CUVxohPF.mjs:928:16759)
    at rp (https://framerusercontent.com/sites/3FdLP5MPzwKsQAwlvyLIpe/framer.CUVxohPF.mjs:54:11199)
    at Tn (https://framerusercontent.com/sites/3FdLP5MPzwKsQAwlvyLIpe/framer.CUVxohPF.mjs:7:9179)
    at ca (https://framerusercontent.com/sites/3FdLP5MPzwKsQAwlvyLIpe/motion.D9EjL7gc.mjs:9:1422)
    at ti (https://framerusercontent.com/sites/3FdLP5MPzwKsQAwlvyLIpe/framer.CUVxohPF.mjs:49:6757)
    at ip (https://framerusercontent.com/sites/3FdLP5MPzwKsQAwlvyLIpe/framer.CUVxohPF.mjs:54:11290)
    at YT (https://framerusercontent.com/sites/3FdLP5MPzwKsQAwlvyLIpe/framer.CUVxohPF.mjs:928:6084)
    at fr (https://framerusercontent.com/sites/3FdLP5MPzwKsQAwlvyLIpe/framer.CUVxohPF.mjs:7:16545) @ https://framerusercontent.com/sites/3FdLP5MPzwKsQAwlvyLIpe/script_main.iYPYXHh-.mjs:0
[  314143ms] [WARNING] Caught a recoverable error. The site is still functional, but might have some UI flickering or degraded page load performance. If you are the author of this website, update external components and check recently added custom code or code overrides to fix the following server/client mismatches:
 Error: Minified React error #418; visit https://reactjs.org/docs/error-decoder.html?invariant=418 for the full message or use the non-minified dev environment for full errors and additional helpful warnings.
    at da (https://framerusercontent.com/sites/3FdLP5MPzwKsQAwlvyLIpe/react.CAnmqD_l.mjs:6:4116)
    at sp (https://framerusercontent.com/sites/3FdLP5MPzwKsQAwlvyLIpe/react.CAnmqD_l.mjs:8:68259)
    at $s (https://framerusercontent.com/sites/3FdLP5MPzwKsQAwlvyLIpe/react.CAnmqD_l.mjs:8:37073)
    at Qs (https://framerusercontent.com/sites/3FdLP5MPzwKsQAwlvyLIpe/react.CAnmqD_l.mjs:8:37046)
    at Ls (https://framerusercontent.com/sites/3FdLP5MPzwKsQAwlvyLIpe/react.CAnmqD_l.mjs:8:32130)
    at wt (https://framerusercontent.com/sites/3FdLP5MPzwKsQAwlvyLIpe/react.CAnmqD_l.mjs:1:10656)
    at MessagePort.Et (https://framerusercontent.com/sites/3FdLP5MPzwKsQAwlvyLIpe/react.CAnmqD_l.mjs:1:11011) 
    at div
    at div
    at s (https://framerusercontent.com/sites/3FdLP5MPzwKsQAwlvyLIpe/motion.D9EjL7gc.mjs:9:5741)
    at cf (https://framerusercontent.com/sites/3FdLP5MPzwKsQAwlvyLIpe/motion.D9EjL7gc.mjs:9:71319)
    at https://framerusercontent.com/sites/3FdLP5MPzwKsQAwlvyLIpe/shared-lib.DDoI-WXY.mjs:11:16580
    at https://framerusercontent.com/sites/3FdLP5MPzwKsQAwlvyLIpe/framer.CUVxohPF.mjs:83:56673
    at V (https://framerusercontent.com/sites/3FdLP5MPzwKsQAwlvyLIpe/script_main.iYPYXHh-.mjs:1:468)
    at qf (https://framerusercontent.com/sites/3FdLP5MPzwKsQAwlvyLIpe/framer.CUVxohPF.mjs:54:9457)
    at Lb (https://framerusercontent.com/sites/3FdLP5MPzwKsQAwlvyLIpe/framer.CUVxohPF.mjs:83:6220)
    at Suspense
    at nu (https://framerusercontent.com/sites/3FdLP5MPzwKsQAwlvyLIpe/framer.CUVxohPF.mjs:49:73498)
    at hT (https://framerusercontent.com/sites/3FdLP5MPzwKsQAwlvyLIpe/framer.CUVxohPF.mjs:921:26601)
    at ef (https://framerusercontent.com/sites/3FdLP5MPzwKsQAwlvyLIpe/framer.CUVxohPF.mjs:52:14464)
    at li (https://framerusercontent.com/sites/3FdLP5MPzwKsQAwlvyLIpe/framer.CUVxohPF.mjs:49:7331)
    at https://framerusercontent.com/sites/3FdLP5MPzwKsQAwlvyLIpe/framer.CUVxohPF.mjs:928:2407
    at https://framerusercontent.com/sites/3FdLP5MPzwKsQAwlvyLIpe/framer.CUVxohPF.mjs:83:56673
    at It (https://framerusercontent.com/sites/3FdLP5MPzwKsQAwlvyLIpe/framer.CUVxohPF.mjs:3:3254)
    at Kf (https://framerusercontent.com/sites/3FdLP5MPzwKsQAwlvyLIpe/framer.CUVxohPF.mjs:54:3067)
    at Df (https://framerusercontent.com/sites/3FdLP5MPzwKsQAwlvyLIpe/framer.CUVxohPF.mjs:52:19339)
    at sD (https://framerusercontent.com/sites/3FdLP5MPzwKsQAwlvyLIpe/framer.CUVxohPF.mjs:928:16759)
    at rp (https://framerusercontent.com/sites/3FdLP5MPzwKsQAwlvyLIpe/framer.CUVxohPF.mjs:54:11199)
    at Tn (https://framerusercontent.com/sites/3FdLP5MPzwKsQAwlvyLIpe/framer.CUVxohPF.mjs:7:9179)
    at ca (https://framerusercontent.com/sites/3FdLP5MPzwKsQAwlvyLIpe/motion.D9EjL7gc.mjs:9:1422)
    at ti (https://framerusercontent.com/sites/3FdLP5MPzwKsQAwlvyLIpe/framer.CUVxohPF.mjs:49:6757)
    at ip (https://framerusercontent.com/sites/3FdLP5MPzwKsQAwlvyLIpe/framer.CUVxohPF.mjs:54:11290)
    at YT (https://framerusercontent.com/sites/3FdLP5MPzwKsQAwlvyLIpe/framer.CUVxohPF.mjs:928:6084)
    at fr (https://framerusercontent.com/sites/3FdLP5MPzwKsQAwlvyLIpe/framer.CUVxohPF.mjs:7:16545) @ https://framerusercontent.com/sites/3FdLP5MPzwKsQAwlvyLIpe/script_main.iYPYXHh-.mjs:0
[  314143ms] [WARNING] Caught a recoverable error. The site is still functional, but might have some UI flickering or degraded page load performance. If you are the author of this website, update external components and check recently added custom code or code overrides to fix the following server/client mismatches:
 Error: Minified React error #418; visit https://reactjs.org/docs/error-decoder.html?invariant=418 for the full message or use the non-minified dev environment for full errors and additional helpful warnings.
    at da (https://framerusercontent.com/sites/3FdLP5MPzwKsQAwlvyLIpe/react.CAnmqD_l.mjs:6:4116)
    at sp (https://framerusercontent.com/sites/3FdLP5MPzwKsQAwlvyLIpe/react.CAnmqD_l.mjs:8:68259)
    at $s (https://framerusercontent.com/sites/3FdLP5MPzwKsQAwlvyLIpe/react.CAnmqD_l.mjs:8:37073)
    at Qs (https://framerusercontent.com/sites/3FdLP5MPzwKsQAwlvyLIpe/react.CAnmqD_l.mjs:8:37046)
    at Ls (https://framerusercontent.com/sites/3FdLP5MPzwKsQAwlvyLIpe/react.CAnmqD_l.mjs:8:32130)
    at wt (https://framerusercontent.com/sites/3FdLP5MPzwKsQAwlvyLIpe/react.CAnmqD_l.mjs:1:10656)
    at MessagePort.Et (https://framerusercontent.com/sites/3FdLP5MPzwKsQAwlvyLIpe/react.CAnmqD_l.mjs:1:11011) 
    at div
    at s (https://framerusercontent.com/sites/3FdLP5MPzwKsQAwlvyLIpe/motion.D9EjL7gc.mjs:9:5741)
    at div
    at s (https://framerusercontent.com/sites/3FdLP5MPzwKsQAwlvyLIpe/motion.D9EjL7gc.mjs:9:5741)
    at cf (https://framerusercontent.com/sites/3FdLP5MPzwKsQAwlvyLIpe/motion.D9EjL7gc.mjs:9:71319)
    at https://framerusercontent.com/sites/3FdLP5MPzwKsQAwlvyLIpe/shared-lib.DDoI-WXY.mjs:11:16580
    at https://framerusercontent.com/sites/3FdLP5MPzwKsQAwlvyLIpe/framer.CUVxohPF.mjs:83:56673
    at V (https://framerusercontent.com/sites/3FdLP5MPzwKsQAwlvyLIpe/script_main.iYPYXHh-.mjs:1:468)
    at qf (https://framerusercontent.com/sites/3FdLP5MPzwKsQAwlvyLIpe/framer.CUVxohPF.mjs:54:9457)
    at Lb (https://framerusercontent.com/sites/3FdLP5MPzwKsQAwlvyLIpe/framer.CUVxohPF.mjs:83:6220)
    at Suspense
    at nu (https://framerusercontent.com/sites/3FdLP5MPzwKsQAwlvyLIpe/framer.CUVxohPF.mjs:49:73498)
    at hT (https://framerusercontent.com/sites/3FdLP5MPzwKsQAwlvyLIpe/framer.CUVxohPF.mjs:921:26601)
    at ef (https://framerusercontent.com/sites/3FdLP5MPzwKsQAwlvyLIpe/framer.CUVxohPF.mjs:52:14464)
    at li (https://framerusercontent.com/sites/3FdLP5MPzwKsQAwlvyLIpe/framer.CUVxohPF.mjs:49:7331)
    at https://framerusercontent.com/sites/3FdLP5MPzwKsQAwlvyLIpe/framer.CUVxohPF.mjs:928:2407
    at https://framerusercontent.com/sites/3FdLP5MPzwKsQAwlvyLIpe/framer.CUVxohPF.mjs:83:56673
    at It (https://framerusercontent.com/sites/3FdLP5MPzwKsQAwlvyLIpe/framer.CUVxohPF.mjs:3:3254)
    at Kf (https://framerusercontent.com/sites/3FdLP5MPzwKsQAwlvyLIpe/framer.CUVxohPF.mjs:54:3067)
    at Df (https://framerusercontent.com/sites/3FdLP5MPzwKsQAwlvyLIpe/framer.CUVxohPF.mjs:52:19339)
    at sD (https://framerusercontent.com/sites/3FdLP5MPzwKsQAwlvyLIpe/framer.CUVxohPF.mjs:928:16759)
    at rp (https://framerusercontent.com/sites/3FdLP5MPzwKsQAwlvyLIpe/framer.CUVxohPF.mjs:54:11199)
    at Tn (https://framerusercontent.com/sites/3FdLP5MPzwKsQAwlvyLIpe/framer.CUVxohPF.mjs:7:9179)
    at ca (https://framerusercontent.com/sites/3FdLP5MPzwKsQAwlvyLIpe/motion.D9EjL7gc.mjs:9:1422)
    at ti (https://framerusercontent.com/sites/3FdLP5MPzwKsQAwlvyLIpe/framer.CUVxohPF.mjs:49:6757)
    at ip (https://framerusercontent.com/sites/3FdLP5MPzwKsQAwlvyLIpe/framer.CUVxohPF.mjs:54:11290)
    at YT (https://framerusercontent.com/sites/3FdLP5MPzwKsQAwlvyLIpe/framer.CUVxohPF.mjs:928:6084)
    at fr (https://framerusercontent.com/sites/3FdLP5MPzwKsQAwlvyLIpe/framer.CUVxohPF.mjs:7:16545) @ https://framerusercontent.com/sites/3FdLP5MPzwKsQAwlvyLIpe/script_main.iYPYXHh-.mjs:0
[  314143ms] [WARNING] Caught a recoverable error. The site is still functional, but might have some UI flickering or degraded page load performance. If you are the author of this website, update external components and check recently added custom code or code overrides to fix the following server/client mismatches:
 Error: Minified React error #418; visit https://reactjs.org/docs/error-decoder.html?invariant=418 for the full message or use the non-minified dev environment for full errors and additional helpful warnings.
    at da (https://framerusercontent.com/sites/3FdLP5MPzwKsQAwlvyLIpe/react.CAnmqD_l.mjs:6:4116)
    at sp (https://framerusercontent.com/sites/3FdLP5MPzwKsQAwlvyLIpe/react.CAnmqD_l.mjs:8:68259)
    at $s (https://framerusercontent.com/sites/3FdLP5MPzwKsQAwlvyLIpe/react.CAnmqD_l.mjs:8:37073)
    at Qs (https://framerusercontent.com/sites/3FdLP5MPzwKsQAwlvyLIpe/react.CAnmqD_l.mjs:8:37046)
    at Ls (https://framerusercontent.com/sites/3FdLP5MPzwKsQAwlvyLIpe/react.CAnmqD_l.mjs:8:32130)
    at wt (https://framerusercontent.com/sites/3FdLP5MPzwKsQAwlvyLIpe/react.CAnmqD_l.mjs:1:10656)
    at MessagePort.Et (https://framerusercontent.com/sites/3FdLP5MPzwKsQAwlvyLIpe/react.CAnmqD_l.mjs:1:11011) 
    at div
    at s (https://framerusercontent.com/sites/3FdLP5MPzwKsQAwlvyLIpe/motion.D9EjL7gc.mjs:9:5741)
    at div
    at s (https://framerusercontent.com/sites/3FdLP5MPzwKsQAwlvyLIpe/motion.D9EjL7gc.mjs:9:5741)
    at cf (https://framerusercontent.com/sites/3FdLP5MPzwKsQAwlvyLIpe/motion.D9EjL7gc.mjs:9:71319)
    at https://framerusercontent.com/sites/3FdLP5MPzwKsQAwlvyLIpe/shared-lib.DDoI-WXY.mjs:11:16580
    at https://framerusercontent.com/sites/3FdLP5MPzwKsQAwlvyLIpe/framer.CUVxohPF.mjs:83:56673
    at V (https://framerusercontent.com/sites/3FdLP5MPzwKsQAwlvyLIpe/script_main.iYPYXHh-.mjs:1:468)
    at qf (https://framerusercontent.com/sites/3FdLP5MPzwKsQAwlvyLIpe/framer.CUVxohPF.mjs:54:9457)
    at Lb (https://framerusercontent.com/sites/3FdLP5MPzwKsQAwlvyLIpe/framer.CUVxohPF.mjs:83:6220)
    at Suspense
    at nu (https://framerusercontent.com/sites/3FdLP5MPzwKsQAwlvyLIpe/framer.CUVxohPF.mjs:49:73498)
    at hT (https://framerusercontent.com/sites/3FdLP5MPzwKsQAwlvyLIpe/framer.CUVxohPF.mjs:921:26601)
    at ef (https://framerusercontent.com/sites/3FdLP5MPzwKsQAwlvyLIpe/framer.CUVxohPF.mjs:52:14464)
    at li (https://framerusercontent.com/sites/3FdLP5MPzwKsQAwlvyLIpe/framer.CUVxohPF.mjs:49:7331)
    at https://framerusercontent.com/sites/3FdLP5MPzwKsQAwlvyLIpe/framer.CUVxohPF.mjs:928:2407
    at https://framerusercontent.com/sites/3FdLP5MPzwKsQAwlvyLIpe/framer.CUVxohPF.mjs:83:56673
    at It (https://framerusercontent.com/sites/3FdLP5MPzwKsQAwlvyLIpe/framer.CUVxohPF.mjs:3:3254)
    at Kf (https://framerusercontent.com/sites/3FdLP5MPzwKsQAwlvyLIpe/framer.CUVxohPF.mjs:54:3067)
    at Df (https://framerusercontent.com/sites/3FdLP5MPzwKsQAwlvyLIpe/framer.CUVxohPF.mjs:52:19339)
    at sD (https://framerusercontent.com/sites/3FdLP5MPzwKsQAwlvyLIpe/framer.CUVxohPF.mjs:928:16759)
    at rp (https://framerusercontent.com/sites/3FdLP5MPzwKsQAwlvyLIpe/framer.CUVxohPF.mjs:54:11199)
    at Tn (https://framerusercontent.com/sites/3FdLP5MPzwKsQAwlvyLIpe/framer.CUVxohPF.mjs:7:9179)
    at ca (https://framerusercontent.com/sites/3FdLP5MPzwKsQAwlvyLIpe/motion.D9EjL7gc.mjs:9:1422)
    at ti (https://framerusercontent.com/sites/3FdLP5MPzwKsQAwlvyLIpe/framer.CUVxohPF.mjs:49:6757)
    at ip (https://framerusercontent.com/sites/3FdLP5MPzwKsQAwlvyLIpe/framer.CUVxohPF.mjs:54:11290)
    at YT (https://framerusercontent.com/sites/3FdLP5MPzwKsQAwlvyLIpe/framer.CUVxohPF.mjs:928:6084)
    at fr (https://framerusercontent.com/sites/3FdLP5MPzwKsQAwlvyLIpe/framer.CUVxohPF.mjs:7:16545) @ https://framerusercontent.com/sites/3FdLP5MPzwKsQAwlvyLIpe/script_main.iYPYXHh-.mjs:0
[  314143ms] [WARNING] Caught a recoverable error. The site is still functional, but might have some UI flickering or degraded page load performance. If you are the author of this website, update external components and check recently added custom code or code overrides to fix the following server/client mismatches:
 Error: Minified React error #418; visit https://reactjs.org/docs/error-decoder.html?invariant=418 for the full message or use the non-minified dev environment for full errors and additional helpful warnings.
    at da (https://framerusercontent.com/sites/3FdLP5MPzwKsQAwlvyLIpe/react.CAnmqD_l.mjs:6:4116)
    at sp (https://framerusercontent.com/sites/3FdLP5MPzwKsQAwlvyLIpe/react.CAnmqD_l.mjs:8:68259)
    at $s (https://framerusercontent.com/sites/3FdLP5MPzwKsQAwlvyLIpe/react.CAnmqD_l.mjs:8:37073)
    at Qs (https://framerusercontent.com/sites/3FdLP5MPzwKsQAwlvyLIpe/react.CAnmqD_l.mjs:8:37046)
    at Ls (https://framerusercontent.com/sites/3FdLP5MPzwKsQAwlvyLIpe/react.CAnmqD_l.mjs:8:32130)
    at wt (https://framerusercontent.com/sites/3FdLP5MPzwKsQAwlvyLIpe/react.CAnmqD_l.mjs:1:10656)
    at MessagePort.Et (https://framerusercontent.com/sites/3FdLP5MPzwKsQAwlvyLIpe/react.CAnmqD_l.mjs:1:11011) 
    at div
    at cf (https://framerusercontent.com/sites/3FdLP5MPzwKsQAwlvyLIpe/motion.D9EjL7gc.mjs:9:71319)
    at https://framerusercontent.com/sites/3FdLP5MPzwKsQAwlvyLIpe/shared-lib.DDoI-WXY.mjs:11:16580
    at https://framerusercontent.com/sites/3FdLP5MPzwKsQAwlvyLIpe/framer.CUVxohPF.mjs:83:56673
    at V (https://framerusercontent.com/sites/3FdLP5MPzwKsQAwlvyLIpe/script_main.iYPYXHh-.mjs:1:468)
    at qf (https://framerusercontent.com/sites/3FdLP5MPzwKsQAwlvyLIpe/framer.CUVxohPF.mjs:54:9457)
    at Lb (https://framerusercontent.com/sites/3FdLP5MPzwKsQAwlvyLIpe/framer.CUVxohPF.mjs:83:6220)
    at Suspense
    at nu (https://framerusercontent.com/sites/3FdLP5MPzwKsQAwlvyLIpe/framer.CUVxohPF.mjs:49:73498)
    at hT (https://framerusercontent.com/sites/3FdLP5MPzwKsQAwlvyLIpe/framer.CUVxohPF.mjs:921:26601)
    at ef (https://framerusercontent.com/sites/3FdLP5MPzwKsQAwlvyLIpe/framer.CUVxohPF.mjs:52:14464)
    at li (https://framerusercontent.com/sites/3FdLP5MPzwKsQAwlvyLIpe/framer.CUVxohPF.mjs:49:7331)
    at https://framerusercontent.com/sites/3FdLP5MPzwKsQAwlvyLIpe/framer.CUVxohPF.mjs:928:2407
    at https://framerusercontent.com/sites/3FdLP5MPzwKsQAwlvyLIpe/framer.CUVxohPF.mjs:83:56673
    at It (https://framerusercontent.com/sites/3FdLP5MPzwKsQAwlvyLIpe/framer.CUVxohPF.mjs:3:3254)
    at Kf (https://framerusercontent.com/sites/3FdLP5MPzwKsQAwlvyLIpe/framer.CUVxohPF.mjs:54:3067)
    at Df (https://framerusercontent.com/sites/3FdLP5MPzwKsQAwlvyLIpe/framer.CUVxohPF.mjs:52:19339)
    at sD (https://framerusercontent.com/sites/3FdLP5MPzwKsQAwlvyLIpe/framer.CUVxohPF.mjs:928:16759)
    at rp (https://framerusercontent.com/sites/3FdLP5MPzwKsQAwlvyLIpe/framer.CUVxohPF.mjs:54:11199)
    at Tn (https://framerusercontent.com/sites/3FdLP5MPzwKsQAwlvyLIpe/framer.CUVxohPF.mjs:7:9179)
    at ca (https://framerusercontent.com/sites/3FdLP5MPzwKsQAwlvyLIpe/motion.D9EjL7gc.mjs:9:1422)
    at ti (https://framerusercontent.com/sites/3FdLP5MPzwKsQAwlvyLIpe/framer.CUVxohPF.mjs:49:6757)
    at ip (https://framerusercontent.com/sites/3FdLP5MPzwKsQAwlvyLIpe/framer.CUVxohPF.mjs:54:11290)
    at YT (https://framerusercontent.com/sites/3FdLP5MPzwKsQAwlvyLIpe/framer.CUVxohPF.mjs:928:6084)
    at fr (https://framerusercontent.com/sites/3FdLP5MPzwKsQAwlvyLIpe/framer.CUVxohPF.mjs:7:16545) @ https://framerusercontent.com/sites/3FdLP5MPzwKsQAwlvyLIpe/script_main.iYPYXHh-.mjs:0
[  314143ms] [WARNING] Caught a recoverable error. The site is still functional, but might have some UI flickering or degraded page load performance. If you are the author of this website, update external components and check recently added custom code or code overrides to fix the following server/client mismatches:
 Error: Minified React error #422; visit https://reactjs.org/docs/error-decoder.html?invariant=422 for the full message or use the non-minified dev environment for full errors and additional helpful warnings.
    at ns (https://framerusercontent.com/sites/3FdLP5MPzwKsQAwlvyLIpe/react.CAnmqD_l.mjs:8:8255)
    at $o (https://framerusercontent.com/sites/3FdLP5MPzwKsQAwlvyLIpe/react.CAnmqD_l.mjs:8:7196)
    at sp (https://framerusercontent.com/sites/3FdLP5MPzwKsQAwlvyLIpe/react.CAnmqD_l.mjs:8:68461)
    at $s (https://framerusercontent.com/sites/3FdLP5MPzwKsQAwlvyLIpe/react.CAnmqD_l.mjs:8:37073)
    at Qs (https://framerusercontent.com/sites/3FdLP5MPzwKsQAwlvyLIpe/react.CAnmqD_l.mjs:8:37046)
    at Ls (https://framerusercontent.com/sites/3FdLP5MPzwKsQAwlvyLIpe/react.CAnmqD_l.mjs:8:32130)
    at wt (https://framerusercontent.com/sites/3FdLP5MPzwKsQAwlvyLIpe/react.CAnmqD_l.mjs:1:10656)
    at MessagePort.Et (https://framerusercontent.com/sites/3FdLP5MPzwKsQAwlvyLIpe/react.CAnmqD_l.mjs:1:11011) null @ https://framerusercontent.com/sites/3FdLP5MPzwKsQAwlvyLIpe/script_main.iYPYXHh-.mjs:0
[  314259ms] [WARNING] [dotLottie-common]: seek() Can't use whilst loading. @ https://framerusercontent.com/sites/3FdLP5MPzwKsQAwlvyLIpe/shared-lib.DDoI-WXY.mjs:182
[  314259ms] [WARNING] [dotLottie-common]: Player unable to play whilst loading. @ https://framerusercontent.com/sites/3FdLP5MPzwKsQAwlvyLIpe/shared-lib.DDoI-WXY.mjs:182
[  315809ms] [LOG] [Framer On-Page Editing] Unavailable because not on a `framer.app` subdomain and access status is no-auth @ https://app.framerstatic.com/editorbar.O3BE3TN6.mjs:0
[  319862ms] [WARNING] Caught a recoverable error. The site is still functional, but might have some UI flickering or degraded page load performance. If you are the author of this website, update external components and check recently added custom code or code overrides to fix the following server/client mismatches:
 Error: Minified React error #418; visit https://reactjs.org/docs/error-decoder.html?invariant=418 for the full message or use the non-minified dev environment for full errors and additional helpful warnings.
    at pa (https://framerusercontent.com/sites/3FdLP5MPzwKsQAwlvyLIpe/react.CAnmqD_l.mjs:6:4569)
    at us (https://framerusercontent.com/sites/3FdLP5MPzwKsQAwlvyLIpe/react.CAnmqD_l.mjs:8:13345)
    at ec (https://framerusercontent.com/sites/3FdLP5MPzwKsQAwlvyLIpe/react.CAnmqD_l.mjs:8:37372)
    at $s (https://framerusercontent.com/sites/3FdLP5MPzwKsQAwlvyLIpe/react.CAnmqD_l.mjs:8:37134)
    at Qs (https://framerusercontent.com/sites/3FdLP5MPzwKsQAwlvyLIpe/react.CAnmqD_l.mjs:8:37046)
    at Ls (https://framerusercontent.com/sites/3FdLP5MPzwKsQAwlvyLIpe/react.CAnmqD_l.mjs:8:32130)
    at wt (https://framerusercontent.com/sites/3FdLP5MPzwKsQAwlvyLIpe/react.CAnmqD_l.mjs:1:10656)
    at MessagePort.Et (https://framerusercontent.com/sites/3FdLP5MPzwKsQAwlvyLIpe/react.CAnmqD_l.mjs:1:11011) 
    at ul
    at s (https://framerusercontent.com/sites/3FdLP5MPzwKsQAwlvyLIpe/motion.D9EjL7gc.mjs:9:5741)
    at div
    at s (https://framerusercontent.com/sites/3FdLP5MPzwKsQAwlvyLIpe/motion.D9EjL7gc.mjs:9:5741)
    at s (https://framerusercontent.com/sites/3FdLP5MPzwKsQAwlvyLIpe/motion.D9EjL7gc.mjs:9:5741)
    at Ph (https://framerusercontent.com/sites/3FdLP5MPzwKsQAwlvyLIpe/framer.CUVxohPF.mjs:59:16368)
    at Nh (https://framerusercontent.com/sites/3FdLP5MPzwKsQAwlvyLIpe/framer.CUVxohPF.mjs:59:13242)
    at https://framerusercontent.com/sites/3FdLP5MPzwKsQAwlvyLIpe/framer.CUVxohPF.mjs:929:3070
    at sk (https://framerusercontent.com/sites/3FdLP5MPzwKsQAwlvyLIpe/framer.CUVxohPF.mjs:929:4435)
    at https://framerusercontent.com/sites/3FdLP5MPzwKsQAwlvyLIpe/framer.CUVxohPF.mjs:929:4607
    at https://framerusercontent.com/sites/3FdLP5MPzwKsQAwlvyLIpe/framer.CUVxohPF.mjs:929:5431
    at div
    at https://framerusercontent.com/sites/3FdLP5MPzwKsQAwlvyLIpe/framer.CUVxohPF.mjs:921:21087
    at https://framerusercontent.com/sites/3FdLP5MPzwKsQAwlvyLIpe/framer.CUVxohPF.mjs:83:56673
    at div
    at div
    at s (https://framerusercontent.com/sites/3FdLP5MPzwKsQAwlvyLIpe/motion.D9EjL7gc.mjs:9:5741)
    at https://framerusercontent.com/sites/3FdLP5MPzwKsQAwlvyLIpe/framer.CUVxohPF.mjs:921:24654
    at div
    at div
    at s (https://framerusercontent.com/sites/3FdLP5MPzwKsQAwlvyLIpe/motion.D9EjL7gc.mjs:9:5741)
    at div
    at s (https://framerusercontent.com/sites/3FdLP5MPzwKsQAwlvyLIpe/motion.D9EjL7gc.mjs:9:5741)
    at ca (https://framerusercontent.com/sites/3FdLP5MPzwKsQAwlvyLIpe/motion.D9EjL7gc.mjs:9:1422)
    at cf (https://framerusercontent.com/sites/3FdLP5MPzwKsQAwlvyLIpe/motion.D9EjL7gc.mjs:9:71319)
    at https://framerusercontent.com/sites/3FdLP5MPzwKsQAwlvyLIpe/framer.CUVxohPF.mjs:929:5530
    at cf (https://framerusercontent.com/sites/3FdLP5MPzwKsQAwlvyLIpe/motion.D9EjL7gc.mjs:9:71319)
    at https://framerusercontent.com/sites/3FdLP5MPzwKsQAwlvyLIpe/shared-lib.DDoI-WXY.mjs:55:139403
    at https://framerusercontent.com/sites/3FdLP5MPzwKsQAwlvyLIpe/framer.CUVxohPF.mjs:83:56673
    at https://framerusercontent.com/sites/3FdLP5MPzwKsQAwlvyLIpe/framer.CUVxohPF.mjs:3:1056
    at div
    at s (https://framerusercontent.com/sites/3FdLP5MPzwKsQAwlvyLIpe/motion.D9EjL7gc.mjs:9:5741)
    at cf (https://framerusercontent.com/sites/3FdLP5MPzwKsQAwlvyLIpe/motion.D9EjL7gc.mjs:9:71319)
    at https://framerusercontent.com/sites/3FdLP5MPzwKsQAwlvyLIpe/shared-lib.DDoI-WXY.mjs:11:16580
    at https://framerusercontent.com/sites/3FdLP5MPzwKsQAwlvyLIpe/framer.CUVxohPF.mjs:83:56673
    at V (https://framerusercontent.com/sites/3FdLP5MPzwKsQAwlvyLIpe/script_main.iYPYXHh-.mjs:1:468)
    at qf (https://framerusercontent.com/sites/3FdLP5MPzwKsQAwlvyLIpe/framer.CUVxohPF.mjs:54:9457)
    at Lb (https://framerusercontent.com/sites/3FdLP5MPzwKsQAwlvyLIpe/framer.CUVxohPF.mjs:83:6220)
    at Suspense
    at nu (https://framerusercontent.com/sites/3FdLP5MPzwKsQAwlvyLIpe/framer.CUVxohPF.mjs:49:73498)
    at hT (https://framerusercontent.com/sites/3FdLP5MPzwKsQAwlvyLIpe/framer.CUVxohPF.mjs:921:26601)
    at ef (https://framerusercontent.com/sites/3FdLP5MPzwKsQAwlvyLIpe/framer.CUVxohPF.mjs:52:14464)
    at li (https://framerusercontent.com/sites/3FdLP5MPzwKsQAwlvyLIpe/framer.CUVxohPF.mjs:49:7331)
    at https://framerusercontent.com/sites/3FdLP5MPzwKsQAwlvyLIpe/framer.CUVxohPF.mjs:928:2407
    at https://framerusercontent.com/sites/3FdLP5MPzwKsQAwlvyLIpe/framer.CUVxohPF.mjs:83:56673
    at It (https://framerusercontent.com/sites/3FdLP5MPzwKsQAwlvyLIpe/framer.CUVxohPF.mjs:3:3254)
    at Kf (https://framerusercontent.com/sites/3FdLP5MPzwKsQAwlvyLIpe/framer.CUVxohPF.mjs:54:3067)
    at Df (https://framerusercontent.com/sites/3FdLP5MPzwKsQAwlvyLIpe/framer.CUVxohPF.mjs:52:19339)
    at sD (https://framerusercontent.com/sites/3FdLP5MPzwKsQAwlvyLIpe/framer.CUVxohPF.mjs:928:16759)
    at rp (https://framerusercontent.com/sites/3FdLP5MPzwKsQAwlvyLIpe/framer.CUVxohPF.mjs:54:11199)
    at Tn (https://framerusercontent.com/sites/3FdLP5MPzwKsQAwlvyLIpe/framer.CUVxohPF.mjs:7:9179)
    at ca (https://framerusercontent.com/sites/3FdLP5MPzwKsQAwlvyLIpe/motion.D9EjL7gc.mjs:9:1422)
    at ti (https://framerusercontent.com/sites/3FdLP5MPzwKsQAwlvyLIpe/framer.CUVxohPF.mjs:49:6757)
    at ip (https://framerusercontent.com/sites/3FdLP5MPzwKsQAwlvyLIpe/framer.CUVxohPF.mjs:54:11290)
    at YT (https://framerusercontent.com/sites/3FdLP5MPzwKsQAwlvyLIpe/framer.CUVxohPF.mjs:928:6084)
    at fr (https://framerusercontent.com/sites/3FdLP5MPzwKsQAwlvyLIpe/framer.CUVxohPF.mjs:7:16545) @ https://framerusercontent.com/sites/3FdLP5MPzwKsQAwlvyLIpe/script_main.iYPYXHh-.mjs:0
[  319863ms] [WARNING] Caught a recoverable error. The site is still functional, but might have some UI flickering or degraded page load performance. If you are the author of this website, update external components and check recently added custom code or code overrides to fix the following server/client mismatches:
 Error: Minified React error #418; visit https://reactjs.org/docs/error-decoder.html?invariant=418 for the full message or use the non-minified dev environment for full errors and additional helpful warnings.
    at da (https://framerusercontent.com/sites/3FdLP5MPzwKsQAwlvyLIpe/react.CAnmqD_l.mjs:6:4116)
    at sp (https://framerusercontent.com/sites/3FdLP5MPzwKsQAwlvyLIpe/react.CAnmqD_l.mjs:8:68435)
    at $s (https://framerusercontent.com/sites/3FdLP5MPzwKsQAwlvyLIpe/react.CAnmqD_l.mjs:8:37073)
    at Qs (https://framerusercontent.com/sites/3FdLP5MPzwKsQAwlvyLIpe/react.CAnmqD_l.mjs:8:37046)
    at Ls (https://framerusercontent.com/sites/3FdLP5MPzwKsQAwlvyLIpe/react.CAnmqD_l.mjs:8:32130)
    at wt (https://framerusercontent.com/sites/3FdLP5MPzwKsQAwlvyLIpe/react.CAnmqD_l.mjs:1:10656)
    at MessagePort.Et (https://framerusercontent.com/sites/3FdLP5MPzwKsQAwlvyLIpe/react.CAnmqD_l.mjs:1:11011) 
    at Ph (https://framerusercontent.com/sites/3FdLP5MPzwKsQAwlvyLIpe/framer.CUVxohPF.mjs:59:16368)
    at Nh (https://framerusercontent.com/sites/3FdLP5MPzwKsQAwlvyLIpe/framer.CUVxohPF.mjs:59:13242)
    at https://framerusercontent.com/sites/3FdLP5MPzwKsQAwlvyLIpe/framer.CUVxohPF.mjs:929:3070
    at sk (https://framerusercontent.com/sites/3FdLP5MPzwKsQAwlvyLIpe/framer.CUVxohPF.mjs:929:4435)
    at https://framerusercontent.com/sites/3FdLP5MPzwKsQAwlvyLIpe/framer.CUVxohPF.mjs:929:4607
    at https://framerusercontent.com/sites/3FdLP5MPzwKsQAwlvyLIpe/framer.CUVxohPF.mjs:929:5431
    at div
    at https://framerusercontent.com/sites/3FdLP5MPzwKsQAwlvyLIpe/framer.CUVxohPF.mjs:921:21087
    at https://framerusercontent.com/sites/3FdLP5MPzwKsQAwlvyLIpe/framer.CUVxohPF.mjs:83:56673
    at div
    at div
    at s (https://framerusercontent.com/sites/3FdLP5MPzwKsQAwlvyLIpe/motion.D9EjL7gc.mjs:9:5741)
    at https://framerusercontent.com/sites/3FdLP5MPzwKsQAwlvyLIpe/framer.CUVxohPF.mjs:921:24654
    at div
    at div
    at s (https://framerusercontent.com/sites/3FdLP5MPzwKsQAwlvyLIpe/motion.D9EjL7gc.mjs:9:5741)
    at div
    at s (https://framerusercontent.com/sites/3FdLP5MPzwKsQAwlvyLIpe/motion.D9EjL7gc.mjs:9:5741)
    at ca (https://framerusercontent.com/sites/3FdLP5MPzwKsQAwlvyLIpe/motion.D9EjL7gc.mjs:9:1422)
    at cf (https://framerusercontent.com/sites/3FdLP5MPzwKsQAwlvyLIpe/motion.D9EjL7gc.mjs:9:71319)
    at https://framerusercontent.com/sites/3FdLP5MPzwKsQAwlvyLIpe/framer.CUVxohPF.mjs:929:5530
    at cf (https://framerusercontent.com/sites/3FdLP5MPzwKsQAwlvyLIpe/motion.D9EjL7gc.mjs:9:71319)
    at https://framerusercontent.com/sites/3FdLP5MPzwKsQAwlvyLIpe/shared-lib.DDoI-WXY.mjs:55:139403
    at https://framerusercontent.com/sites/3FdLP5MPzwKsQAwlvyLIpe/framer.CUVxohPF.mjs:83:56673
    at https://framerusercontent.com/sites/3FdLP5MPzwKsQAwlvyLIpe/framer.CUVxohPF.mjs:3:1056
    at div
    at s (https://framerusercontent.com/sites/3FdLP5MPzwKsQAwlvyLIpe/motion.D9EjL7gc.mjs:9:5741)
    at cf (https://framerusercontent.com/sites/3FdLP5MPzwKsQAwlvyLIpe/motion.D9EjL7gc.mjs:9:71319)
    at https://framerusercontent.com/sites/3FdLP5MPzwKsQAwlvyLIpe/shared-lib.DDoI-WXY.mjs:11:16580
    at https://framerusercontent.com/sites/3FdLP5MPzwKsQAwlvyLIpe/framer.CUVxohPF.mjs:83:56673
    at V (https://framerusercontent.com/sites/3FdLP5MPzwKsQAwlvyLIpe/script_main.iYPYXHh-.mjs:1:468)
    at qf (https://framerusercontent.com/sites/3FdLP5MPzwKsQAwlvyLIpe/framer.CUVxohPF.mjs:54:9457)
    at Lb (https://framerusercontent.com/sites/3FdLP5MPzwKsQAwlvyLIpe/framer.CUVxohPF.mjs:83:6220)
    at Suspense
    at nu (https://framerusercontent.com/sites/3FdLP5MPzwKsQAwlvyLIpe/framer.CUVxohPF.mjs:49:73498)
    at hT (https://framerusercontent.com/sites/3FdLP5MPzwKsQAwlvyLIpe/framer.CUVxohPF.mjs:921:26601)
    at ef (https://framerusercontent.com/sites/3FdLP5MPzwKsQAwlvyLIpe/framer.CUVxohPF.mjs:52:14464)
    at li (https://framerusercontent.com/sites/3FdLP5MPzwKsQAwlvyLIpe/framer.CUVxohPF.mjs:49:7331)
    at https://framerusercontent.com/sites/3FdLP5MPzwKsQAwlvyLIpe/framer.CUVxohPF.mjs:928:2407
    at https://framerusercontent.com/sites/3FdLP5MPzwKsQAwlvyLIpe/framer.CUVxohPF.mjs:83:56673
    at It (https://framerusercontent.com/sites/3FdLP5MPzwKsQAwlvyLIpe/framer.CUVxohPF.mjs:3:3254)
    at Kf (https://framerusercontent.com/sites/3FdLP5MPzwKsQAwlvyLIpe/framer.CUVxohPF.mjs:54:3067)
    at Df (https://framerusercontent.com/sites/3FdLP5MPzwKsQAwlvyLIpe/framer.CUVxohPF.mjs:52:19339)
    at sD (https://framerusercontent.com/sites/3FdLP5MPzwKsQAwlvyLIpe/framer.CUVxohPF.mjs:928:16759)
    at rp (https://framerusercontent.com/sites/3FdLP5MPzwKsQAwlvyLIpe/framer.CUVxohPF.mjs:54:11199)
    at Tn (https://framerusercontent.com/sites/3FdLP5MPzwKsQAwlvyLIpe/framer.CUVxohPF.mjs:7:9179)
    at ca (https://framerusercontent.com/sites/3FdLP5MPzwKsQAwlvyLIpe/motion.D9EjL7gc.mjs:9:1422)
    at ti (https://framerusercontent.com/sites/3FdLP5MPzwKsQAwlvyLIpe/framer.CUVxohPF.mjs:49:6757)
    at ip (https://framerusercontent.com/sites/3FdLP5MPzwKsQAwlvyLIpe/framer.CUVxohPF.mjs:54:11290)
    at YT (https://framerusercontent.com/sites/3FdLP5MPzwKsQAwlvyLIpe/framer.CUVxohPF.mjs:928:6084)
    at fr (https://framerusercontent.com/sites/3FdLP5MPzwKsQAwlvyLIpe/framer.CUVxohPF.mjs:7:16545) @ https://framerusercontent.com/sites/3FdLP5MPzwKsQAwlvyLIpe/script_main.iYPYXHh-.mjs:0
[  319863ms] [WARNING] Caught a recoverable error. The site is still functional, but might have some UI flickering or degraded page load performance. If you are the author of this website, update external components and check recently added custom code or code overrides to fix the following server/client mismatches:
 Error: Minified React error #418; visit https://reactjs.org/docs/error-decoder.html?invariant=418 for the full message or use the non-minified dev environment for full errors and additional helpful warnings.
    at da (https://framerusercontent.com/sites/3FdLP5MPzwKsQAwlvyLIpe/react.CAnmqD_l.mjs:6:4116)
    at sp (https://framerusercontent.com/sites/3FdLP5MPzwKsQAwlvyLIpe/react.CAnmqD_l.mjs:8:68259)
    at $s (https://framerusercontent.com/sites/3FdLP5MPzwKsQAwlvyLIpe/react.CAnmqD_l.mjs:8:37073)
    at Qs (https://framerusercontent.com/sites/3FdLP5MPzwKsQAwlvyLIpe/react.CAnmqD_l.mjs:8:37046)
    at Ls (https://framerusercontent.com/sites/3FdLP5MPzwKsQAwlvyLIpe/react.CAnmqD_l.mjs:8:32130)
    at wt (https://framerusercontent.com/sites/3FdLP5MPzwKsQAwlvyLIpe/react.CAnmqD_l.mjs:1:10656)
    at MessagePort.Et (https://framerusercontent.com/sites/3FdLP5MPzwKsQAwlvyLIpe/react.CAnmqD_l.mjs:1:11011) 
    at div
    at s (https://framerusercontent.com/sites/3FdLP5MPzwKsQAwlvyLIpe/motion.D9EjL7gc.mjs:9:5741)
    at s (https://framerusercontent.com/sites/3FdLP5MPzwKsQAwlvyLIpe/motion.D9EjL7gc.mjs:9:5741)
    at Ph (https://framerusercontent.com/sites/3FdLP5MPzwKsQAwlvyLIpe/framer.CUVxohPF.mjs:59:16368)
    at Nh (https://framerusercontent.com/sites/3FdLP5MPzwKsQAwlvyLIpe/framer.CUVxohPF.mjs:59:13242)
    at https://framerusercontent.com/sites/3FdLP5MPzwKsQAwlvyLIpe/framer.CUVxohPF.mjs:929:3070
    at sk (https://framerusercontent.com/sites/3FdLP5MPzwKsQAwlvyLIpe/framer.CUVxohPF.mjs:929:4435)
    at https://framerusercontent.com/sites/3FdLP5MPzwKsQAwlvyLIpe/framer.CUVxohPF.mjs:929:4607
    at https://framerusercontent.com/sites/3FdLP5MPzwKsQAwlvyLIpe/framer.CUVxohPF.mjs:929:5431
    at div
    at div
    at s (https://framerusercontent.com/sites/3FdLP5MPzwKsQAwlvyLIpe/motion.D9EjL7gc.mjs:9:5741)
    at https://framerusercontent.com/sites/3FdLP5MPzwKsQAwlvyLIpe/framer.CUVxohPF.mjs:921:24654
    at div
    at div
    at s (https://framerusercontent.com/sites/3FdLP5MPzwKsQAwlvyLIpe/motion.D9EjL7gc.mjs:9:5741)
    at div
    at s (https://framerusercontent.com/sites/3FdLP5MPzwKsQAwlvyLIpe/motion.D9EjL7gc.mjs:9:5741)
    at ca (https://framerusercontent.com/sites/3FdLP5MPzwKsQAwlvyLIpe/motion.D9EjL7gc.mjs:9:1422)
    at cf (https://framerusercontent.com/sites/3FdLP5MPzwKsQAwlvyLIpe/motion.D9EjL7gc.mjs:9:71319)
    at https://framerusercontent.com/sites/3FdLP5MPzwKsQAwlvyLIpe/framer.CUVxohPF.mjs:929:5530
    at cf (https://framerusercontent.com/sites/3FdLP5MPzwKsQAwlvyLIpe/motion.D9EjL7gc.mjs:9:71319)
    at https://framerusercontent.com/sites/3FdLP5MPzwKsQAwlvyLIpe/shared-lib.DDoI-WXY.mjs:55:139403
    at https://framerusercontent.com/sites/3FdLP5MPzwKsQAwlvyLIpe/framer.CUVxohPF.mjs:83:56673
    at https://framerusercontent.com/sites/3FdLP5MPzwKsQAwlvyLIpe/framer.CUVxohPF.mjs:3:1056
    at div
    at s (https://framerusercontent.com/sites/3FdLP5MPzwKsQAwlvyLIpe/motion.D9EjL7gc.mjs:9:5741)
    at cf (https://framerusercontent.com/sites/3FdLP5MPzwKsQAwlvyLIpe/motion.D9EjL7gc.mjs:9:71319)
    at https://framerusercontent.com/sites/3FdLP5MPzwKsQAwlvyLIpe/shared-lib.DDoI-WXY.mjs:11:16580
    at https://framerusercontent.com/sites/3FdLP5MPzwKsQAwlvyLIpe/framer.CUVxohPF.mjs:83:56673
    at V (https://framerusercontent.com/sites/3FdLP5MPzwKsQAwlvyLIpe/script_main.iYPYXHh-.mjs:1:468)
    at qf (https://framerusercontent.com/sites/3FdLP5MPzwKsQAwlvyLIpe/framer.CUVxohPF.mjs:54:9457)
    at Lb (https://framerusercontent.com/sites/3FdLP5MPzwKsQAwlvyLIpe/framer.CUVxohPF.mjs:83:6220)
    at Suspense
    at nu (https://framerusercontent.com/sites/3FdLP5MPzwKsQAwlvyLIpe/framer.CUVxohPF.mjs:49:73498)
    at hT (https://framerusercontent.com/sites/3FdLP5MPzwKsQAwlvyLIpe/framer.CUVxohPF.mjs:921:26601)
    at ef (https://framerusercontent.com/sites/3FdLP5MPzwKsQAwlvyLIpe/framer.CUVxohPF.mjs:52:14464)
    at li (https://framerusercontent.com/sites/3FdLP5MPzwKsQAwlvyLIpe/framer.CUVxohPF.mjs:49:7331)
    at https://framerusercontent.com/sites/3FdLP5MPzwKsQAwlvyLIpe/framer.CUVxohPF.mjs:928:2407
    at https://framerusercontent.com/sites/3FdLP5MPzwKsQAwlvyLIpe/framer.CUVxohPF.mjs:83:56673
    at It (https://framerusercontent.com/sites/3FdLP5MPzwKsQAwlvyLIpe/framer.CUVxohPF.mjs:3:3254)
    at Kf (https://framerusercontent.com/sites/3FdLP5MPzwKsQAwlvyLIpe/framer.CUVxohPF.mjs:54:3067)
    at Df (https://framerusercontent.com/sites/3FdLP5MPzwKsQAwlvyLIpe/framer.CUVxohPF.mjs:52:19339)
    at sD (https://framerusercontent.com/sites/3FdLP5MPzwKsQAwlvyLIpe/framer.CUVxohPF.mjs:928:16759)
    at rp (https://framerusercontent.com/sites/3FdLP5MPzwKsQAwlvyLIpe/framer.CUVxohPF.mjs:54:11199)
    at Tn (https://framerusercontent.com/sites/3FdLP5MPzwKsQAwlvyLIpe/framer.CUVxohPF.mjs:7:9179)
    at ca (https://framerusercontent.com/sites/3FdLP5MPzwKsQAwlvyLIpe/motion.D9EjL7gc.mjs:9:1422)
    at ti (https://framerusercontent.com/sites/3FdLP5MPzwKsQAwlvyLIpe/framer.CUVxohPF.mjs:49:6757)
    at ip (https://framerusercontent.com/sites/3FdLP5MPzwKsQAwlvyLIpe/framer.CUVxohPF.mjs:54:11290)
    at YT (https://framerusercontent.com/sites/3FdLP5MPzwKsQAwlvyLIpe/framer.CUVxohPF.mjs:928:6084)
    at fr (https://framerusercontent.com/sites/3FdLP5MPzwKsQAwlvyLIpe/framer.CUVxohPF.mjs:7:16545) @ https://framerusercontent.com/sites/3FdLP5MPzwKsQAwlvyLIpe/script_main.iYPYXHh-.mjs:0
[  319863ms] [WARNING] Caught a recoverable error. The site is still functional, but might have some UI flickering or degraded page load performance. If you are the author of this website, update external components and check recently added custom code or code overrides to fix the following server/client mismatches:
 Error: Minified React error #418; visit https://reactjs.org/docs/error-decoder.html?invariant=418 for the full message or use the non-minified dev environment for full errors and additional helpful warnings.
    at da (https://framerusercontent.com/sites/3FdLP5MPzwKsQAwlvyLIpe/react.CAnmqD_l.mjs:6:4116)
    at sp (https://framerusercontent.com/sites/3FdLP5MPzwKsQAwlvyLIpe/react.CAnmqD_l.mjs:8:68435)
    at $s (https://framerusercontent.com/sites/3FdLP5MPzwKsQAwlvyLIpe/react.CAnmqD_l.mjs:8:37073)
    at Qs (https://framerusercontent.com/sites/3FdLP5MPzwKsQAwlvyLIpe/react.CAnmqD_l.mjs:8:37046)
    at Ls (https://framerusercontent.com/sites/3FdLP5MPzwKsQAwlvyLIpe/react.CAnmqD_l.mjs:8:32130)
    at wt (https://framerusercontent.com/sites/3FdLP5MPzwKsQAwlvyLIpe/react.CAnmqD_l.mjs:1:10656)
    at MessagePort.Et (https://framerusercontent.com/sites/3FdLP5MPzwKsQAwlvyLIpe/react.CAnmqD_l.mjs:1:11011) 
    at Ph (https://framerusercontent.com/sites/3FdLP5MPzwKsQAwlvyLIpe/framer.CUVxohPF.mjs:59:16368)
    at Nh (https://framerusercontent.com/sites/3FdLP5MPzwKsQAwlvyLIpe/framer.CUVxohPF.mjs:59:13242)
    at https://framerusercontent.com/sites/3FdLP5MPzwKsQAwlvyLIpe/framer.CUVxohPF.mjs:929:3070
    at sk (https://framerusercontent.com/sites/3FdLP5MPzwKsQAwlvyLIpe/framer.CUVxohPF.mjs:929:4435)
    at https://framerusercontent.com/sites/3FdLP5MPzwKsQAwlvyLIpe/framer.CUVxohPF.mjs:929:4607
    at https://framerusercontent.com/sites/3FdLP5MPzwKsQAwlvyLIpe/framer.CUVxohPF.mjs:929:5431
    at div
    at div
    at s (https://framerusercontent.com/sites/3FdLP5MPzwKsQAwlvyLIpe/motion.D9EjL7gc.mjs:9:5741)
    at https://framerusercontent.com/sites/3FdLP5MPzwKsQAwlvyLIpe/framer.CUVxohPF.mjs:921:24654
    at div
    at div
    at s (https://framerusercontent.com/sites/3FdLP5MPzwKsQAwlvyLIpe/motion.D9EjL7gc.mjs:9:5741)
    at div
    at s (https://framerusercontent.com/sites/3FdLP5MPzwKsQAwlvyLIpe/motion.D9EjL7gc.mjs:9:5741)
    at ca (https://framerusercontent.com/sites/3FdLP5MPzwKsQAwlvyLIpe/motion.D9EjL7gc.mjs:9:1422)
    at cf (https://framerusercontent.com/sites/3FdLP5MPzwKsQAwlvyLIpe/motion.D9EjL7gc.mjs:9:71319)
    at https://framerusercontent.com/sites/3FdLP5MPzwKsQAwlvyLIpe/framer.CUVxohPF.mjs:929:5530
    at cf (https://framerusercontent.com/sites/3FdLP5MPzwKsQAwlvyLIpe/motion.D9EjL7gc.mjs:9:71319)
    at https://framerusercontent.com/sites/3FdLP5MPzwKsQAwlvyLIpe/shared-lib.DDoI-WXY.mjs:55:139403
    at https://framerusercontent.com/sites/3FdLP5MPzwKsQAwlvyLIpe/framer.CUVxohPF.mjs:83:56673
    at https://framerusercontent.com/sites/3FdLP5MPzwKsQAwlvyLIpe/framer.CUVxohPF.mjs:3:1056
    at div
    at s (https://framerusercontent.com/sites/3FdLP5MPzwKsQAwlvyLIpe/motion.D9EjL7gc.mjs:9:5741)
    at cf (https://framerusercontent.com/sites/3FdLP5MPzwKsQAwlvyLIpe/motion.D9EjL7gc.mjs:9:71319)
    at https://framerusercontent.com/sites/3FdLP5MPzwKsQAwlvyLIpe/shared-lib.DDoI-WXY.mjs:11:16580
    at https://framerusercontent.com/sites/3FdLP5MPzwKsQAwlvyLIpe/framer.CUVxohPF.mjs:83:56673
    at V (https://framerusercontent.com/sites/3FdLP5MPzwKsQAwlvyLIpe/script_main.iYPYXHh-.mjs:1:468)
    at qf (https://framerusercontent.com/sites/3FdLP5MPzwKsQAwlvyLIpe/framer.CUVxohPF.mjs:54:9457)
    at Lb (https://framerusercontent.com/sites/3FdLP5MPzwKsQAwlvyLIpe/framer.CUVxohPF.mjs:83:6220)
    at Suspense
    at nu (https://framerusercontent.com/sites/3FdLP5MPzwKsQAwlvyLIpe/framer.CUVxohPF.mjs:49:73498)
    at hT (https://framerusercontent.com/sites/3FdLP5MPzwKsQAwlvyLIpe/framer.CUVxohPF.mjs:921:26601)
    at ef (https://framerusercontent.com/sites/3FdLP5MPzwKsQAwlvyLIpe/framer.CUVxohPF.mjs:52:14464)
    at li (https://framerusercontent.com/sites/3FdLP5MPzwKsQAwlvyLIpe/framer.CUVxohPF.mjs:49:7331)
    at https://framerusercontent.com/sites/3FdLP5MPzwKsQAwlvyLIpe/framer.CUVxohPF.mjs:928:2407
    at https://framerusercontent.com/sites/3FdLP5MPzwKsQAwlvyLIpe/framer.CUVxohPF.mjs:83:56673
    at It (https://framerusercontent.com/sites/3FdLP5MPzwKsQAwlvyLIpe/framer.CUVxohPF.mjs:3:3254)
    at Kf (https://framerusercontent.com/sites/3FdLP5MPzwKsQAwlvyLIpe/framer.CUVxohPF.mjs:54:3067)
    at Df (https://framerusercontent.com/sites/3FdLP5MPzwKsQAwlvyLIpe/framer.CUVxohPF.mjs:52:19339)
    at sD (https://framerusercontent.com/sites/3FdLP5MPzwKsQAwlvyLIpe/framer.CUVxohPF.mjs:928:16759)
    at rp (https://framerusercontent.com/sites/3FdLP5MPzwKsQAwlvyLIpe/framer.CUVxohPF.mjs:54:11199)
    at Tn (https://framerusercontent.com/sites/3FdLP5MPzwKsQAwlvyLIpe/framer.CUVxohPF.mjs:7:9179)
    at ca (https://framerusercontent.com/sites/3FdLP5MPzwKsQAwlvyLIpe/motion.D9EjL7gc.mjs:9:1422)
    at ti (https://framerusercontent.com/sites/3FdLP5MPzwKsQAwlvyLIpe/framer.CUVxohPF.mjs:49:6757)
    at ip (https://framerusercontent.com/sites/3FdLP5MPzwKsQAwlvyLIpe/framer.CUVxohPF.mjs:54:11290)
    at YT (https://framerusercontent.com/sites/3FdLP5MPzwKsQAwlvyLIpe/framer.CUVxohPF.mjs:928:6084)
    at fr (https://framerusercontent.com/sites/3FdLP5MPzwKsQAwlvyLIpe/framer.CUVxohPF.mjs:7:16545) @ https://framerusercontent.com/sites/3FdLP5MPzwKsQAwlvyLIpe/script_main.iYPYXHh-.mjs:0
[  319863ms] [WARNING] Caught a recoverable error. The site is still functional, but might have some UI flickering or degraded page load performance. If you are the author of this website, update external components and check recently added custom code or code overrides to fix the following server/client mismatches:
 Error: Minified React error #418; visit https://reactjs.org/docs/error-decoder.html?invariant=418 for the full message or use the non-minified dev environment for full errors and additional helpful warnings.
    at da (https://framerusercontent.com/sites/3FdLP5MPzwKsQAwlvyLIpe/react.CAnmqD_l.mjs:6:4116)
    at sp (https://framerusercontent.com/sites/3FdLP5MPzwKsQAwlvyLIpe/react.CAnmqD_l.mjs:8:68259)
    at $s (https://framerusercontent.com/sites/3FdLP5MPzwKsQAwlvyLIpe/react.CAnmqD_l.mjs:8:37073)
    at Qs (https://framerusercontent.com/sites/3FdLP5MPzwKsQAwlvyLIpe/react.CAnmqD_l.mjs:8:37046)
    at Ls (https://framerusercontent.com/sites/3FdLP5MPzwKsQAwlvyLIpe/react.CAnmqD_l.mjs:8:32130)
    at wt (https://framerusercontent.com/sites/3FdLP5MPzwKsQAwlvyLIpe/react.CAnmqD_l.mjs:1:10656)
    at MessagePort.Et (https://framerusercontent.com/sites/3FdLP5MPzwKsQAwlvyLIpe/react.CAnmqD_l.mjs:1:11011) 
    at div
    at s (https://framerusercontent.com/sites/3FdLP5MPzwKsQAwlvyLIpe/motion.D9EjL7gc.mjs:9:5741)
    at s (https://framerusercontent.com/sites/3FdLP5MPzwKsQAwlvyLIpe/motion.D9EjL7gc.mjs:9:5741)
    at Ph (https://framerusercontent.com/sites/3FdLP5MPzwKsQAwlvyLIpe/framer.CUVxohPF.mjs:59:16368)
    at Nh (https://framerusercontent.com/sites/3FdLP5MPzwKsQAwlvyLIpe/framer.CUVxohPF.mjs:59:13242)
    at https://framerusercontent.com/sites/3FdLP5MPzwKsQAwlvyLIpe/framer.CUVxohPF.mjs:929:3070
    at sk (https://framerusercontent.com/sites/3FdLP5MPzwKsQAwlvyLIpe/framer.CUVxohPF.mjs:929:4435)
    at https://framerusercontent.com/sites/3FdLP5MPzwKsQAwlvyLIpe/framer.CUVxohPF.mjs:929:4607
    at https://framerusercontent.com/sites/3FdLP5MPzwKsQAwlvyLIpe/framer.CUVxohPF.mjs:929:5431
    at div
    at div
    at s (https://framerusercontent.com/sites/3FdLP5MPzwKsQAwlvyLIpe/motion.D9EjL7gc.mjs:9:5741)
    at https://framerusercontent.com/sites/3FdLP5MPzwKsQAwlvyLIpe/framer.CUVxohPF.mjs:921:24654
    at div
    at div
    at s (https://framerusercontent.com/sites/3FdLP5MPzwKsQAwlvyLIpe/motion.D9EjL7gc.mjs:9:5741)
    at div
    at s (https://framerusercontent.com/sites/3FdLP5MPzwKsQAwlvyLIpe/motion.D9EjL7gc.mjs:9:5741)
    at ca (https://framerusercontent.com/sites/3FdLP5MPzwKsQAwlvyLIpe/motion.D9EjL7gc.mjs:9:1422)
    at cf (https://framerusercontent.com/sites/3FdLP5MPzwKsQAwlvyLIpe/motion.D9EjL7gc.mjs:9:71319)
    at https://framerusercontent.com/sites/3FdLP5MPzwKsQAwlvyLIpe/framer.CUVxohPF.mjs:929:5530
    at cf (https://framerusercontent.com/sites/3FdLP5MPzwKsQAwlvyLIpe/motion.D9EjL7gc.mjs:9:71319)
    at https://framerusercontent.com/sites/3FdLP5MPzwKsQAwlvyLIpe/shared-lib.DDoI-WXY.mjs:55:139403
    at https://framerusercontent.com/sites/3FdLP5MPzwKsQAwlvyLIpe/framer.CUVxohPF.mjs:83:56673
    at https://framerusercontent.com/sites/3FdLP5MPzwKsQAwlvyLIpe/framer.CUVxohPF.mjs:3:1056
    at div
    at s (https://framerusercontent.com/sites/3FdLP5MPzwKsQAwlvyLIpe/motion.D9EjL7gc.mjs:9:5741)
    at cf (https://framerusercontent.com/sites/3FdLP5MPzwKsQAwlvyLIpe/motion.D9EjL7gc.mjs:9:71319)
    at https://framerusercontent.com/sites/3FdLP5MPzwKsQAwlvyLIpe/shared-lib.DDoI-WXY.mjs:11:16580
    at https://framerusercontent.com/sites/3FdLP5MPzwKsQAwlvyLIpe/framer.CUVxohPF.mjs:83:56673
    at V (https://framerusercontent.com/sites/3FdLP5MPzwKsQAwlvyLIpe/script_main.iYPYXHh-.mjs:1:468)
    at qf (https://framerusercontent.com/sites/3FdLP5MPzwKsQAwlvyLIpe/framer.CUVxohPF.mjs:54:9457)
    at Lb (https://framerusercontent.com/sites/3FdLP5MPzwKsQAwlvyLIpe/framer.CUVxohPF.mjs:83:6220)
    at Suspense
    at nu (https://framerusercontent.com/sites/3FdLP5MPzwKsQAwlvyLIpe/framer.CUVxohPF.mjs:49:73498)
    at hT (https://framerusercontent.com/sites/3FdLP5MPzwKsQAwlvyLIpe/framer.CUVxohPF.mjs:921:26601)
    at ef (https://framerusercontent.com/sites/3FdLP5MPzwKsQAwlvyLIpe/framer.CUVxohPF.mjs:52:14464)
    at li (https://framerusercontent.com/sites/3FdLP5MPzwKsQAwlvyLIpe/framer.CUVxohPF.mjs:49:7331)
    at https://framerusercontent.com/sites/3FdLP5MPzwKsQAwlvyLIpe/framer.CUVxohPF.mjs:928:2407
    at https://framerusercontent.com/sites/3FdLP5MPzwKsQAwlvyLIpe/framer.CUVxohPF.mjs:83:56673
    at It (https://framerusercontent.com/sites/3FdLP5MPzwKsQAwlvyLIpe/framer.CUVxohPF.mjs:3:3254)
    at Kf (https://framerusercontent.com/sites/3FdLP5MPzwKsQAwlvyLIpe/framer.CUVxohPF.mjs:54:3067)
    at Df (https://framerusercontent.com/sites/3FdLP5MPzwKsQAwlvyLIpe/framer.CUVxohPF.mjs:52:19339)
    at sD (https://framerusercontent.com/sites/3FdLP5MPzwKsQAwlvyLIpe/framer.CUVxohPF.mjs:928:16759)
    at rp (https://framerusercontent.com/sites/3FdLP5MPzwKsQAwlvyLIpe/framer.CUVxohPF.mjs:54:11199)
    at Tn (https://framerusercontent.com/sites/3FdLP5MPzwKsQAwlvyLIpe/framer.CUVxohPF.mjs:7:9179)
    at ca (https://framerusercontent.com/sites/3FdLP5MPzwKsQAwlvyLIpe/motion.D9EjL7gc.mjs:9:1422)
    at ti (https://framerusercontent.com/sites/3FdLP5MPzwKsQAwlvyLIpe/framer.CUVxohPF.mjs:49:6757)
    at ip (https://framerusercontent.com/sites/3FdLP5MPzwKsQAwlvyLIpe/framer.CUVxohPF.mjs:54:11290)
    at YT (https://framerusercontent.com/sites/3FdLP5MPzwKsQAwlvyLIpe/framer.CUVxohPF.mjs:928:6084)
    at fr (https://framerusercontent.com/sites/3FdLP5MPzwKsQAwlvyLIpe/framer.CUVxohPF.mjs:7:16545) @ https://framerusercontent.com/sites/3FdLP5MPzwKsQAwlvyLIpe/script_main.iYPYXHh-.mjs:0
[  319863ms] [WARNING] Caught a recoverable error. The site is still functional, but might have some UI flickering or degraded page load performance. If you are the author of this website, update external components and check recently added custom code or code overrides to fix the following server/client mismatches:
 Error: Minified React error #418; visit https://reactjs.org/docs/error-decoder.html?invariant=418 for the full message or use the non-minified dev environment for full errors and additional helpful warnings.
    at da (https://framerusercontent.com/sites/3FdLP5MPzwKsQAwlvyLIpe/react.CAnmqD_l.mjs:6:4116)
    at sp (https://framerusercontent.com/sites/3FdLP5MPzwKsQAwlvyLIpe/react.CAnmqD_l.mjs:8:68435)
    at $s (https://framerusercontent.com/sites/3FdLP5MPzwKsQAwlvyLIpe/react.CAnmqD_l.mjs:8:37073)
    at Qs (https://framerusercontent.com/sites/3FdLP5MPzwKsQAwlvyLIpe/react.CAnmqD_l.mjs:8:37046)
    at Ls (https://framerusercontent.com/sites/3FdLP5MPzwKsQAwlvyLIpe/react.CAnmqD_l.mjs:8:32130)
    at wt (https://framerusercontent.com/sites/3FdLP5MPzwKsQAwlvyLIpe/react.CAnmqD_l.mjs:1:10656)
    at MessagePort.Et (https://framerusercontent.com/sites/3FdLP5MPzwKsQAwlvyLIpe/react.CAnmqD_l.mjs:1:11011) 
    at Ph (https://framerusercontent.com/sites/3FdLP5MPzwKsQAwlvyLIpe/framer.CUVxohPF.mjs:59:16368)
    at Nh (https://framerusercontent.com/sites/3FdLP5MPzwKsQAwlvyLIpe/framer.CUVxohPF.mjs:59:13242)
    at https://framerusercontent.com/sites/3FdLP5MPzwKsQAwlvyLIpe/framer.CUVxohPF.mjs:929:3070
    at sk (https://framerusercontent.com/sites/3FdLP5MPzwKsQAwlvyLIpe/framer.CUVxohPF.mjs:929:4435)
    at https://framerusercontent.com/sites/3FdLP5MPzwKsQAwlvyLIpe/framer.CUVxohPF.mjs:929:4607
    at https://framerusercontent.com/sites/3FdLP5MPzwKsQAwlvyLIpe/framer.CUVxohPF.mjs:929:5431
    at div
    at div
    at s (https://framerusercontent.com/sites/3FdLP5MPzwKsQAwlvyLIpe/motion.D9EjL7gc.mjs:9:5741)
    at https://framerusercontent.com/sites/3FdLP5MPzwKsQAwlvyLIpe/framer.CUVxohPF.mjs:921:24654
    at div
    at div
    at s (https://framerusercontent.com/sites/3FdLP5MPzwKsQAwlvyLIpe/motion.D9EjL7gc.mjs:9:5741)
    at div
    at s (https://framerusercontent.com/sites/3FdLP5MPzwKsQAwlvyLIpe/motion.D9EjL7gc.mjs:9:5741)
    at ca (https://framerusercontent.com/sites/3FdLP5MPzwKsQAwlvyLIpe/motion.D9EjL7gc.mjs:9:1422)
    at cf (https://framerusercontent.com/sites/3FdLP5MPzwKsQAwlvyLIpe/motion.D9EjL7gc.mjs:9:71319)
    at https://framerusercontent.com/sites/3FdLP5MPzwKsQAwlvyLIpe/framer.CUVxohPF.mjs:929:5530
    at cf (https://framerusercontent.com/sites/3FdLP5MPzwKsQAwlvyLIpe/motion.D9EjL7gc.mjs:9:71319)
    at https://framerusercontent.com/sites/3FdLP5MPzwKsQAwlvyLIpe/shared-lib.DDoI-WXY.mjs:55:139403
    at https://framerusercontent.com/sites/3FdLP5MPzwKsQAwlvyLIpe/framer.CUVxohPF.mjs:83:56673
    at https://framerusercontent.com/sites/3FdLP5MPzwKsQAwlvyLIpe/framer.CUVxohPF.mjs:3:1056
    at div
    at s (https://framerusercontent.com/sites/3FdLP5MPzwKsQAwlvyLIpe/motion.D9EjL7gc.mjs:9:5741)
    at cf (https://framerusercontent.com/sites/3FdLP5MPzwKsQAwlvyLIpe/motion.D9EjL7gc.mjs:9:71319)
    at https://framerusercontent.com/sites/3FdLP5MPzwKsQAwlvyLIpe/shared-lib.DDoI-WXY.mjs:11:16580
    at https://framerusercontent.com/sites/3FdLP5MPzwKsQAwlvyLIpe/framer.CUVxohPF.mjs:83:56673
    at V (https://framerusercontent.com/sites/3FdLP5MPzwKsQAwlvyLIpe/script_main.iYPYXHh-.mjs:1:468)
    at qf (https://framerusercontent.com/sites/3FdLP5MPzwKsQAwlvyLIpe/framer.CUVxohPF.mjs:54:9457)
    at Lb (https://framerusercontent.com/sites/3FdLP5MPzwKsQAwlvyLIpe/framer.CUVxohPF.mjs:83:6220)
    at Suspense
    at nu (https://framerusercontent.com/sites/3FdLP5MPzwKsQAwlvyLIpe/framer.CUVxohPF.mjs:49:73498)
    at hT (https://framerusercontent.com/sites/3FdLP5MPzwKsQAwlvyLIpe/framer.CUVxohPF.mjs:921:26601)
    at ef (https://framerusercontent.com/sites/3FdLP5MPzwKsQAwlvyLIpe/framer.CUVxohPF.mjs:52:14464)
    at li (https://framerusercontent.com/sites/3FdLP5MPzwKsQAwlvyLIpe/framer.CUVxohPF.mjs:49:7331)
    at https://framerusercontent.com/sites/3FdLP5MPzwKsQAwlvyLIpe/framer.CUVxohPF.mjs:928:2407
    at https://framerusercontent.com/sites/3FdLP5MPzwKsQAwlvyLIpe/framer.CUVxohPF.mjs:83:56673
    at It (https://framerusercontent.com/sites/3FdLP5MPzwKsQAwlvyLIpe/framer.CUVxohPF.mjs:3:3254)
    at Kf (https://framerusercontent.com/sites/3FdLP5MPzwKsQAwlvyLIpe/framer.CUVxohPF.mjs:54:3067)
    at Df (https://framerusercontent.com/sites/3FdLP5MPzwKsQAwlvyLIpe/framer.CUVxohPF.mjs:52:19339)
    at sD (https://framerusercontent.com/sites/3FdLP5MPzwKsQAwlvyLIpe/framer.CUVxohPF.mjs:928:16759)
    at rp (https://framerusercontent.com/sites/3FdLP5MPzwKsQAwlvyLIpe/framer.CUVxohPF.mjs:54:11199)
    at Tn (https://framerusercontent.com/sites/3FdLP5MPzwKsQAwlvyLIpe/framer.CUVxohPF.mjs:7:9179)
    at ca (https://framerusercontent.com/sites/3FdLP5MPzwKsQAwlvyLIpe/motion.D9EjL7gc.mjs:9:1422)
    at ti (https://framerusercontent.com/sites/3FdLP5MPzwKsQAwlvyLIpe/framer.CUVxohPF.mjs:49:6757)
    at ip (https://framerusercontent.com/sites/3FdLP5MPzwKsQAwlvyLIpe/framer.CUVxohPF.mjs:54:11290)
    at YT (https://framerusercontent.com/sites/3FdLP5MPzwKsQAwlvyLIpe/framer.CUVxohPF.mjs:928:6084)
    at fr (https://framerusercontent.com/sites/3FdLP5MPzwKsQAwlvyLIpe/framer.CUVxohPF.mjs:7:16545) @ https://framerusercontent.com/sites/3FdLP5MPzwKsQAwlvyLIpe/script_main.iYPYXHh-.mjs:0
[  319863ms] [WARNING] Caught a recoverable error. The site is still functional, but might have some UI flickering or degraded page load performance. If you are the author of this website, update external components and check recently added custom code or code overrides to fix the following server/client mismatches:
 Error: Minified React error #418; visit https://reactjs.org/docs/error-decoder.html?invariant=418 for the full message or use the non-minified dev environment for full errors and additional helpful warnings.
    at da (https://framerusercontent.com/sites/3FdLP5MPzwKsQAwlvyLIpe/react.CAnmqD_l.mjs:6:4116)
    at sp (https://framerusercontent.com/sites/3FdLP5MPzwKsQAwlvyLIpe/react.CAnmqD_l.mjs:8:68259)
    at $s (https://framerusercontent.com/sites/3FdLP5MPzwKsQAwlvyLIpe/react.CAnmqD_l.mjs:8:37073)
    at Qs (https://framerusercontent.com/sites/3FdLP5MPzwKsQAwlvyLIpe/react.CAnmqD_l.mjs:8:37046)
    at Ls (https://framerusercontent.com/sites/3FdLP5MPzwKsQAwlvyLIpe/react.CAnmqD_l.mjs:8:32130)
    at wt (https://framerusercontent.com/sites/3FdLP5MPzwKsQAwlvyLIpe/react.CAnmqD_l.mjs:1:10656)
    at MessagePort.Et (https://framerusercontent.com/sites/3FdLP5MPzwKsQAwlvyLIpe/react.CAnmqD_l.mjs:1:11011) 
    at div
    at s (https://framerusercontent.com/sites/3FdLP5MPzwKsQAwlvyLIpe/motion.D9EjL7gc.mjs:9:5741)
    at https://framerusercontent.com/sites/3FdLP5MPzwKsQAwlvyLIpe/framer.CUVxohPF.mjs:928:1367
    at https://framerusercontent.com/sites/3FdLP5MPzwKsQAwlvyLIpe/framer.CUVxohPF.mjs:921:26502
    at https://framerusercontent.com/sites/3FdLP5MPzwKsQAwlvyLIpe/framer.CUVxohPF.mjs:921:26315
    at div
    at s (https://framerusercontent.com/sites/3FdLP5MPzwKsQAwlvyLIpe/motion.D9EjL7gc.mjs:9:5741)
    at ca (https://framerusercontent.com/sites/3FdLP5MPzwKsQAwlvyLIpe/motion.D9EjL7gc.mjs:9:1422)
    at cf (https://framerusercontent.com/sites/3FdLP5MPzwKsQAwlvyLIpe/motion.D9EjL7gc.mjs:9:71319)
    at https://framerusercontent.com/sites/3FdLP5MPzwKsQAwlvyLIpe/framer.CUVxohPF.mjs:929:5530
    at cf (https://framerusercontent.com/sites/3FdLP5MPzwKsQAwlvyLIpe/motion.D9EjL7gc.mjs:9:71319)
    at https://framerusercontent.com/sites/3FdLP5MPzwKsQAwlvyLIpe/shared-lib.DDoI-WXY.mjs:55:139403
    at https://framerusercontent.com/sites/3FdLP5MPzwKsQAwlvyLIpe/framer.CUVxohPF.mjs:83:56673
    at https://framerusercontent.com/sites/3FdLP5MPzwKsQAwlvyLIpe/framer.CUVxohPF.mjs:3:1056
    at div
    at s (https://framerusercontent.com/sites/3FdLP5MPzwKsQAwlvyLIpe/motion.D9EjL7gc.mjs:9:5741)
    at cf (https://framerusercontent.com/sites/3FdLP5MPzwKsQAwlvyLIpe/motion.D9EjL7gc.mjs:9:71319)
    at https://framerusercontent.com/sites/3FdLP5MPzwKsQAwlvyLIpe/shared-lib.DDoI-WXY.mjs:11:16580
    at https://framerusercontent.com/sites/3FdLP5MPzwKsQAwlvyLIpe/framer.CUVxohPF.mjs:83:56673
    at V (https://framerusercontent.com/sites/3FdLP5MPzwKsQAwlvyLIpe/script_main.iYPYXHh-.mjs:1:468)
    at qf (https://framerusercontent.com/sites/3FdLP5MPzwKsQAwlvyLIpe/framer.CUVxohPF.mjs:54:9457)
    at Lb (https://framerusercontent.com/sites/3FdLP5MPzwKsQAwlvyLIpe/framer.CUVxohPF.mjs:83:6220)
    at Suspense
    at nu (https://framerusercontent.com/sites/3FdLP5MPzwKsQAwlvyLIpe/framer.CUVxohPF.mjs:49:73498)
    at hT (https://framerusercontent.com/sites/3FdLP5MPzwKsQAwlvyLIpe/framer.CUVxohPF.mjs:921:26601)
    at ef (https://framerusercontent.com/sites/3FdLP5MPzwKsQAwlvyLIpe/framer.CUVxohPF.mjs:52:14464)
    at li (https://framerusercontent.com/sites/3FdLP5MPzwKsQAwlvyLIpe/framer.CUVxohPF.mjs:49:7331)
    at https://framerusercontent.com/sites/3FdLP5MPzwKsQAwlvyLIpe/framer.CUVxohPF.mjs:928:2407
    at https://framerusercontent.com/sites/3FdLP5MPzwKsQAwlvyLIpe/framer.CUVxohPF.mjs:83:56673
    at It (https://framerusercontent.com/sites/3FdLP5MPzwKsQAwlvyLIpe/framer.CUVxohPF.mjs:3:3254)
    at Kf (https://framerusercontent.com/sites/3FdLP5MPzwKsQAwlvyLIpe/framer.CUVxohPF.mjs:54:3067)
    at Df (https://framerusercontent.com/sites/3FdLP5MPzwKsQAwlvyLIpe/framer.CUVxohPF.mjs:52:19339)
    at sD (https://framerusercontent.com/sites/3FdLP5MPzwKsQAwlvyLIpe/framer.CUVxohPF.mjs:928:16759)
    at rp (https://framerusercontent.com/sites/3FdLP5MPzwKsQAwlvyLIpe/framer.CUVxohPF.mjs:54:11199)
    at Tn (https://framerusercontent.com/sites/3FdLP5MPzwKsQAwlvyLIpe/framer.CUVxohPF.mjs:7:9179)
    at ca (https://framerusercontent.com/sites/3FdLP5MPzwKsQAwlvyLIpe/motion.D9EjL7gc.mjs:9:1422)
    at ti (https://framerusercontent.com/sites/3FdLP5MPzwKsQAwlvyLIpe/framer.CUVxohPF.mjs:49:6757)
    at ip (https://framerusercontent.com/sites/3FdLP5MPzwKsQAwlvyLIpe/framer.CUVxohPF.mjs:54:11290)
    at YT (https://framerusercontent.com/sites/3FdLP5MPzwKsQAwlvyLIpe/framer.CUVxohPF.mjs:928:6084)
    at fr (https://framerusercontent.com/sites/3FdLP5MPzwKsQAwlvyLIpe/framer.CUVxohPF.mjs:7:16545) @ https://framerusercontent.com/sites/3FdLP5MPzwKsQAwlvyLIpe/script_main.iYPYXHh-.mjs:0
[  319863ms] [WARNING] Caught a recoverable error. The site is still functional, but might have some UI flickering or degraded page load performance. If you are the author of this website, update external components and check recently added custom code or code overrides to fix the following server/client mismatches:
 Error: Minified React error #418; visit https://reactjs.org/docs/error-decoder.html?invariant=418 for the full message or use the non-minified dev environment for full errors and additional helpful warnings.
    at da (https://framerusercontent.com/sites/3FdLP5MPzwKsQAwlvyLIpe/react.CAnmqD_l.mjs:6:4116)
    at sp (https://framerusercontent.com/sites/3FdLP5MPzwKsQAwlvyLIpe/react.CAnmqD_l.mjs:8:68259)
    at $s (https://framerusercontent.com/sites/3FdLP5MPzwKsQAwlvyLIpe/react.CAnmqD_l.mjs:8:37073)
    at Qs (https://framerusercontent.com/sites/3FdLP5MPzwKsQAwlvyLIpe/react.CAnmqD_l.mjs:8:37046)
    at Ls (https://framerusercontent.com/sites/3FdLP5MPzwKsQAwlvyLIpe/react.CAnmqD_l.mjs:8:32130)
    at wt (https://framerusercontent.com/sites/3FdLP5MPzwKsQAwlvyLIpe/react.CAnmqD_l.mjs:1:10656)
    at MessagePort.Et (https://framerusercontent.com/sites/3FdLP5MPzwKsQAwlvyLIpe/react.CAnmqD_l.mjs:1:11011) 
    at div
    at s (https://framerusercontent.com/sites/3FdLP5MPzwKsQAwlvyLIpe/motion.D9EjL7gc.mjs:9:5741)
    at div
    at s (https://framerusercontent.com/sites/3FdLP5MPzwKsQAwlvyLIpe/motion.D9EjL7gc.mjs:9:5741)
    at ca (https://framerusercontent.com/sites/3FdLP5MPzwKsQAwlvyLIpe/motion.D9EjL7gc.mjs:9:1422)
    at cf (https://framerusercontent.com/sites/3FdLP5MPzwKsQAwlvyLIpe/motion.D9EjL7gc.mjs:9:71319)
    at https://framerusercontent.com/sites/3FdLP5MPzwKsQAwlvyLIpe/framer.CUVxohPF.mjs:929:5530
    at cf (https://framerusercontent.com/sites/3FdLP5MPzwKsQAwlvyLIpe/motion.D9EjL7gc.mjs:9:71319)
    at https://framerusercontent.com/sites/3FdLP5MPzwKsQAwlvyLIpe/shared-lib.DDoI-WXY.mjs:55:139403
    at https://framerusercontent.com/sites/3FdLP5MPzwKsQAwlvyLIpe/framer.CUVxohPF.mjs:83:56673
    at https://framerusercontent.com/sites/3FdLP5MPzwKsQAwlvyLIpe/framer.CUVxohPF.mjs:3:1056
    at div
    at s (https://framerusercontent.com/sites/3FdLP5MPzwKsQAwlvyLIpe/motion.D9EjL7gc.mjs:9:5741)
    at cf (https://framerusercontent.com/sites/3FdLP5MPzwKsQAwlvyLIpe/motion.D9EjL7gc.mjs:9:71319)
    at https://framerusercontent.com/sites/3FdLP5MPzwKsQAwlvyLIpe/shared-lib.DDoI-WXY.mjs:11:16580
    at https://framerusercontent.com/sites/3FdLP5MPzwKsQAwlvyLIpe/framer.CUVxohPF.mjs:83:56673
    at V (https://framerusercontent.com/sites/3FdLP5MPzwKsQAwlvyLIpe/script_main.iYPYXHh-.mjs:1:468)
    at qf (https://framerusercontent.com/sites/3FdLP5MPzwKsQAwlvyLIpe/framer.CUVxohPF.mjs:54:9457)
    at Lb (https://framerusercontent.com/sites/3FdLP5MPzwKsQAwlvyLIpe/framer.CUVxohPF.mjs:83:6220)
    at Suspense
    at nu (https://framerusercontent.com/sites/3FdLP5MPzwKsQAwlvyLIpe/framer.CUVxohPF.mjs:49:73498)
    at hT (https://framerusercontent.com/sites/3FdLP5MPzwKsQAwlvyLIpe/framer.CUVxohPF.mjs:921:26601)
    at ef (https://framerusercontent.com/sites/3FdLP5MPzwKsQAwlvyLIpe/framer.CUVxohPF.mjs:52:14464)
    at li (https://framerusercontent.com/sites/3FdLP5MPzwKsQAwlvyLIpe/framer.CUVxohPF.mjs:49:7331)
    at https://framerusercontent.com/sites/3FdLP5MPzwKsQAwlvyLIpe/framer.CUVxohPF.mjs:928:2407
    at https://framerusercontent.com/sites/3FdLP5MPzwKsQAwlvyLIpe/framer.CUVxohPF.mjs:83:56673
    at It (https://framerusercontent.com/sites/3FdLP5MPzwKsQAwlvyLIpe/framer.CUVxohPF.mjs:3:3254)
    at Kf (https://framerusercontent.com/sites/3FdLP5MPzwKsQAwlvyLIpe/framer.CUVxohPF.mjs:54:3067)
    at Df (https://framerusercontent.com/sites/3FdLP5MPzwKsQAwlvyLIpe/framer.CUVxohPF.mjs:52:19339)
    at sD (https://framerusercontent.com/sites/3FdLP5MPzwKsQAwlvyLIpe/framer.CUVxohPF.mjs:928:16759)
    at rp (https://framerusercontent.com/sites/3FdLP5MPzwKsQAwlvyLIpe/framer.CUVxohPF.mjs:54:11199)
    at Tn (https://framerusercontent.com/sites/3FdLP5MPzwKsQAwlvyLIpe/framer.CUVxohPF.mjs:7:9179)
    at ca (https://framerusercontent.com/sites/3FdLP5MPzwKsQAwlvyLIpe/motion.D9EjL7gc.mjs:9:1422)
    at ti (https://framerusercontent.com/sites/3FdLP5MPzwKsQAwlvyLIpe/framer.CUVxohPF.mjs:49:6757)
    at ip (https://framerusercontent.com/sites/3FdLP5MPzwKsQAwlvyLIpe/framer.CUVxohPF.mjs:54:11290)
    at YT (https://framerusercontent.com/sites/3FdLP5MPzwKsQAwlvyLIpe/framer.CUVxohPF.mjs:928:6084)
    at fr (https://framerusercontent.com/sites/3FdLP5MPzwKsQAwlvyLIpe/framer.CUVxohPF.mjs:7:16545) @ https://framerusercontent.com/sites/3FdLP5MPzwKsQAwlvyLIpe/script_main.iYPYXHh-.mjs:0
[  319863ms] [WARNING] Caught a recoverable error. The site is still functional, but might have some UI flickering or degraded page load performance. If you are the author of this website, update external components and check recently added custom code or code overrides to fix the following server/client mismatches:
 Error: Minified React error #418; visit https://reactjs.org/docs/error-decoder.html?invariant=418 for the full message or use the non-minified dev environment for full errors and additional helpful warnings.
    at da (https://framerusercontent.com/sites/3FdLP5MPzwKsQAwlvyLIpe/react.CAnmqD_l.mjs:6:4116)
    at sp (https://framerusercontent.com/sites/3FdLP5MPzwKsQAwlvyLIpe/react.CAnmqD_l.mjs:8:68259)
    at $s (https://framerusercontent.com/sites/3FdLP5MPzwKsQAwlvyLIpe/react.CAnmqD_l.mjs:8:37073)
    at Qs (https://framerusercontent.com/sites/3FdLP5MPzwKsQAwlvyLIpe/react.CAnmqD_l.mjs:8:37046)
    at Ls (https://framerusercontent.com/sites/3FdLP5MPzwKsQAwlvyLIpe/react.CAnmqD_l.mjs:8:32130)
    at wt (https://framerusercontent.com/sites/3FdLP5MPzwKsQAwlvyLIpe/react.CAnmqD_l.mjs:1:10656)
    at MessagePort.Et (https://framerusercontent.com/sites/3FdLP5MPzwKsQAwlvyLIpe/react.CAnmqD_l.mjs:1:11011) 
    at div
    at cf (https://framerusercontent.com/sites/3FdLP5MPzwKsQAwlvyLIpe/motion.D9EjL7gc.mjs:9:71319)
    at https://framerusercontent.com/sites/3FdLP5MPzwKsQAwlvyLIpe/shared-lib.DDoI-WXY.mjs:55:139403
    at https://framerusercontent.com/sites/3FdLP5MPzwKsQAwlvyLIpe/framer.CUVxohPF.mjs:83:56673
    at https://framerusercontent.com/sites/3FdLP5MPzwKsQAwlvyLIpe/framer.CUVxohPF.mjs:3:1056
    at div
    at s (https://framerusercontent.com/sites/3FdLP5MPzwKsQAwlvyLIpe/motion.D9EjL7gc.mjs:9:5741)
    at cf (https://framerusercontent.com/sites/3FdLP5MPzwKsQAwlvyLIpe/motion.D9EjL7gc.mjs:9:71319)
    at https://framerusercontent.com/sites/3FdLP5MPzwKsQAwlvyLIpe/shared-lib.DDoI-WXY.mjs:11:16580
    at https://framerusercontent.com/sites/3FdLP5MPzwKsQAwlvyLIpe/framer.CUVxohPF.mjs:83:56673
    at V (https://framerusercontent.com/sites/3FdLP5MPzwKsQAwlvyLIpe/script_main.iYPYXHh-.mjs:1:468)
    at qf (https://framerusercontent.com/sites/3FdLP5MPzwKsQAwlvyLIpe/framer.CUVxohPF.mjs:54:9457)
    at Lb (https://framerusercontent.com/sites/3FdLP5MPzwKsQAwlvyLIpe/framer.CUVxohPF.mjs:83:6220)
    at Suspense
    at nu (https://framerusercontent.com/sites/3FdLP5MPzwKsQAwlvyLIpe/framer.CUVxohPF.mjs:49:73498)
    at hT (https://framerusercontent.com/sites/3FdLP5MPzwKsQAwlvyLIpe/framer.CUVxohPF.mjs:921:26601)
    at ef (https://framerusercontent.com/sites/3FdLP5MPzwKsQAwlvyLIpe/framer.CUVxohPF.mjs:52:14464)
    at li (https://framerusercontent.com/sites/3FdLP5MPzwKsQAwlvyLIpe/framer.CUVxohPF.mjs:49:7331)
    at https://framerusercontent.com/sites/3FdLP5MPzwKsQAwlvyLIpe/framer.CUVxohPF.mjs:928:2407
    at https://framerusercontent.com/sites/3FdLP5MPzwKsQAwlvyLIpe/framer.CUVxohPF.mjs:83:56673
    at It (https://framerusercontent.com/sites/3FdLP5MPzwKsQAwlvyLIpe/framer.CUVxohPF.mjs:3:3254)
    at Kf (https://framerusercontent.com/sites/3FdLP5MPzwKsQAwlvyLIpe/framer.CUVxohPF.mjs:54:3067)
    at Df (https://framerusercontent.com/sites/3FdLP5MPzwKsQAwlvyLIpe/framer.CUVxohPF.mjs:52:19339)
    at sD (https://framerusercontent.com/sites/3FdLP5MPzwKsQAwlvyLIpe/framer.CUVxohPF.mjs:928:16759)
    at rp (https://framerusercontent.com/sites/3FdLP5MPzwKsQAwlvyLIpe/framer.CUVxohPF.mjs:54:11199)
    at Tn (https://framerusercontent.com/sites/3FdLP5MPzwKsQAwlvyLIpe/framer.CUVxohPF.mjs:7:9179)
    at ca (https://framerusercontent.com/sites/3FdLP5MPzwKsQAwlvyLIpe/motion.D9EjL7gc.mjs:9:1422)
    at ti (https://framerusercontent.com/sites/3FdLP5MPzwKsQAwlvyLIpe/framer.CUVxohPF.mjs:49:6757)
    at ip (https://framerusercontent.com/sites/3FdLP5MPzwKsQAwlvyLIpe/framer.CUVxohPF.mjs:54:11290)
    at YT (https://framerusercontent.com/sites/3FdLP5MPzwKsQAwlvyLIpe/framer.CUVxohPF.mjs:928:6084)
    at fr (https://framerusercontent.com/sites/3FdLP5MPzwKsQAwlvyLIpe/framer.CUVxohPF.mjs:7:16545) @ https://framerusercontent.com/sites/3FdLP5MPzwKsQAwlvyLIpe/script_main.iYPYXHh-.mjs:0
[  319864ms] [WARNING] Caught a recoverable error. The site is still functional, but might have some UI flickering or degraded page load performance. If you are the author of this website, update external components and check recently added custom code or code overrides to fix the following server/client mismatches:
 Error: Minified React error #418; visit https://reactjs.org/docs/error-decoder.html?invariant=418 for the full message or use the non-minified dev environment for full errors and additional helpful warnings.
    at da (https://framerusercontent.com/sites/3FdLP5MPzwKsQAwlvyLIpe/react.CAnmqD_l.mjs:6:4116)
    at sp (https://framerusercontent.com/sites/3FdLP5MPzwKsQAwlvyLIpe/react.CAnmqD_l.mjs:8:68259)
    at $s (https://framerusercontent.com/sites/3FdLP5MPzwKsQAwlvyLIpe/react.CAnmqD_l.mjs:8:37073)
    at Qs (https://framerusercontent.com/sites/3FdLP5MPzwKsQAwlvyLIpe/react.CAnmqD_l.mjs:8:37046)
    at Ls (https://framerusercontent.com/sites/3FdLP5MPzwKsQAwlvyLIpe/react.CAnmqD_l.mjs:8:32130)
    at wt (https://framerusercontent.com/sites/3FdLP5MPzwKsQAwlvyLIpe/react.CAnmqD_l.mjs:1:10656)
    at MessagePort.Et (https://framerusercontent.com/sites/3FdLP5MPzwKsQAwlvyLIpe/react.CAnmqD_l.mjs:1:11011) 
    at div
    at div
    at s (https://framerusercontent.com/sites/3FdLP5MPzwKsQAwlvyLIpe/motion.D9EjL7gc.mjs:9:5741)
    at cf (https://framerusercontent.com/sites/3FdLP5MPzwKsQAwlvyLIpe/motion.D9EjL7gc.mjs:9:71319)
    at https://framerusercontent.com/sites/3FdLP5MPzwKsQAwlvyLIpe/shared-lib.DDoI-WXY.mjs:11:16580
    at https://framerusercontent.com/sites/3FdLP5MPzwKsQAwlvyLIpe/framer.CUVxohPF.mjs:83:56673
    at V (https://framerusercontent.com/sites/3FdLP5MPzwKsQAwlvyLIpe/script_main.iYPYXHh-.mjs:1:468)
    at qf (https://framerusercontent.com/sites/3FdLP5MPzwKsQAwlvyLIpe/framer.CUVxohPF.mjs:54:9457)
    at Lb (https://framerusercontent.com/sites/3FdLP5MPzwKsQAwlvyLIpe/framer.CUVxohPF.mjs:83:6220)
    at Suspense
    at nu (https://framerusercontent.com/sites/3FdLP5MPzwKsQAwlvyLIpe/framer.CUVxohPF.mjs:49:73498)
    at hT (https://framerusercontent.com/sites/3FdLP5MPzwKsQAwlvyLIpe/framer.CUVxohPF.mjs:921:26601)
    at ef (https://framerusercontent.com/sites/3FdLP5MPzwKsQAwlvyLIpe/framer.CUVxohPF.mjs:52:14464)
    at li (https://framerusercontent.com/sites/3FdLP5MPzwKsQAwlvyLIpe/framer.CUVxohPF.mjs:49:7331)
    at https://framerusercontent.com/sites/3FdLP5MPzwKsQAwlvyLIpe/framer.CUVxohPF.mjs:928:2407
    at https://framerusercontent.com/sites/3FdLP5MPzwKsQAwlvyLIpe/framer.CUVxohPF.mjs:83:56673
    at It (https://framerusercontent.com/sites/3FdLP5MPzwKsQAwlvyLIpe/framer.CUVxohPF.mjs:3:3254)
    at Kf (https://framerusercontent.com/sites/3FdLP5MPzwKsQAwlvyLIpe/framer.CUVxohPF.mjs:54:3067)
    at Df (https://framerusercontent.com/sites/3FdLP5MPzwKsQAwlvyLIpe/framer.CUVxohPF.mjs:52:19339)
    at sD (https://framerusercontent.com/sites/3FdLP5MPzwKsQAwlvyLIpe/framer.CUVxohPF.mjs:928:16759)
    at rp (https://framerusercontent.com/sites/3FdLP5MPzwKsQAwlvyLIpe/framer.CUVxohPF.mjs:54:11199)
    at Tn (https://framerusercontent.com/sites/3FdLP5MPzwKsQAwlvyLIpe/framer.CUVxohPF.mjs:7:9179)
    at ca (https://framerusercontent.com/sites/3FdLP5MPzwKsQAwlvyLIpe/motion.D9EjL7gc.mjs:9:1422)
    at ti (https://framerusercontent.com/sites/3FdLP5MPzwKsQAwlvyLIpe/framer.CUVxohPF.mjs:49:6757)
    at ip (https://framerusercontent.com/sites/3FdLP5MPzwKsQAwlvyLIpe/framer.CUVxohPF.mjs:54:11290)
    at YT (https://framerusercontent.com/sites/3FdLP5MPzwKsQAwlvyLIpe/framer.CUVxohPF.mjs:928:6084)
    at fr (https://framerusercontent.com/sites/3FdLP5MPzwKsQAwlvyLIpe/framer.CUVxohPF.mjs:7:16545) @ https://framerusercontent.com/sites/3FdLP5MPzwKsQAwlvyLIpe/script_main.iYPYXHh-.mjs:0
[  319864ms] [WARNING] Caught a recoverable error. The site is still functional, but might have some UI flickering or degraded page load performance. If you are the author of this website, update external components and check recently added custom code or code overrides to fix the following server/client mismatches:
 Error: Minified React error #418; visit https://reactjs.org/docs/error-decoder.html?invariant=418 for the full message or use the non-minified dev environment for full errors and additional helpful warnings.
    at da (https://framerusercontent.com/sites/3FdLP5MPzwKsQAwlvyLIpe/react.CAnmqD_l.mjs:6:4116)
    at sp (https://framerusercontent.com/sites/3FdLP5MPzwKsQAwlvyLIpe/react.CAnmqD_l.mjs:8:68259)
    at $s (https://framerusercontent.com/sites/3FdLP5MPzwKsQAwlvyLIpe/react.CAnmqD_l.mjs:8:37073)
    at Qs (https://framerusercontent.com/sites/3FdLP5MPzwKsQAwlvyLIpe/react.CAnmqD_l.mjs:8:37046)
    at Ls (https://framerusercontent.com/sites/3FdLP5MPzwKsQAwlvyLIpe/react.CAnmqD_l.mjs:8:32130)
    at wt (https://framerusercontent.com/sites/3FdLP5MPzwKsQAwlvyLIpe/react.CAnmqD_l.mjs:1:10656)
    at MessagePort.Et (https://framerusercontent.com/sites/3FdLP5MPzwKsQAwlvyLIpe/react.CAnmqD_l.mjs:1:11011) 
    at div
    at s (https://framerusercontent.com/sites/3FdLP5MPzwKsQAwlvyLIpe/motion.D9EjL7gc.mjs:9:5741)
    at div
    at s (https://framerusercontent.com/sites/3FdLP5MPzwKsQAwlvyLIpe/motion.D9EjL7gc.mjs:9:5741)
    at cf (https://framerusercontent.com/sites/3FdLP5MPzwKsQAwlvyLIpe/motion.D9EjL7gc.mjs:9:71319)
    at https://framerusercontent.com/sites/3FdLP5MPzwKsQAwlvyLIpe/shared-lib.DDoI-WXY.mjs:11:16580
    at https://framerusercontent.com/sites/3FdLP5MPzwKsQAwlvyLIpe/framer.CUVxohPF.mjs:83:56673
    at V (https://framerusercontent.com/sites/3FdLP5MPzwKsQAwlvyLIpe/script_main.iYPYXHh-.mjs:1:468)
    at qf (https://framerusercontent.com/sites/3FdLP5MPzwKsQAwlvyLIpe/framer.CUVxohPF.mjs:54:9457)
    at Lb (https://framerusercontent.com/sites/3FdLP5MPzwKsQAwlvyLIpe/framer.CUVxohPF.mjs:83:6220)
    at Suspense
    at nu (https://framerusercontent.com/sites/3FdLP5MPzwKsQAwlvyLIpe/framer.CUVxohPF.mjs:49:73498)
    at hT (https://framerusercontent.com/sites/3FdLP5MPzwKsQAwlvyLIpe/framer.CUVxohPF.mjs:921:26601)
    at ef (https://framerusercontent.com/sites/3FdLP5MPzwKsQAwlvyLIpe/framer.CUVxohPF.mjs:52:14464)
    at li (https://framerusercontent.com/sites/3FdLP5MPzwKsQAwlvyLIpe/framer.CUVxohPF.mjs:49:7331)
    at https://framerusercontent.com/sites/3FdLP5MPzwKsQAwlvyLIpe/framer.CUVxohPF.mjs:928:2407
    at https://framerusercontent.com/sites/3FdLP5MPzwKsQAwlvyLIpe/framer.CUVxohPF.mjs:83:56673
    at It (https://framerusercontent.com/sites/3FdLP5MPzwKsQAwlvyLIpe/framer.CUVxohPF.mjs:3:3254)
    at Kf (https://framerusercontent.com/sites/3FdLP5MPzwKsQAwlvyLIpe/framer.CUVxohPF.mjs:54:3067)
    at Df (https://framerusercontent.com/sites/3FdLP5MPzwKsQAwlvyLIpe/framer.CUVxohPF.mjs:52:19339)
    at sD (https://framerusercontent.com/sites/3FdLP5MPzwKsQAwlvyLIpe/framer.CUVxohPF.mjs:928:16759)
    at rp (https://framerusercontent.com/sites/3FdLP5MPzwKsQAwlvyLIpe/framer.CUVxohPF.mjs:54:11199)
    at Tn (https://framerusercontent.com/sites/3FdLP5MPzwKsQAwlvyLIpe/framer.CUVxohPF.mjs:7:9179)
    at ca (https://framerusercontent.com/sites/3FdLP5MPzwKsQAwlvyLIpe/motion.D9EjL7gc.mjs:9:1422)
    at ti (https://framerusercontent.com/sites/3FdLP5MPzwKsQAwlvyLIpe/framer.CUVxohPF.mjs:49:6757)
    at ip (https://framerusercontent.com/sites/3FdLP5MPzwKsQAwlvyLIpe/framer.CUVxohPF.mjs:54:11290)
    at YT (https://framerusercontent.com/sites/3FdLP5MPzwKsQAwlvyLIpe/framer.CUVxohPF.mjs:928:6084)
    at fr (https://framerusercontent.com/sites/3FdLP5MPzwKsQAwlvyLIpe/framer.CUVxohPF.mjs:7:16545) @ https://framerusercontent.com/sites/3FdLP5MPzwKsQAwlvyLIpe/script_main.iYPYXHh-.mjs:0
[  319864ms] [WARNING] Caught a recoverable error. The site is still functional, but might have some UI flickering or degraded page load performance. If you are the author of this website, update external components and check recently added custom code or code overrides to fix the following server/client mismatches:
 Error: Minified React error #418; visit https://reactjs.org/docs/error-decoder.html?invariant=418 for the full message or use the non-minified dev environment for full errors and additional helpful warnings.
    at da (https://framerusercontent.com/sites/3FdLP5MPzwKsQAwlvyLIpe/react.CAnmqD_l.mjs:6:4116)
    at sp (https://framerusercontent.com/sites/3FdLP5MPzwKsQAwlvyLIpe/react.CAnmqD_l.mjs:8:68259)
    at $s (https://framerusercontent.com/sites/3FdLP5MPzwKsQAwlvyLIpe/react.CAnmqD_l.mjs:8:37073)
    at Qs (https://framerusercontent.com/sites/3FdLP5MPzwKsQAwlvyLIpe/react.CAnmqD_l.mjs:8:37046)
    at Ls (https://framerusercontent.com/sites/3FdLP5MPzwKsQAwlvyLIpe/react.CAnmqD_l.mjs:8:32130)
    at wt (https://framerusercontent.com/sites/3FdLP5MPzwKsQAwlvyLIpe/react.CAnmqD_l.mjs:1:10656)
    at MessagePort.Et (https://framerusercontent.com/sites/3FdLP5MPzwKsQAwlvyLIpe/react.CAnmqD_l.mjs:1:11011) 
    at div
    at s (https://framerusercontent.com/sites/3FdLP5MPzwKsQAwlvyLIpe/motion.D9EjL7gc.mjs:9:5741)
    at div
    at s (https://framerusercontent.com/sites/3FdLP5MPzwKsQAwlvyLIpe/motion.D9EjL7gc.mjs:9:5741)
    at cf (https://framerusercontent.com/sites/3FdLP5MPzwKsQAwlvyLIpe/motion.D9EjL7gc.mjs:9:71319)
    at https://framerusercontent.com/sites/3FdLP5MPzwKsQAwlvyLIpe/shared-lib.DDoI-WXY.mjs:11:16580
    at https://framerusercontent.com/sites/3FdLP5MPzwKsQAwlvyLIpe/framer.CUVxohPF.mjs:83:56673
    at V (https://framerusercontent.com/sites/3FdLP5MPzwKsQAwlvyLIpe/script_main.iYPYXHh-.mjs:1:468)
    at qf (https://framerusercontent.com/sites/3FdLP5MPzwKsQAwlvyLIpe/framer.CUVxohPF.mjs:54:9457)
    at Lb (https://framerusercontent.com/sites/3FdLP5MPzwKsQAwlvyLIpe/framer.CUVxohPF.mjs:83:6220)
    at Suspense
    at nu (https://framerusercontent.com/sites/3FdLP5MPzwKsQAwlvyLIpe/framer.CUVxohPF.mjs:49:73498)
    at hT (https://framerusercontent.com/sites/3FdLP5MPzwKsQAwlvyLIpe/framer.CUVxohPF.mjs:921:26601)
    at ef (https://framerusercontent.com/sites/3FdLP5MPzwKsQAwlvyLIpe/framer.CUVxohPF.mjs:52:14464)
    at li (https://framerusercontent.com/sites/3FdLP5MPzwKsQAwlvyLIpe/framer.CUVxohPF.mjs:49:7331)
    at https://framerusercontent.com/sites/3FdLP5MPzwKsQAwlvyLIpe/framer.CUVxohPF.mjs:928:2407
    at https://framerusercontent.com/sites/3FdLP5MPzwKsQAwlvyLIpe/framer.CUVxohPF.mjs:83:56673
    at It (https://framerusercontent.com/sites/3FdLP5MPzwKsQAwlvyLIpe/framer.CUVxohPF.mjs:3:3254)
    at Kf (https://framerusercontent.com/sites/3FdLP5MPzwKsQAwlvyLIpe/framer.CUVxohPF.mjs:54:3067)
    at Df (https://framerusercontent.com/sites/3FdLP5MPzwKsQAwlvyLIpe/framer.CUVxohPF.mjs:52:19339)
    at sD (https://framerusercontent.com/sites/3FdLP5MPzwKsQAwlvyLIpe/framer.CUVxohPF.mjs:928:16759)
    at rp (https://framerusercontent.com/sites/3FdLP5MPzwKsQAwlvyLIpe/framer.CUVxohPF.mjs:54:11199)
    at Tn (https://framerusercontent.com/sites/3FdLP5MPzwKsQAwlvyLIpe/framer.CUVxohPF.mjs:7:9179)
    at ca (https://framerusercontent.com/sites/3FdLP5MPzwKsQAwlvyLIpe/motion.D9EjL7gc.mjs:9:1422)
    at ti (https://framerusercontent.com/sites/3FdLP5MPzwKsQAwlvyLIpe/framer.CUVxohPF.mjs:49:6757)
    at ip (https://framerusercontent.com/sites/3FdLP5MPzwKsQAwlvyLIpe/framer.CUVxohPF.mjs:54:11290)
    at YT (https://framerusercontent.com/sites/3FdLP5MPzwKsQAwlvyLIpe/framer.CUVxohPF.mjs:928:6084)
    at fr (https://framerusercontent.com/sites/3FdLP5MPzwKsQAwlvyLIpe/framer.CUVxohPF.mjs:7:16545) @ https://framerusercontent.com/sites/3FdLP5MPzwKsQAwlvyLIpe/script_main.iYPYXHh-.mjs:0
[  319864ms] [WARNING] Caught a recoverable error. The site is still functional, but might have some UI flickering or degraded page load performance. If you are the author of this website, update external components and check recently added custom code or code overrides to fix the following server/client mismatches:
 Error: Minified React error #418; visit https://reactjs.org/docs/error-decoder.html?invariant=418 for the full message or use the non-minified dev environment for full errors and additional helpful warnings.
    at da (https://framerusercontent.com/sites/3FdLP5MPzwKsQAwlvyLIpe/react.CAnmqD_l.mjs:6:4116)
    at sp (https://framerusercontent.com/sites/3FdLP5MPzwKsQAwlvyLIpe/react.CAnmqD_l.mjs:8:68259)
    at $s (https://framerusercontent.com/sites/3FdLP5MPzwKsQAwlvyLIpe/react.CAnmqD_l.mjs:8:37073)
    at Qs (https://framerusercontent.com/sites/3FdLP5MPzwKsQAwlvyLIpe/react.CAnmqD_l.mjs:8:37046)
    at Ls (https://framerusercontent.com/sites/3FdLP5MPzwKsQAwlvyLIpe/react.CAnmqD_l.mjs:8:32130)
    at wt (https://framerusercontent.com/sites/3FdLP5MPzwKsQAwlvyLIpe/react.CAnmqD_l.mjs:1:10656)
    at MessagePort.Et (https://framerusercontent.com/sites/3FdLP5MPzwKsQAwlvyLIpe/react.CAnmqD_l.mjs:1:11011) 
    at div
    at cf (https://framerusercontent.com/sites/3FdLP5MPzwKsQAwlvyLIpe/motion.D9EjL7gc.mjs:9:71319)
    at https://framerusercontent.com/sites/3FdLP5MPzwKsQAwlvyLIpe/shared-lib.DDoI-WXY.mjs:11:16580
    at https://framerusercontent.com/sites/3FdLP5MPzwKsQAwlvyLIpe/framer.CUVxohPF.mjs:83:56673
    at V (https://framerusercontent.com/sites/3FdLP5MPzwKsQAwlvyLIpe/script_main.iYPYXHh-.mjs:1:468)
    at qf (https://framerusercontent.com/sites/3FdLP5MPzwKsQAwlvyLIpe/framer.CUVxohPF.mjs:54:9457)
    at Lb (https://framerusercontent.com/sites/3FdLP5MPzwKsQAwlvyLIpe/framer.CUVxohPF.mjs:83:6220)
    at Suspense
    at nu (https://framerusercontent.com/sites/3FdLP5MPzwKsQAwlvyLIpe/framer.CUVxohPF.mjs:49:73498)
    at hT (https://framerusercontent.com/sites/3FdLP5MPzwKsQAwlvyLIpe/framer.CUVxohPF.mjs:921:26601)
    at ef (https://framerusercontent.com/sites/3FdLP5MPzwKsQAwlvyLIpe/framer.CUVxohPF.mjs:52:14464)
    at li (https://framerusercontent.com/sites/3FdLP5MPzwKsQAwlvyLIpe/framer.CUVxohPF.mjs:49:7331)
    at https://framerusercontent.com/sites/3FdLP5MPzwKsQAwlvyLIpe/framer.CUVxohPF.mjs:928:2407
    at https://framerusercontent.com/sites/3FdLP5MPzwKsQAwlvyLIpe/framer.CUVxohPF.mjs:83:56673
    at It (https://framerusercontent.com/sites/3FdLP5MPzwKsQAwlvyLIpe/framer.CUVxohPF.mjs:3:3254)
    at Kf (https://framerusercontent.com/sites/3FdLP5MPzwKsQAwlvyLIpe/framer.CUVxohPF.mjs:54:3067)
    at Df (https://framerusercontent.com/sites/3FdLP5MPzwKsQAwlvyLIpe/framer.CUVxohPF.mjs:52:19339)
    at sD (https://framerusercontent.com/sites/3FdLP5MPzwKsQAwlvyLIpe/framer.CUVxohPF.mjs:928:16759)
    at rp (https://framerusercontent.com/sites/3FdLP5MPzwKsQAwlvyLIpe/framer.CUVxohPF.mjs:54:11199)
    at Tn (https://framerusercontent.com/sites/3FdLP5MPzwKsQAwlvyLIpe/framer.CUVxohPF.mjs:7:9179)
    at ca (https://framerusercontent.com/sites/3FdLP5MPzwKsQAwlvyLIpe/motion.D9EjL7gc.mjs:9:1422)
    at ti (https://framerusercontent.com/sites/3FdLP5MPzwKsQAwlvyLIpe/framer.CUVxohPF.mjs:49:6757)
    at ip (https://framerusercontent.com/sites/3FdLP5MPzwKsQAwlvyLIpe/framer.CUVxohPF.mjs:54:11290)
    at YT (https://framerusercontent.com/sites/3FdLP5MPzwKsQAwlvyLIpe/framer.CUVxohPF.mjs:928:6084)
    at fr (https://framerusercontent.com/sites/3FdLP5MPzwKsQAwlvyLIpe/framer.CUVxohPF.mjs:7:16545) @ https://framerusercontent.com/sites/3FdLP5MPzwKsQAwlvyLIpe/script_main.iYPYXHh-.mjs:0
[  319864ms] [WARNING] Caught a recoverable error. The site is still functional, but might have some UI flickering or degraded page load performance. If you are the author of this website, update external components and check recently added custom code or code overrides to fix the following server/client mismatches:
 Error: Minified React error #422; visit https://reactjs.org/docs/error-decoder.html?invariant=422 for the full message or use the non-minified dev environment for full errors and additional helpful warnings.
    at ns (https://framerusercontent.com/sites/3FdLP5MPzwKsQAwlvyLIpe/react.CAnmqD_l.mjs:8:8255)
    at $o (https://framerusercontent.com/sites/3FdLP5MPzwKsQAwlvyLIpe/react.CAnmqD_l.mjs:8:7196)
    at sp (https://framerusercontent.com/sites/3FdLP5MPzwKsQAwlvyLIpe/react.CAnmqD_l.mjs:8:68461)
    at $s (https://framerusercontent.com/sites/3FdLP5MPzwKsQAwlvyLIpe/react.CAnmqD_l.mjs:8:37073)
    at Qs (https://framerusercontent.com/sites/3FdLP5MPzwKsQAwlvyLIpe/react.CAnmqD_l.mjs:8:37046)
    at Ls (https://framerusercontent.com/sites/3FdLP5MPzwKsQAwlvyLIpe/react.CAnmqD_l.mjs:8:32130)
    at wt (https://framerusercontent.com/sites/3FdLP5MPzwKsQAwlvyLIpe/react.CAnmqD_l.mjs:1:10656)
    at MessagePort.Et (https://framerusercontent.com/sites/3FdLP5MPzwKsQAwlvyLIpe/react.CAnmqD_l.mjs:1:11011) null @ https://framerusercontent.com/sites/3FdLP5MPzwKsQAwlvyLIpe/script_main.iYPYXHh-.mjs:0
[  319969ms] [WARNING] [dotLottie-common]: seek() Can't use whilst loading. @ https://framerusercontent.com/sites/3FdLP5MPzwKsQAwlvyLIpe/shared-lib.DDoI-WXY.mjs:182
[  319969ms] [WARNING] [dotLottie-common]: Player unable to play whilst loading. @ https://framerusercontent.com/sites/3FdLP5MPzwKsQAwlvyLIpe/shared-lib.DDoI-WXY.mjs:182
[  321435ms] [LOG] [Framer On-Page Editing] Unavailable because not on a `framer.app` subdomain and access status is no-auth @ https://app.framerstatic.com/editorbar.O3BE3TN6.mjs:0
[ 1720797ms] [INFO] %cDownload the React DevTools for a better development experience: https://react.dev/link/react-devtools font-weight:bold @ http://localhost:3000/_next/static/chunks/node_modules_next_dist_1e8vcs8._.js:776
[ 1720850ms] [LOG] [HMR] connected @ http://localhost:3000/_next/static/chunks/node_modules_next_dist_1e8vcs8._.js:776
[ 1725941ms] [LOG] [Fast Refresh] rebuilding @ http://localhost:3000/_next/static/chunks/node_modules_next_dist_1e8vcs8._.js:776
[ 1726872ms] [LOG] [Fast Refresh] done in 1032ms @ http://localhost:3000/_next/static/chunks/node_modules_next_dist_1e8vcs8._.js:776
[ 1728484ms] [LOG] [Fast Refresh] rebuilding @ http://localhost:3000/_next/static/chunks/node_modules_next_dist_1e8vcs8._.js:776
[ 1728513ms] [LOG] [Fast Refresh] done in 129ms @ http://localhost:3000/_next/static/chunks/node_modules_next_dist_1e8vcs8._.js:776
[ 1736783ms] [LOG] [Fast Refresh] rebuilding @ http://localhost:3000/_next/static/chunks/node_modules_next_dist_1e8vcs8._.js:776
[ 1736816ms] [LOG] [Fast Refresh] done in 135ms @ http://localhost:3000/_next/static/chunks/node_modules_next_dist_1e8vcs8._.js:776
[ 1754531ms] [LOG] [Fast Refresh] rebuilding @ http://localhost:3000/_next/static/chunks/node_modules_next_dist_1e8vcs8._.js:776
[ 1755336ms] [LOG] [Fast Refresh] done in 784ms @ http://localhost:3000/_next/static/chunks/node_modules_next_dist_1e8vcs8._.js:776
[ 1755406ms] [LOG] [Fast Refresh] done in 784ms @ http://localhost:3000/_next/static/chunks/node_modules_next_dist_1e8vcs8._.js:776
[ 1755528ms] [LOG] [Fast Refresh] done in 784ms @ http://localhost:3000/_next/static/chunks/node_modules_next_dist_1e8vcs8._.js:776
[ 1784442ms] [LOG] [Fast Refresh] rebuilding @ http://localhost:3000/_next/static/chunks/node_modules_next_dist_1e8vcs8._.js:776
[ 1784575ms] [LOG] [Fast Refresh] done in 186ms @ http://localhost:3000/_next/static/chunks/node_modules_next_dist_1e8vcs8._.js:776
[ 1784595ms] [LOG] [Fast Refresh] done in 186ms @ http://localhost:3000/_next/static/chunks/node_modules_next_dist_1e8vcs8._.js:776
[ 1797232ms] [INFO] %cDownload the React DevTools for a better development experience: https://react.dev/link/react-devtools font-weight:bold @ http://localhost:3000/_next/static/chunks/node_modules_next_dist_1e8vcs8._.js:776
[ 1797286ms] [LOG] [HMR] connected @ http://localhost:3000/_next/static/chunks/node_modules_next_dist_1e8vcs8._.js:776
[ 1797497ms] [LOG] [Fast Refresh] rebuilding @ http://localhost:3000/_next/static/chunks/node_modules_next_dist_1e8vcs8._.js:776
[ 1797525ms] [LOG] [Fast Refresh] done in 129ms @ http://localhost:3000/_next/static/chunks/node_modules_next_dist_1e8vcs8._.js:776
[ 1805973ms] [LOG] [Fast Refresh] rebuilding @ http://localhost:3000/_next/static/chunks/node_modules_next_dist_1e8vcs8._.js:776
[ 1806078ms] [LOG] [Fast Refresh] done in 206ms @ http://localhost:3000/_next/static/chunks/node_modules_next_dist_1e8vcs8._.js:776
[ 1810282ms] [INFO] %cDownload the React DevTools for a better development experience: https://react.dev/link/react-devtools font-weight:bold @ http://localhost:3000/_next/static/chunks/node_modules_next_dist_1e8vcs8._.js:776
[ 1810310ms] [LOG] [HMR] connected @ http://localhost:3000/_next/static/chunks/node_modules_next_dist_1e8vcs8._.js:776
[ 1814567ms] [INFO] %cDownload the React DevTools for a better development experience: https://react.dev/link/react-devtools font-weight:bold @ http://localhost:3000/_next/static/chunks/node_modules_next_dist_1e8vcs8._.js:776
[ 1814577ms] [LOG] [HMR] connected @ http://localhost:3000/_next/static/chunks/node_modules_next_dist_1e8vcs8._.js:776
[ 1883095ms] [LOG] [Fast Refresh] rebuilding @ http://localhost:3000/_next/static/chunks/node_modules_next_dist_1e8vcs8._.js:776
[ 1884092ms] [LOG] [Fast Refresh] done in 1049ms @ http://localhost:3000/_next/static/chunks/node_modules_next_dist_1e8vcs8._.js:776
[ 1884197ms] [LOG] [Fast Refresh] done in 1049ms @ http://localhost:3000/_next/static/chunks/node_modules_next_dist_1e8vcs8._.js:776
[ 1884252ms] [LOG] [Fast Refresh] done in 1049ms @ http://localhost:3000/_next/static/chunks/node_modules_next_dist_1e8vcs8._.js:776
[ 1893494ms] [WARNING] Caught a recoverable error. The site is still functional, but might have some UI flickering or degraded page load performance. If you are the author of this website, update external components and check recently added custom code or code overrides to fix the following server/client mismatches:
 Error: Minified React error #418; visit https://reactjs.org/docs/error-decoder.html?invariant=418 for the full message or use the non-minified dev environment for full errors and additional helpful warnings.
    at pa (https://framerusercontent.com/sites/3FdLP5MPzwKsQAwlvyLIpe/react.CAnmqD_l.mjs:6:4569)
    at us (https://framerusercontent.com/sites/3FdLP5MPzwKsQAwlvyLIpe/react.CAnmqD_l.mjs:8:13345)
    at ec (https://framerusercontent.com/sites/3FdLP5MPzwKsQAwlvyLIpe/react.CAnmqD_l.mjs:8:37372)
    at $s (https://framerusercontent.com/sites/3FdLP5MPzwKsQAwlvyLIpe/react.CAnmqD_l.mjs:8:37134)
    at Qs (https://framerusercontent.com/sites/3FdLP5MPzwKsQAwlvyLIpe/react.CAnmqD_l.mjs:8:37046)
    at Ls (https://framerusercontent.com/sites/3FdLP5MPzwKsQAwlvyLIpe/react.CAnmqD_l.mjs:8:32130)
    at wt (https://framerusercontent.com/sites/3FdLP5MPzwKsQAwlvyLIpe/react.CAnmqD_l.mjs:1:10656)
    at MessagePort.Et (https://framerusercontent.com/sites/3FdLP5MPzwKsQAwlvyLIpe/react.CAnmqD_l.mjs:1:11011) 
    at div
    at div
    at s (https://framerusercontent.com/sites/3FdLP5MPzwKsQAwlvyLIpe/motion.D9EjL7gc.mjs:9:5741)
    at https://framerusercontent.com/sites/3FdLP5MPzwKsQAwlvyLIpe/framer.CUVxohPF.mjs:921:24654
    at div
    at div
    at s (https://framerusercontent.com/sites/3FdLP5MPzwKsQAwlvyLIpe/motion.D9EjL7gc.mjs:9:5741)
    at div
    at s (https://framerusercontent.com/sites/3FdLP5MPzwKsQAwlvyLIpe/motion.D9EjL7gc.mjs:9:5741)
    at ca (https://framerusercontent.com/sites/3FdLP5MPzwKsQAwlvyLIpe/motion.D9EjL7gc.mjs:9:1422)
    at cf (https://framerusercontent.com/sites/3FdLP5MPzwKsQAwlvyLIpe/motion.D9EjL7gc.mjs:9:71319)
    at https://framerusercontent.com/sites/3FdLP5MPzwKsQAwlvyLIpe/framer.CUVxohPF.mjs:929:5530
    at cf (https://framerusercontent.com/sites/3FdLP5MPzwKsQAwlvyLIpe/motion.D9EjL7gc.mjs:9:71319)
    at https://framerusercontent.com/sites/3FdLP5MPzwKsQAwlvyLIpe/shared-lib.DDoI-WXY.mjs:55:139403
    at https://framerusercontent.com/sites/3FdLP5MPzwKsQAwlvyLIpe/framer.CUVxohPF.mjs:83:56673
    at https://framerusercontent.com/sites/3FdLP5MPzwKsQAwlvyLIpe/framer.CUVxohPF.mjs:3:1056
    at div
    at s (https://framerusercontent.com/sites/3FdLP5MPzwKsQAwlvyLIpe/motion.D9EjL7gc.mjs:9:5741)
    at cf (https://framerusercontent.com/sites/3FdLP5MPzwKsQAwlvyLIpe/motion.D9EjL7gc.mjs:9:71319)
    at https://framerusercontent.com/sites/3FdLP5MPzwKsQAwlvyLIpe/shared-lib.DDoI-WXY.mjs:11:16580
    at https://framerusercontent.com/sites/3FdLP5MPzwKsQAwlvyLIpe/framer.CUVxohPF.mjs:83:56673
    at V (https://framerusercontent.com/sites/3FdLP5MPzwKsQAwlvyLIpe/script_main.iYPYXHh-.mjs:1:468)
    at qf (https://framerusercontent.com/sites/3FdLP5MPzwKsQAwlvyLIpe/framer.CUVxohPF.mjs:54:9457)
    at Lb (https://framerusercontent.com/sites/3FdLP5MPzwKsQAwlvyLIpe/framer.CUVxohPF.mjs:83:6220)
    at Suspense
    at nu (https://framerusercontent.com/sites/3FdLP5MPzwKsQAwlvyLIpe/framer.CUVxohPF.mjs:49:73498)
    at hT (https://framerusercontent.com/sites/3FdLP5MPzwKsQAwlvyLIpe/framer.CUVxohPF.mjs:921:26601)
    at ef (https://framerusercontent.com/sites/3FdLP5MPzwKsQAwlvyLIpe/framer.CUVxohPF.mjs:52:14464)
    at li (https://framerusercontent.com/sites/3FdLP5MPzwKsQAwlvyLIpe/framer.CUVxohPF.mjs:49:7331)
    at https://framerusercontent.com/sites/3FdLP5MPzwKsQAwlvyLIpe/framer.CUVxohPF.mjs:928:2407
    at https://framerusercontent.com/sites/3FdLP5MPzwKsQAwlvyLIpe/framer.CUVxohPF.mjs:83:56673
    at It (https://framerusercontent.com/sites/3FdLP5MPzwKsQAwlvyLIpe/framer.CUVxohPF.mjs:3:3254)
    at Kf (https://framerusercontent.com/sites/3FdLP5MPzwKsQAwlvyLIpe/framer.CUVxohPF.mjs:54:3067)
    at Df (https://framerusercontent.com/sites/3FdLP5MPzwKsQAwlvyLIpe/framer.CUVxohPF.mjs:52:19339)
    at sD (https://framerusercontent.com/sites/3FdLP5MPzwKsQAwlvyLIpe/framer.CUVxohPF.mjs:928:16759)
    at rp (https://framerusercontent.com/sites/3FdLP5MPzwKsQAwlvyLIpe/framer.CUVxohPF.mjs:54:11199)
    at Tn (https://framerusercontent.com/sites/3FdLP5MPzwKsQAwlvyLIpe/framer.CUVxohPF.mjs:7:9179)
    at ca (https://framerusercontent.com/sites/3FdLP5MPzwKsQAwlvyLIpe/motion.D9EjL7gc.mjs:9:1422)
    at ti (https://framerusercontent.com/sites/3FdLP5MPzwKsQAwlvyLIpe/framer.CUVxohPF.mjs:49:6757)
    at ip (https://framerusercontent.com/sites/3FdLP5MPzwKsQAwlvyLIpe/framer.CUVxohPF.mjs:54:11290)
    at YT (https://framerusercontent.com/sites/3FdLP5MPzwKsQAwlvyLIpe/framer.CUVxohPF.mjs:928:6084)
    at fr (https://framerusercontent.com/sites/3FdLP5MPzwKsQAwlvyLIpe/framer.CUVxohPF.mjs:7:16545) @ https://framerusercontent.com/sites/3FdLP5MPzwKsQAwlvyLIpe/script_main.iYPYXHh-.mjs:0
[ 1893498ms] [WARNING] Caught a recoverable error. The site is still functional, but might have some UI flickering or degraded page load performance. If you are the author of this website, update external components and check recently added custom code or code overrides to fix the following server/client mismatches:
 Error: Minified React error #418; visit https://reactjs.org/docs/error-decoder.html?invariant=418 for the full message or use the non-minified dev environment for full errors and additional helpful warnings.
    at da (https://framerusercontent.com/sites/3FdLP5MPzwKsQAwlvyLIpe/react.CAnmqD_l.mjs:6:4116)
    at sp (https://framerusercontent.com/sites/3FdLP5MPzwKsQAwlvyLIpe/react.CAnmqD_l.mjs:8:68259)
    at $s (https://framerusercontent.com/sites/3FdLP5MPzwKsQAwlvyLIpe/react.CAnmqD_l.mjs:8:37073)
    at Qs (https://framerusercontent.com/sites/3FdLP5MPzwKsQAwlvyLIpe/react.CAnmqD_l.mjs:8:37046)
    at Ls (https://framerusercontent.com/sites/3FdLP5MPzwKsQAwlvyLIpe/react.CAnmqD_l.mjs:8:32130)
    at wt (https://framerusercontent.com/sites/3FdLP5MPzwKsQAwlvyLIpe/react.CAnmqD_l.mjs:1:10656)
    at MessagePort.Et (https://framerusercontent.com/sites/3FdLP5MPzwKsQAwlvyLIpe/react.CAnmqD_l.mjs:1:11011) 
    at div
    at div
    at div
    at s (https://framerusercontent.com/sites/3FdLP5MPzwKsQAwlvyLIpe/motion.D9EjL7gc.mjs:9:5741)
    at div
    at s (https://framerusercontent.com/sites/3FdLP5MPzwKsQAwlvyLIpe/motion.D9EjL7gc.mjs:9:5741)
    at ca (https://framerusercontent.com/sites/3FdLP5MPzwKsQAwlvyLIpe/motion.D9EjL7gc.mjs:9:1422)
    at cf (https://framerusercontent.com/sites/3FdLP5MPzwKsQAwlvyLIpe/motion.D9EjL7gc.mjs:9:71319)
    at https://framerusercontent.com/sites/3FdLP5MPzwKsQAwlvyLIpe/framer.CUVxohPF.mjs:929:5530
    at cf (https://framerusercontent.com/sites/3FdLP5MPzwKsQAwlvyLIpe/motion.D9EjL7gc.mjs:9:71319)
    at https://framerusercontent.com/sites/3FdLP5MPzwKsQAwlvyLIpe/shared-lib.DDoI-WXY.mjs:55:139403
    at https://framerusercontent.com/sites/3FdLP5MPzwKsQAwlvyLIpe/framer.CUVxohPF.mjs:83:56673
    at https://framerusercontent.com/sites/3FdLP5MPzwKsQAwlvyLIpe/framer.CUVxohPF.mjs:3:1056
    at div
    at s (https://framerusercontent.com/sites/3FdLP5MPzwKsQAwlvyLIpe/motion.D9EjL7gc.mjs:9:5741)
    at cf (https://framerusercontent.com/sites/3FdLP5MPzwKsQAwlvyLIpe/motion.D9EjL7gc.mjs:9:71319)
    at https://framerusercontent.com/sites/3FdLP5MPzwKsQAwlvyLIpe/shared-lib.DDoI-WXY.mjs:11:16580
    at https://framerusercontent.com/sites/3FdLP5MPzwKsQAwlvyLIpe/framer.CUVxohPF.mjs:83:56673
    at V (https://framerusercontent.com/sites/3FdLP5MPzwKsQAwlvyLIpe/script_main.iYPYXHh-.mjs:1:468)
    at qf (https://framerusercontent.com/sites/3FdLP5MPzwKsQAwlvyLIpe/framer.CUVxohPF.mjs:54:9457)
    at Lb (https://framerusercontent.com/sites/3FdLP5MPzwKsQAwlvyLIpe/framer.CUVxohPF.mjs:83:6220)
    at Suspense
    at nu (https://framerusercontent.com/sites/3FdLP5MPzwKsQAwlvyLIpe/framer.CUVxohPF.mjs:49:73498)
    at hT (https://framerusercontent.com/sites/3FdLP5MPzwKsQAwlvyLIpe/framer.CUVxohPF.mjs:921:26601)
    at ef (https://framerusercontent.com/sites/3FdLP5MPzwKsQAwlvyLIpe/framer.CUVxohPF.mjs:52:14464)
    at li (https://framerusercontent.com/sites/3FdLP5MPzwKsQAwlvyLIpe/framer.CUVxohPF.mjs:49:7331)
    at https://framerusercontent.com/sites/3FdLP5MPzwKsQAwlvyLIpe/framer.CUVxohPF.mjs:928:2407
    at https://framerusercontent.com/sites/3FdLP5MPzwKsQAwlvyLIpe/framer.CUVxohPF.mjs:83:56673
    at It (https://framerusercontent.com/sites/3FdLP5MPzwKsQAwlvyLIpe/framer.CUVxohPF.mjs:3:3254)
    at Kf (https://framerusercontent.com/sites/3FdLP5MPzwKsQAwlvyLIpe/framer.CUVxohPF.mjs:54:3067)
    at Df (https://framerusercontent.com/sites/3FdLP5MPzwKsQAwlvyLIpe/framer.CUVxohPF.mjs:52:19339)
    at sD (https://framerusercontent.com/sites/3FdLP5MPzwKsQAwlvyLIpe/framer.CUVxohPF.mjs:928:16759)
    at rp (https://framerusercontent.com/sites/3FdLP5MPzwKsQAwlvyLIpe/framer.CUVxohPF.mjs:54:11199)
    at Tn (https://framerusercontent.com/sites/3FdLP5MPzwKsQAwlvyLIpe/framer.CUVxohPF.mjs:7:9179)
    at ca (https://framerusercontent.com/sites/3FdLP5MPzwKsQAwlvyLIpe/motion.D9EjL7gc.mjs:9:1422)
    at ti (https://framerusercontent.com/sites/3FdLP5MPzwKsQAwlvyLIpe/framer.CUVxohPF.mjs:49:6757)
    at ip (https://framerusercontent.com/sites/3FdLP5MPzwKsQAwlvyLIpe/framer.CUVxohPF.mjs:54:11290)
    at YT (https://framerusercontent.com/sites/3FdLP5MPzwKsQAwlvyLIpe/framer.CUVxohPF.mjs:928:6084)
    at fr (https://framerusercontent.com/sites/3FdLP5MPzwKsQAwlvyLIpe/framer.CUVxohPF.mjs:7:16545) @ https://framerusercontent.com/sites/3FdLP5MPzwKsQAwlvyLIpe/script_main.iYPYXHh-.mjs:0
[ 1893498ms] [WARNING] Caught a recoverable error. The site is still functional, but might have some UI flickering or degraded page load performance. If you are the author of this website, update external components and check recently added custom code or code overrides to fix the following server/client mismatches:
 Error: Minified React error #418; visit https://reactjs.org/docs/error-decoder.html?invariant=418 for the full message or use the non-minified dev environment for full errors and additional helpful warnings.
    at da (https://framerusercontent.com/sites/3FdLP5MPzwKsQAwlvyLIpe/react.CAnmqD_l.mjs:6:4116)
    at sp (https://framerusercontent.com/sites/3FdLP5MPzwKsQAwlvyLIpe/react.CAnmqD_l.mjs:8:68259)
    at $s (https://framerusercontent.com/sites/3FdLP5MPzwKsQAwlvyLIpe/react.CAnmqD_l.mjs:8:37073)
    at Qs (https://framerusercontent.com/sites/3FdLP5MPzwKsQAwlvyLIpe/react.CAnmqD_l.mjs:8:37046)
    at Ls (https://framerusercontent.com/sites/3FdLP5MPzwKsQAwlvyLIpe/react.CAnmqD_l.mjs:8:32130)
    at wt (https://framerusercontent.com/sites/3FdLP5MPzwKsQAwlvyLIpe/react.CAnmqD_l.mjs:1:10656)
    at MessagePort.Et (https://framerusercontent.com/sites/3FdLP5MPzwKsQAwlvyLIpe/react.CAnmqD_l.mjs:1:11011) 
    at div
    at div
    at div
    at s (https://framerusercontent.com/sites/3FdLP5MPzwKsQAwlvyLIpe/motion.D9EjL7gc.mjs:9:5741)
    at div
    at s (https://framerusercontent.com/sites/3FdLP5MPzwKsQAwlvyLIpe/motion.D9EjL7gc.mjs:9:5741)
    at ca (https://framerusercontent.com/sites/3FdLP5MPzwKsQAwlvyLIpe/motion.D9EjL7gc.mjs:9:1422)
    at cf (https://framerusercontent.com/sites/3FdLP5MPzwKsQAwlvyLIpe/motion.D9EjL7gc.mjs:9:71319)
    at https://framerusercontent.com/sites/3FdLP5MPzwKsQAwlvyLIpe/framer.CUVxohPF.mjs:929:5530
    at cf (https://framerusercontent.com/sites/3FdLP5MPzwKsQAwlvyLIpe/motion.D9EjL7gc.mjs:9:71319)
    at https://framerusercontent.com/sites/3FdLP5MPzwKsQAwlvyLIpe/shared-lib.DDoI-WXY.mjs:55:139403
    at https://framerusercontent.com/sites/3FdLP5MPzwKsQAwlvyLIpe/framer.CUVxohPF.mjs:83:56673
    at https://framerusercontent.com/sites/3FdLP5MPzwKsQAwlvyLIpe/framer.CUVxohPF.mjs:3:1056
    at div
    at s (https://framerusercontent.com/sites/3FdLP5MPzwKsQAwlvyLIpe/motion.D9EjL7gc.mjs:9:5741)
    at cf (https://framerusercontent.com/sites/3FdLP5MPzwKsQAwlvyLIpe/motion.D9EjL7gc.mjs:9:71319)
    at https://framerusercontent.com/sites/3FdLP5MPzwKsQAwlvyLIpe/shared-lib.DDoI-WXY.mjs:11:16580
    at https://framerusercontent.com/sites/3FdLP5MPzwKsQAwlvyLIpe/framer.CUVxohPF.mjs:83:56673
    at V (https://framerusercontent.com/sites/3FdLP5MPzwKsQAwlvyLIpe/script_main.iYPYXHh-.mjs:1:468)
    at qf (https://framerusercontent.com/sites/3FdLP5MPzwKsQAwlvyLIpe/framer.CUVxohPF.mjs:54:9457)
    at Lb (https://framerusercontent.com/sites/3FdLP5MPzwKsQAwlvyLIpe/framer.CUVxohPF.mjs:83:6220)
    at Suspense
    at nu (https://framerusercontent.com/sites/3FdLP5MPzwKsQAwlvyLIpe/framer.CUVxohPF.mjs:49:73498)
    at hT (https://framerusercontent.com/sites/3FdLP5MPzwKsQAwlvyLIpe/framer.CUVxohPF.mjs:921:26601)
    at ef (https://framerusercontent.com/sites/3FdLP5MPzwKsQAwlvyLIpe/framer.CUVxohPF.mjs:52:14464)
    at li (https://framerusercontent.com/sites/3FdLP5MPzwKsQAwlvyLIpe/framer.CUVxohPF.mjs:49:7331)
    at https://framerusercontent.com/sites/3FdLP5MPzwKsQAwlvyLIpe/framer.CUVxohPF.mjs:928:2407
    at https://framerusercontent.com/sites/3FdLP5MPzwKsQAwlvyLIpe/framer.CUVxohPF.mjs:83:56673
    at It (https://framerusercontent.com/sites/3FdLP5MPzwKsQAwlvyLIpe/framer.CUVxohPF.mjs:3:3254)
    at Kf (https://framerusercontent.com/sites/3FdLP5MPzwKsQAwlvyLIpe/framer.CUVxohPF.mjs:54:3067)
    at Df (https://framerusercontent.com/sites/3FdLP5MPzwKsQAwlvyLIpe/framer.CUVxohPF.mjs:52:19339)
    at sD (https://framerusercontent.com/sites/3FdLP5MPzwKsQAwlvyLIpe/framer.CUVxohPF.mjs:928:16759)
    at rp (https://framerusercontent.com/sites/3FdLP5MPzwKsQAwlvyLIpe/framer.CUVxohPF.mjs:54:11199)
    at Tn (https://framerusercontent.com/sites/3FdLP5MPzwKsQAwlvyLIpe/framer.CUVxohPF.mjs:7:9179)
    at ca (https://framerusercontent.com/sites/3FdLP5MPzwKsQAwlvyLIpe/motion.D9EjL7gc.mjs:9:1422)
    at ti (https://framerusercontent.com/sites/3FdLP5MPzwKsQAwlvyLIpe/framer.CUVxohPF.mjs:49:6757)
    at ip (https://framerusercontent.com/sites/3FdLP5MPzwKsQAwlvyLIpe/framer.CUVxohPF.mjs:54:11290)
    at YT (https://framerusercontent.com/sites/3FdLP5MPzwKsQAwlvyLIpe/framer.CUVxohPF.mjs:928:6084)
    at fr (https://framerusercontent.com/sites/3FdLP5MPzwKsQAwlvyLIpe/framer.CUVxohPF.mjs:7:16545) @ https://framerusercontent.com/sites/3FdLP5MPzwKsQAwlvyLIpe/script_main.iYPYXHh-.mjs:0
[ 1893498ms] [WARNING] Caught a recoverable error. The site is still functional, but might have some UI flickering or degraded page load performance. If you are the author of this website, update external components and check recently added custom code or code overrides to fix the following server/client mismatches:
 Error: Minified React error #418; visit https://reactjs.org/docs/error-decoder.html?invariant=418 for the full message or use the non-minified dev environment for full errors and additional helpful warnings.
    at da (https://framerusercontent.com/sites/3FdLP5MPzwKsQAwlvyLIpe/react.CAnmqD_l.mjs:6:4116)
    at sp (https://framerusercontent.com/sites/3FdLP5MPzwKsQAwlvyLIpe/react.CAnmqD_l.mjs:8:68259)
    at $s (https://framerusercontent.com/sites/3FdLP5MPzwKsQAwlvyLIpe/react.CAnmqD_l.mjs:8:37073)
    at Qs (https://framerusercontent.com/sites/3FdLP5MPzwKsQAwlvyLIpe/react.CAnmqD_l.mjs:8:37046)
    at Ls (https://framerusercontent.com/sites/3FdLP5MPzwKsQAwlvyLIpe/react.CAnmqD_l.mjs:8:32130)
    at wt (https://framerusercontent.com/sites/3FdLP5MPzwKsQAwlvyLIpe/react.CAnmqD_l.mjs:1:10656)
    at MessagePort.Et (https://framerusercontent.com/sites/3FdLP5MPzwKsQAwlvyLIpe/react.CAnmqD_l.mjs:1:11011) 
    at div
    at s (https://framerusercontent.com/sites/3FdLP5MPzwKsQAwlvyLIpe/motion.D9EjL7gc.mjs:9:5741)
    at https://framerusercontent.com/sites/3FdLP5MPzwKsQAwlvyLIpe/framer.CUVxohPF.mjs:928:1367
    at https://framerusercontent.com/sites/3FdLP5MPzwKsQAwlvyLIpe/framer.CUVxohPF.mjs:921:26502
    at https://framerusercontent.com/sites/3FdLP5MPzwKsQAwlvyLIpe/framer.CUVxohPF.mjs:921:26315
    at div
    at s (https://framerusercontent.com/sites/3FdLP5MPzwKsQAwlvyLIpe/motion.D9EjL7gc.mjs:9:5741)
    at ca (https://framerusercontent.com/sites/3FdLP5MPzwKsQAwlvyLIpe/motion.D9EjL7gc.mjs:9:1422)
    at cf (https://framerusercontent.com/sites/3FdLP5MPzwKsQAwlvyLIpe/motion.D9EjL7gc.mjs:9:71319)
    at https://framerusercontent.com/sites/3FdLP5MPzwKsQAwlvyLIpe/framer.CUVxohPF.mjs:929:5530
    at cf (https://framerusercontent.com/sites/3FdLP5MPzwKsQAwlvyLIpe/motion.D9EjL7gc.mjs:9:71319)
    at https://framerusercontent.com/sites/3FdLP5MPzwKsQAwlvyLIpe/shared-lib.DDoI-WXY.mjs:55:139403
    at https://framerusercontent.com/sites/3FdLP5MPzwKsQAwlvyLIpe/framer.CUVxohPF.mjs:83:56673
    at https://framerusercontent.com/sites/3FdLP5MPzwKsQAwlvyLIpe/framer.CUVxohPF.mjs:3:1056
    at div
    at s (https://framerusercontent.com/sites/3FdLP5MPzwKsQAwlvyLIpe/motion.D9EjL7gc.mjs:9:5741)
    at cf (https://framerusercontent.com/sites/3FdLP5MPzwKsQAwlvyLIpe/motion.D9EjL7gc.mjs:9:71319)
    at https://framerusercontent.com/sites/3FdLP5MPzwKsQAwlvyLIpe/shared-lib.DDoI-WXY.mjs:11:16580
    at https://framerusercontent.com/sites/3FdLP5MPzwKsQAwlvyLIpe/framer.CUVxohPF.mjs:83:56673
    at V (https://framerusercontent.com/sites/3FdLP5MPzwKsQAwlvyLIpe/script_main.iYPYXHh-.mjs:1:468)
    at qf (https://framerusercontent.com/sites/3FdLP5MPzwKsQAwlvyLIpe/framer.CUVxohPF.mjs:54:9457)
    at Lb (https://framerusercontent.com/sites/3FdLP5MPzwKsQAwlvyLIpe/framer.CUVxohPF.mjs:83:6220)
    at Suspense
    at nu (https://framerusercontent.com/sites/3FdLP5MPzwKsQAwlvyLIpe/framer.CUVxohPF.mjs:49:73498)
    at hT (https://framerusercontent.com/sites/3FdLP5MPzwKsQAwlvyLIpe/framer.CUVxohPF.mjs:921:26601)
    at ef (https://framerusercontent.com/sites/3FdLP5MPzwKsQAwlvyLIpe/framer.CUVxohPF.mjs:52:14464)
    at li (https://framerusercontent.com/sites/3FdLP5MPzwKsQAwlvyLIpe/framer.CUVxohPF.mjs:49:7331)
    at https://framerusercontent.com/sites/3FdLP5MPzwKsQAwlvyLIpe/framer.CUVxohPF.mjs:928:2407
    at https://framerusercontent.com/sites/3FdLP5MPzwKsQAwlvyLIpe/framer.CUVxohPF.mjs:83:56673
    at It (https://framerusercontent.com/sites/3FdLP5MPzwKsQAwlvyLIpe/framer.CUVxohPF.mjs:3:3254)
    at Kf (https://framerusercontent.com/sites/3FdLP5MPzwKsQAwlvyLIpe/framer.CUVxohPF.mjs:54:3067)
    at Df (https://framerusercontent.com/sites/3FdLP5MPzwKsQAwlvyLIpe/framer.CUVxohPF.mjs:52:19339)
    at sD (https://framerusercontent.com/sites/3FdLP5MPzwKsQAwlvyLIpe/framer.CUVxohPF.mjs:928:16759)
    at rp (https://framerusercontent.com/sites/3FdLP5MPzwKsQAwlvyLIpe/framer.CUVxohPF.mjs:54:11199)
    at Tn (https://framerusercontent.com/sites/3FdLP5MPzwKsQAwlvyLIpe/framer.CUVxohPF.mjs:7:9179)
    at ca (https://framerusercontent.com/sites/3FdLP5MPzwKsQAwlvyLIpe/motion.D9EjL7gc.mjs:9:1422)
    at ti (https://framerusercontent.com/sites/3FdLP5MPzwKsQAwlvyLIpe/framer.CUVxohPF.mjs:49:6757)
    at ip (https://framerusercontent.com/sites/3FdLP5MPzwKsQAwlvyLIpe/framer.CUVxohPF.mjs:54:11290)
    at YT (https://framerusercontent.com/sites/3FdLP5MPzwKsQAwlvyLIpe/framer.CUVxohPF.mjs:928:6084)
    at fr (https://framerusercontent.com/sites/3FdLP5MPzwKsQAwlvyLIpe/framer.CUVxohPF.mjs:7:16545) @ https://framerusercontent.com/sites/3FdLP5MPzwKsQAwlvyLIpe/script_main.iYPYXHh-.mjs:0
[ 1893498ms] [WARNING] Caught a recoverable error. The site is still functional, but might have some UI flickering or degraded page load performance. If you are the author of this website, update external components and check recently added custom code or code overrides to fix the following server/client mismatches:
 Error: Minified React error #418; visit https://reactjs.org/docs/error-decoder.html?invariant=418 for the full message or use the non-minified dev environment for full errors and additional helpful warnings.
    at da (https://framerusercontent.com/sites/3FdLP5MPzwKsQAwlvyLIpe/react.CAnmqD_l.mjs:6:4116)
    at sp (https://framerusercontent.com/sites/3FdLP5MPzwKsQAwlvyLIpe/react.CAnmqD_l.mjs:8:68259)
    at $s (https://framerusercontent.com/sites/3FdLP5MPzwKsQAwlvyLIpe/react.CAnmqD_l.mjs:8:37073)
    at Qs (https://framerusercontent.com/sites/3FdLP5MPzwKsQAwlvyLIpe/react.CAnmqD_l.mjs:8:37046)
    at Ls (https://framerusercontent.com/sites/3FdLP5MPzwKsQAwlvyLIpe/react.CAnmqD_l.mjs:8:32130)
    at wt (https://framerusercontent.com/sites/3FdLP5MPzwKsQAwlvyLIpe/react.CAnmqD_l.mjs:1:10656)
    at MessagePort.Et (https://framerusercontent.com/sites/3FdLP5MPzwKsQAwlvyLIpe/react.CAnmqD_l.mjs:1:11011) 
    at div
    at s (https://framerusercontent.com/sites/3FdLP5MPzwKsQAwlvyLIpe/motion.D9EjL7gc.mjs:9:5741)
    at div
    at s (https://framerusercontent.com/sites/3FdLP5MPzwKsQAwlvyLIpe/motion.D9EjL7gc.mjs:9:5741)
    at ca (https://framerusercontent.com/sites/3FdLP5MPzwKsQAwlvyLIpe/motion.D9EjL7gc.mjs:9:1422)
    at cf (https://framerusercontent.com/sites/3FdLP5MPzwKsQAwlvyLIpe/motion.D9EjL7gc.mjs:9:71319)
    at https://framerusercontent.com/sites/3FdLP5MPzwKsQAwlvyLIpe/framer.CUVxohPF.mjs:929:5530
    at cf (https://framerusercontent.com/sites/3FdLP5MPzwKsQAwlvyLIpe/motion.D9EjL7gc.mjs:9:71319)
    at https://framerusercontent.com/sites/3FdLP5MPzwKsQAwlvyLIpe/shared-lib.DDoI-WXY.mjs:55:139403
    at https://framerusercontent.com/sites/3FdLP5MPzwKsQAwlvyLIpe/framer.CUVxohPF.mjs:83:56673
    at https://framerusercontent.com/sites/3FdLP5MPzwKsQAwlvyLIpe/framer.CUVxohPF.mjs:3:1056
    at div
    at s (https://framerusercontent.com/sites/3FdLP5MPzwKsQAwlvyLIpe/motion.D9EjL7gc.mjs:9:5741)
    at cf (https://framerusercontent.com/sites/3FdLP5MPzwKsQAwlvyLIpe/motion.D9EjL7gc.mjs:9:71319)
    at https://framerusercontent.com/sites/3FdLP5MPzwKsQAwlvyLIpe/shared-lib.DDoI-WXY.mjs:11:16580
    at https://framerusercontent.com/sites/3FdLP5MPzwKsQAwlvyLIpe/framer.CUVxohPF.mjs:83:56673
    at V (https://framerusercontent.com/sites/3FdLP5MPzwKsQAwlvyLIpe/script_main.iYPYXHh-.mjs:1:468)
    at qf (https://framerusercontent.com/sites/3FdLP5MPzwKsQAwlvyLIpe/framer.CUVxohPF.mjs:54:9457)
    at Lb (https://framerusercontent.com/sites/3FdLP5MPzwKsQAwlvyLIpe/framer.CUVxohPF.mjs:83:6220)
    at Suspense
    at nu (https://framerusercontent.com/sites/3FdLP5MPzwKsQAwlvyLIpe/framer.CUVxohPF.mjs:49:73498)
    at hT (https://framerusercontent.com/sites/3FdLP5MPzwKsQAwlvyLIpe/framer.CUVxohPF.mjs:921:26601)
    at ef (https://framerusercontent.com/sites/3FdLP5MPzwKsQAwlvyLIpe/framer.CUVxohPF.mjs:52:14464)
    at li (https://framerusercontent.com/sites/3FdLP5MPzwKsQAwlvyLIpe/framer.CUVxohPF.mjs:49:7331)
    at https://framerusercontent.com/sites/3FdLP5MPzwKsQAwlvyLIpe/framer.CUVxohPF.mjs:928:2407
    at https://framerusercontent.com/sites/3FdLP5MPzwKsQAwlvyLIpe/framer.CUVxohPF.mjs:83:56673
    at It (https://framerusercontent.com/sites/3FdLP5MPzwKsQAwlvyLIpe/framer.CUVxohPF.mjs:3:3254)
    at Kf (https://framerusercontent.com/sites/3FdLP5MPzwKsQAwlvyLIpe/framer.CUVxohPF.mjs:54:3067)
    at Df (https://framerusercontent.com/sites/3FdLP5MPzwKsQAwlvyLIpe/framer.CUVxohPF.mjs:52:19339)
    at sD (https://framerusercontent.com/sites/3FdLP5MPzwKsQAwlvyLIpe/framer.CUVxohPF.mjs:928:16759)
    at rp (https://framerusercontent.com/sites/3FdLP5MPzwKsQAwlvyLIpe/framer.CUVxohPF.mjs:54:11199)
    at Tn (https://framerusercontent.com/sites/3FdLP5MPzwKsQAwlvyLIpe/framer.CUVxohPF.mjs:7:9179)
    at ca (https://framerusercontent.com/sites/3FdLP5MPzwKsQAwlvyLIpe/motion.D9EjL7gc.mjs:9:1422)
    at ti (https://framerusercontent.com/sites/3FdLP5MPzwKsQAwlvyLIpe/framer.CUVxohPF.mjs:49:6757)
    at ip (https://framerusercontent.com/sites/3FdLP5MPzwKsQAwlvyLIpe/framer.CUVxohPF.mjs:54:11290)
    at YT (https://framerusercontent.com/sites/3FdLP5MPzwKsQAwlvyLIpe/framer.CUVxohPF.mjs:928:6084)
    at fr (https://framerusercontent.com/sites/3FdLP5MPzwKsQAwlvyLIpe/framer.CUVxohPF.mjs:7:16545) @ https://framerusercontent.com/sites/3FdLP5MPzwKsQAwlvyLIpe/script_main.iYPYXHh-.mjs:0
[ 1893498ms] [WARNING] Caught a recoverable error. The site is still functional, but might have some UI flickering or degraded page load performance. If you are the author of this website, update external components and check recently added custom code or code overrides to fix the following server/client mismatches:
 Error: Minified React error #418; visit https://reactjs.org/docs/error-decoder.html?invariant=418 for the full message or use the non-minified dev environment for full errors and additional helpful warnings.
    at da (https://framerusercontent.com/sites/3FdLP5MPzwKsQAwlvyLIpe/react.CAnmqD_l.mjs:6:4116)
    at sp (https://framerusercontent.com/sites/3FdLP5MPzwKsQAwlvyLIpe/react.CAnmqD_l.mjs:8:68259)
    at $s (https://framerusercontent.com/sites/3FdLP5MPzwKsQAwlvyLIpe/react.CAnmqD_l.mjs:8:37073)
    at Qs (https://framerusercontent.com/sites/3FdLP5MPzwKsQAwlvyLIpe/react.CAnmqD_l.mjs:8:37046)
    at Ls (https://framerusercontent.com/sites/3FdLP5MPzwKsQAwlvyLIpe/react.CAnmqD_l.mjs:8:32130)
    at wt (https://framerusercontent.com/sites/3FdLP5MPzwKsQAwlvyLIpe/react.CAnmqD_l.mjs:1:10656)
    at MessagePort.Et (https://framerusercontent.com/sites/3FdLP5MPzwKsQAwlvyLIpe/react.CAnmqD_l.mjs:1:11011) 
    at div
    at cf (https://framerusercontent.com/sites/3FdLP5MPzwKsQAwlvyLIpe/motion.D9EjL7gc.mjs:9:71319)
    at https://framerusercontent.com/sites/3FdLP5MPzwKsQAwlvyLIpe/shared-lib.DDoI-WXY.mjs:55:139403
    at https://framerusercontent.com/sites/3FdLP5MPzwKsQAwlvyLIpe/framer.CUVxohPF.mjs:83:56673
    at https://framerusercontent.com/sites/3FdLP5MPzwKsQAwlvyLIpe/framer.CUVxohPF.mjs:3:1056
    at div
    at s (https://framerusercontent.com/sites/3FdLP5MPzwKsQAwlvyLIpe/motion.D9EjL7gc.mjs:9:5741)
    at cf (https://framerusercontent.com/sites/3FdLP5MPzwKsQAwlvyLIpe/motion.D9EjL7gc.mjs:9:71319)
    at https://framerusercontent.com/sites/3FdLP5MPzwKsQAwlvyLIpe/shared-lib.DDoI-WXY.mjs:11:16580
    at https://framerusercontent.com/sites/3FdLP5MPzwKsQAwlvyLIpe/framer.CUVxohPF.mjs:83:56673
    at V (https://framerusercontent.com/sites/3FdLP5MPzwKsQAwlvyLIpe/script_main.iYPYXHh-.mjs:1:468)
    at qf (https://framerusercontent.com/sites/3FdLP5MPzwKsQAwlvyLIpe/framer.CUVxohPF.mjs:54:9457)
    at Lb (https://framerusercontent.com/sites/3FdLP5MPzwKsQAwlvyLIpe/framer.CUVxohPF.mjs:83:6220)
    at Suspense
    at nu (https://framerusercontent.com/sites/3FdLP5MPzwKsQAwlvyLIpe/framer.CUVxohPF.mjs:49:73498)
    at hT (https://framerusercontent.com/sites/3FdLP5MPzwKsQAwlvyLIpe/framer.CUVxohPF.mjs:921:26601)
    at ef (https://framerusercontent.com/sites/3FdLP5MPzwKsQAwlvyLIpe/framer.CUVxohPF.mjs:52:14464)
    at li (https://framerusercontent.com/sites/3FdLP5MPzwKsQAwlvyLIpe/framer.CUVxohPF.mjs:49:7331)
    at https://framerusercontent.com/sites/3FdLP5MPzwKsQAwlvyLIpe/framer.CUVxohPF.mjs:928:2407
    at https://framerusercontent.com/sites/3FdLP5MPzwKsQAwlvyLIpe/framer.CUVxohPF.mjs:83:56673
    at It (https://framerusercontent.com/sites/3FdLP5MPzwKsQAwlvyLIpe/framer.CUVxohPF.mjs:3:3254)
    at Kf (https://framerusercontent.com/sites/3FdLP5MPzwKsQAwlvyLIpe/framer.CUVxohPF.mjs:54:3067)
    at Df (https://framerusercontent.com/sites/3FdLP5MPzwKsQAwlvyLIpe/framer.CUVxohPF.mjs:52:19339)
    at sD (https://framerusercontent.com/sites/3FdLP5MPzwKsQAwlvyLIpe/framer.CUVxohPF.mjs:928:16759)
    at rp (https://framerusercontent.com/sites/3FdLP5MPzwKsQAwlvyLIpe/framer.CUVxohPF.mjs:54:11199)
    at Tn (https://framerusercontent.com/sites/3FdLP5MPzwKsQAwlvyLIpe/framer.CUVxohPF.mjs:7:9179)
    at ca (https://framerusercontent.com/sites/3FdLP5MPzwKsQAwlvyLIpe/motion.D9EjL7gc.mjs:9:1422)
    at ti (https://framerusercontent.com/sites/3FdLP5MPzwKsQAwlvyLIpe/framer.CUVxohPF.mjs:49:6757)
    at ip (https://framerusercontent.com/sites/3FdLP5MPzwKsQAwlvyLIpe/framer.CUVxohPF.mjs:54:11290)
    at YT (https://framerusercontent.com/sites/3FdLP5MPzwKsQAwlvyLIpe/framer.CUVxohPF.mjs:928:6084)
    at fr (https://framerusercontent.com/sites/3FdLP5MPzwKsQAwlvyLIpe/framer.CUVxohPF.mjs:7:16545) @ https://framerusercontent.com/sites/3FdLP5MPzwKsQAwlvyLIpe/script_main.iYPYXHh-.mjs:0
[ 1893498ms] [WARNING] Caught a recoverable error. The site is still functional, but might have some UI flickering or degraded page load performance. If you are the author of this website, update external components and check recently added custom code or code overrides to fix the following server/client mismatches:
 Error: Minified React error #418; visit https://reactjs.org/docs/error-decoder.html?invariant=418 for the full message or use the non-minified dev environment for full errors and additional helpful warnings.
    at da (https://framerusercontent.com/sites/3FdLP5MPzwKsQAwlvyLIpe/react.CAnmqD_l.mjs:6:4116)
    at sp (https://framerusercontent.com/sites/3FdLP5MPzwKsQAwlvyLIpe/react.CAnmqD_l.mjs:8:68259)
    at $s (https://framerusercontent.com/sites/3FdLP5MPzwKsQAwlvyLIpe/react.CAnmqD_l.mjs:8:37073)
    at Qs (https://framerusercontent.com/sites/3FdLP5MPzwKsQAwlvyLIpe/react.CAnmqD_l.mjs:8:37046)
    at Ls (https://framerusercontent.com/sites/3FdLP5MPzwKsQAwlvyLIpe/react.CAnmqD_l.mjs:8:32130)
    at wt (https://framerusercontent.com/sites/3FdLP5MPzwKsQAwlvyLIpe/react.CAnmqD_l.mjs:1:10656)
    at MessagePort.Et (https://framerusercontent.com/sites/3FdLP5MPzwKsQAwlvyLIpe/react.CAnmqD_l.mjs:1:11011) 
    at div
    at div
    at s (https://framerusercontent.com/sites/3FdLP5MPzwKsQAwlvyLIpe/motion.D9EjL7gc.mjs:9:5741)
    at cf (https://framerusercontent.com/sites/3FdLP5MPzwKsQAwlvyLIpe/motion.D9EjL7gc.mjs:9:71319)
    at https://framerusercontent.com/sites/3FdLP5MPzwKsQAwlvyLIpe/shared-lib.DDoI-WXY.mjs:11:16580
    at https://framerusercontent.com/sites/3FdLP5MPzwKsQAwlvyLIpe/framer.CUVxohPF.mjs:83:56673
    at V (https://framerusercontent.com/sites/3FdLP5MPzwKsQAwlvyLIpe/script_main.iYPYXHh-.mjs:1:468)
    at qf (https://framerusercontent.com/sites/3FdLP5MPzwKsQAwlvyLIpe/framer.CUVxohPF.mjs:54:9457)
    at Lb (https://framerusercontent.com/sites/3FdLP5MPzwKsQAwlvyLIpe/framer.CUVxohPF.mjs:83:6220)
    at Suspense
    at nu (https://framerusercontent.com/sites/3FdLP5MPzwKsQAwlvyLIpe/framer.CUVxohPF.mjs:49:73498)
    at hT (https://framerusercontent.com/sites/3FdLP5MPzwKsQAwlvyLIpe/framer.CUVxohPF.mjs:921:26601)
    at ef (https://framerusercontent.com/sites/3FdLP5MPzwKsQAwlvyLIpe/framer.CUVxohPF.mjs:52:14464)
    at li (https://framerusercontent.com/sites/3FdLP5MPzwKsQAwlvyLIpe/framer.CUVxohPF.mjs:49:7331)
    at https://framerusercontent.com/sites/3FdLP5MPzwKsQAwlvyLIpe/framer.CUVxohPF.mjs:928:2407
    at https://framerusercontent.com/sites/3FdLP5MPzwKsQAwlvyLIpe/framer.CUVxohPF.mjs:83:56673
    at It (https://framerusercontent.com/sites/3FdLP5MPzwKsQAwlvyLIpe/framer.CUVxohPF.mjs:3:3254)
    at Kf (https://framerusercontent.com/sites/3FdLP5MPzwKsQAwlvyLIpe/framer.CUVxohPF.mjs:54:3067)
    at Df (https://framerusercontent.com/sites/3FdLP5MPzwKsQAwlvyLIpe/framer.CUVxohPF.mjs:52:19339)
    at sD (https://framerusercontent.com/sites/3FdLP5MPzwKsQAwlvyLIpe/framer.CUVxohPF.mjs:928:16759)
    at rp (https://framerusercontent.com/sites/3FdLP5MPzwKsQAwlvyLIpe/framer.CUVxohPF.mjs:54:11199)
    at Tn (https://framerusercontent.com/sites/3FdLP5MPzwKsQAwlvyLIpe/framer.CUVxohPF.mjs:7:9179)
    at ca (https://framerusercontent.com/sites/3FdLP5MPzwKsQAwlvyLIpe/motion.D9EjL7gc.mjs:9:1422)
    at ti (https://framerusercontent.com/sites/3FdLP5MPzwKsQAwlvyLIpe/framer.CUVxohPF.mjs:49:6757)
    at ip (https://framerusercontent.com/sites/3FdLP5MPzwKsQAwlvyLIpe/framer.CUVxohPF.mjs:54:11290)
    at YT (https://framerusercontent.com/sites/3FdLP5MPzwKsQAwlvyLIpe/framer.CUVxohPF.mjs:928:6084)
    at fr (https://framerusercontent.com/sites/3FdLP5MPzwKsQAwlvyLIpe/framer.CUVxohPF.mjs:7:16545) @ https://framerusercontent.com/sites/3FdLP5MPzwKsQAwlvyLIpe/script_main.iYPYXHh-.mjs:0
[ 1893498ms] [WARNING] Caught a recoverable error. The site is still functional, but might have some UI flickering or degraded page load performance. If you are the author of this website, update external components and check recently added custom code or code overrides to fix the following server/client mismatches:
 Error: Minified React error #418; visit https://reactjs.org/docs/error-decoder.html?invariant=418 for the full message or use the non-minified dev environment for full errors and additional helpful warnings.
    at da (https://framerusercontent.com/sites/3FdLP5MPzwKsQAwlvyLIpe/react.CAnmqD_l.mjs:6:4116)
    at sp (https://framerusercontent.com/sites/3FdLP5MPzwKsQAwlvyLIpe/react.CAnmqD_l.mjs:8:68259)
    at $s (https://framerusercontent.com/sites/3FdLP5MPzwKsQAwlvyLIpe/react.CAnmqD_l.mjs:8:37073)
    at Qs (https://framerusercontent.com/sites/3FdLP5MPzwKsQAwlvyLIpe/react.CAnmqD_l.mjs:8:37046)
    at Ls (https://framerusercontent.com/sites/3FdLP5MPzwKsQAwlvyLIpe/react.CAnmqD_l.mjs:8:32130)
    at wt (https://framerusercontent.com/sites/3FdLP5MPzwKsQAwlvyLIpe/react.CAnmqD_l.mjs:1:10656)
    at MessagePort.Et (https://framerusercontent.com/sites/3FdLP5MPzwKsQAwlvyLIpe/react.CAnmqD_l.mjs:1:11011) 
    at div
    at s (https://framerusercontent.com/sites/3FdLP5MPzwKsQAwlvyLIpe/motion.D9EjL7gc.mjs:9:5741)
    at div
    at s (https://framerusercontent.com/sites/3FdLP5MPzwKsQAwlvyLIpe/motion.D9EjL7gc.mjs:9:5741)
    at cf (https://framerusercontent.com/sites/3FdLP5MPzwKsQAwlvyLIpe/motion.D9EjL7gc.mjs:9:71319)
    at https://framerusercontent.com/sites/3FdLP5MPzwKsQAwlvyLIpe/shared-lib.DDoI-WXY.mjs:11:16580
    at https://framerusercontent.com/sites/3FdLP5MPzwKsQAwlvyLIpe/framer.CUVxohPF.mjs:83:56673
    at V (https://framerusercontent.com/sites/3FdLP5MPzwKsQAwlvyLIpe/script_main.iYPYXHh-.mjs:1:468)
    at qf (https://framerusercontent.com/sites/3FdLP5MPzwKsQAwlvyLIpe/framer.CUVxohPF.mjs:54:9457)
    at Lb (https://framerusercontent.com/sites/3FdLP5MPzwKsQAwlvyLIpe/framer.CUVxohPF.mjs:83:6220)
    at Suspense
    at nu (https://framerusercontent.com/sites/3FdLP5MPzwKsQAwlvyLIpe/framer.CUVxohPF.mjs:49:73498)
    at hT (https://framerusercontent.com/sites/3FdLP5MPzwKsQAwlvyLIpe/framer.CUVxohPF.mjs:921:26601)
    at ef (https://framerusercontent.com/sites/3FdLP5MPzwKsQAwlvyLIpe/framer.CUVxohPF.mjs:52:14464)
    at li (https://framerusercontent.com/sites/3FdLP5MPzwKsQAwlvyLIpe/framer.CUVxohPF.mjs:49:7331)
    at https://framerusercontent.com/sites/3FdLP5MPzwKsQAwlvyLIpe/framer.CUVxohPF.mjs:928:2407
    at https://framerusercontent.com/sites/3FdLP5MPzwKsQAwlvyLIpe/framer.CUVxohPF.mjs:83:56673
    at It (https://framerusercontent.com/sites/3FdLP5MPzwKsQAwlvyLIpe/framer.CUVxohPF.mjs:3:3254)
    at Kf (https://framerusercontent.com/sites/3FdLP5MPzwKsQAwlvyLIpe/framer.CUVxohPF.mjs:54:3067)
    at Df (https://framerusercontent.com/sites/3FdLP5MPzwKsQAwlvyLIpe/framer.CUVxohPF.mjs:52:19339)
    at sD (https://framerusercontent.com/sites/3FdLP5MPzwKsQAwlvyLIpe/framer.CUVxohPF.mjs:928:16759)
    at rp (https://framerusercontent.com/sites/3FdLP5MPzwKsQAwlvyLIpe/framer.CUVxohPF.mjs:54:11199)
    at Tn (https://framerusercontent.com/sites/3FdLP5MPzwKsQAwlvyLIpe/framer.CUVxohPF.mjs:7:9179)
    at ca (https://framerusercontent.com/sites/3FdLP5MPzwKsQAwlvyLIpe/motion.D9EjL7gc.mjs:9:1422)
    at ti (https://framerusercontent.com/sites/3FdLP5MPzwKsQAwlvyLIpe/framer.CUVxohPF.mjs:49:6757)
    at ip (https://framerusercontent.com/sites/3FdLP5MPzwKsQAwlvyLIpe/framer.CUVxohPF.mjs:54:11290)
    at YT (https://framerusercontent.com/sites/3FdLP5MPzwKsQAwlvyLIpe/framer.CUVxohPF.mjs:928:6084)
    at fr (https://framerusercontent.com/sites/3FdLP5MPzwKsQAwlvyLIpe/framer.CUVxohPF.mjs:7:16545) @ https://framerusercontent.com/sites/3FdLP5MPzwKsQAwlvyLIpe/script_main.iYPYXHh-.mjs:0
[ 1893498ms] [WARNING] Caught a recoverable error. The site is still functional, but might have some UI flickering or degraded page load performance. If you are the author of this website, update external components and check recently added custom code or code overrides to fix the following server/client mismatches:
 Error: Minified React error #418; visit https://reactjs.org/docs/error-decoder.html?invariant=418 for the full message or use the non-minified dev environment for full errors and additional helpful warnings.
    at da (https://framerusercontent.com/sites/3FdLP5MPzwKsQAwlvyLIpe/react.CAnmqD_l.mjs:6:4116)
    at sp (https://framerusercontent.com/sites/3FdLP5MPzwKsQAwlvyLIpe/react.CAnmqD_l.mjs:8:68259)
    at $s (https://framerusercontent.com/sites/3FdLP5MPzwKsQAwlvyLIpe/react.CAnmqD_l.mjs:8:37073)
    at Qs (https://framerusercontent.com/sites/3FdLP5MPzwKsQAwlvyLIpe/react.CAnmqD_l.mjs:8:37046)
    at Ls (https://framerusercontent.com/sites/3FdLP5MPzwKsQAwlvyLIpe/react.CAnmqD_l.mjs:8:32130)
    at wt (https://framerusercontent.com/sites/3FdLP5MPzwKsQAwlvyLIpe/react.CAnmqD_l.mjs:1:10656)
    at MessagePort.Et (https://framerusercontent.com/sites/3FdLP5MPzwKsQAwlvyLIpe/react.CAnmqD_l.mjs:1:11011) 
    at div
    at cf (https://framerusercontent.com/sites/3FdLP5MPzwKsQAwlvyLIpe/motion.D9EjL7gc.mjs:9:71319)
    at https://framerusercontent.com/sites/3FdLP5MPzwKsQAwlvyLIpe/shared-lib.DDoI-WXY.mjs:11:16580
    at https://framerusercontent.com/sites/3FdLP5MPzwKsQAwlvyLIpe/framer.CUVxohPF.mjs:83:56673
    at V (https://framerusercontent.com/sites/3FdLP5MPzwKsQAwlvyLIpe/script_main.iYPYXHh-.mjs:1:468)
    at qf (https://framerusercontent.com/sites/3FdLP5MPzwKsQAwlvyLIpe/framer.CUVxohPF.mjs:54:9457)
    at Lb (https://framerusercontent.com/sites/3FdLP5MPzwKsQAwlvyLIpe/framer.CUVxohPF.mjs:83:6220)
    at Suspense
    at nu (https://framerusercontent.com/sites/3FdLP5MPzwKsQAwlvyLIpe/framer.CUVxohPF.mjs:49:73498)
    at hT (https://framerusercontent.com/sites/3FdLP5MPzwKsQAwlvyLIpe/framer.CUVxohPF.mjs:921:26601)
    at ef (https://framerusercontent.com/sites/3FdLP5MPzwKsQAwlvyLIpe/framer.CUVxohPF.mjs:52:14464)
    at li (https://framerusercontent.com/sites/3FdLP5MPzwKsQAwlvyLIpe/framer.CUVxohPF.mjs:49:7331)
    at https://framerusercontent.com/sites/3FdLP5MPzwKsQAwlvyLIpe/framer.CUVxohPF.mjs:928:2407
    at https://framerusercontent.com/sites/3FdLP5MPzwKsQAwlvyLIpe/framer.CUVxohPF.mjs:83:56673
    at It (https://framerusercontent.com/sites/3FdLP5MPzwKsQAwlvyLIpe/framer.CUVxohPF.mjs:3:3254)
    at Kf (https://framerusercontent.com/sites/3FdLP5MPzwKsQAwlvyLIpe/framer.CUVxohPF.mjs:54:3067)
    at Df (https://framerusercontent.com/sites/3FdLP5MPzwKsQAwlvyLIpe/framer.CUVxohPF.mjs:52:19339)
    at sD (https://framerusercontent.com/sites/3FdLP5MPzwKsQAwlvyLIpe/framer.CUVxohPF.mjs:928:16759)
    at rp (https://framerusercontent.com/sites/3FdLP5MPzwKsQAwlvyLIpe/framer.CUVxohPF.mjs:54:11199)
    at Tn (https://framerusercontent.com/sites/3FdLP5MPzwKsQAwlvyLIpe/framer.CUVxohPF.mjs:7:9179)
    at ca (https://framerusercontent.com/sites/3FdLP5MPzwKsQAwlvyLIpe/motion.D9EjL7gc.mjs:9:1422)
    at ti (https://framerusercontent.com/sites/3FdLP5MPzwKsQAwlvyLIpe/framer.CUVxohPF.mjs:49:6757)
    at ip (https://framerusercontent.com/sites/3FdLP5MPzwKsQAwlvyLIpe/framer.CUVxohPF.mjs:54:11290)
    at YT (https://framerusercontent.com/sites/3FdLP5MPzwKsQAwlvyLIpe/framer.CUVxohPF.mjs:928:6084)
    at fr (https://framerusercontent.com/sites/3FdLP5MPzwKsQAwlvyLIpe/framer.CUVxohPF.mjs:7:16545) @ https://framerusercontent.com/sites/3FdLP5MPzwKsQAwlvyLIpe/script_main.iYPYXHh-.mjs:0
[ 1893498ms] [WARNING] Caught a recoverable error. The site is still functional, but might have some UI flickering or degraded page load performance. If you are the author of this website, update external components and check recently added custom code or code overrides to fix the following server/client mismatches:
 Error: Minified React error #422; visit https://reactjs.org/docs/error-decoder.html?invariant=422 for the full message or use the non-minified dev environment for full errors and additional helpful warnings.
    at ns (https://framerusercontent.com/sites/3FdLP5MPzwKsQAwlvyLIpe/react.CAnmqD_l.mjs:8:8255)
    at $o (https://framerusercontent.com/sites/3FdLP5MPzwKsQAwlvyLIpe/react.CAnmqD_l.mjs:8:7196)
    at sp (https://framerusercontent.com/sites/3FdLP5MPzwKsQAwlvyLIpe/react.CAnmqD_l.mjs:8:68461)
    at $s (https://framerusercontent.com/sites/3FdLP5MPzwKsQAwlvyLIpe/react.CAnmqD_l.mjs:8:37073)
    at Qs (https://framerusercontent.com/sites/3FdLP5MPzwKsQAwlvyLIpe/react.CAnmqD_l.mjs:8:37046)
    at Ls (https://framerusercontent.com/sites/3FdLP5MPzwKsQAwlvyLIpe/react.CAnmqD_l.mjs:8:32130)
    at wt (https://framerusercontent.com/sites/3FdLP5MPzwKsQAwlvyLIpe/react.CAnmqD_l.mjs:1:10656)
    at MessagePort.Et (https://framerusercontent.com/sites/3FdLP5MPzwKsQAwlvyLIpe/react.CAnmqD_l.mjs:1:11011) null @ https://framerusercontent.com/sites/3FdLP5MPzwKsQAwlvyLIpe/script_main.iYPYXHh-.mjs:0
[ 1893628ms] [WARNING] [dotLottie-common]: seek() Can't use whilst loading. @ https://framerusercontent.com/sites/3FdLP5MPzwKsQAwlvyLIpe/shared-lib.DDoI-WXY.mjs:182
[ 1893628ms] [WARNING] [dotLottie-common]: Player unable to play whilst loading. @ https://framerusercontent.com/sites/3FdLP5MPzwKsQAwlvyLIpe/shared-lib.DDoI-WXY.mjs:182
[ 1893629ms] [WARNING] [dotLottie-common]: seek() Can't use whilst loading. @ https://framerusercontent.com/sites/3FdLP5MPzwKsQAwlvyLIpe/shared-lib.DDoI-WXY.mjs:182
[ 1893629ms] [WARNING] [dotLottie-common]: Player unable to play whilst loading. @ https://framerusercontent.com/sites/3FdLP5MPzwKsQAwlvyLIpe/shared-lib.DDoI-WXY.mjs:182
[ 1893629ms] [WARNING] [dotLottie-common]: seek() Can't use whilst loading. @ https://framerusercontent.com/sites/3FdLP5MPzwKsQAwlvyLIpe/shared-lib.DDoI-WXY.mjs:182
[ 1893629ms] [WARNING] [dotLottie-common]: Player unable to play whilst loading. @ https://framerusercontent.com/sites/3FdLP5MPzwKsQAwlvyLIpe/shared-lib.DDoI-WXY.mjs:182
[ 1893629ms] [WARNING] [dotLottie-common]: seek() Can't use whilst loading. @ https://framerusercontent.com/sites/3FdLP5MPzwKsQAwlvyLIpe/shared-lib.DDoI-WXY.mjs:182
[ 1893629ms] [WARNING] [dotLottie-common]: Player unable to play whilst loading. @ https://framerusercontent.com/sites/3FdLP5MPzwKsQAwlvyLIpe/shared-lib.DDoI-WXY.mjs:182
[ 1893629ms] [WARNING] [dotLottie-common]: seek() Can't use whilst loading. @ https://framerusercontent.com/sites/3FdLP5MPzwKsQAwlvyLIpe/shared-lib.DDoI-WXY.mjs:182
[ 1893629ms] [WARNING] [dotLottie-common]: Player unable to play whilst loading. @ https://framerusercontent.com/sites/3FdLP5MPzwKsQAwlvyLIpe/shared-lib.DDoI-WXY.mjs:182
[ 1895628ms] [LOG] [Framer On-Page Editing] Unavailable because not on a `framer.app` subdomain and access status is no-auth @ https://app.framerstatic.com/editorbar.O3BE3TN6.mjs:0
